mmsi,timestamp,lat,lon,sog_knots,cog_deg,trip_id,event_label,distance_to_imbl_km
419000000,2026-01-01T05:10:00,8.7496,78.20698,7.76,113.8,trip_000,transit,91.731
419000000,2026-01-01T05:20:00,8.73313,78.22213,8.0,137.5,trip_000,transit,89.341
419000000,2026-01-01T05:30:00,8.71528,78.23173,7.26,151.8,trip_000,transit,87.018
419000000,2026-01-01T05:40:00,8.69848,78.24174,7.0,149.4,trip_000,transit,85.18
419000000,2026-01-01T05:50:00,8.67841,78.24504,7.29,170.7,trip_000,transit,83.372
419000000,2026-01-01T06:00:00,8.65853,78.24265,7.17,186.8,trip_000,transit,82.1
419000000,2026-01-01T06:10:00,8.63836,78.24506,7.28,173.2,trip_000,transit,81.455
419000000,2026-01-01T06:20:00,8.61891,78.25572,7.94,151.4,trip_000,transit,80.361
419000000,2026-01-01T06:30:00,8.59821,78.26414,8.0,158.0,trip_000,transit,78.494
419000000,2026-01-01T06:40:00,8.57874,78.27511,8.0,150.7,trip_000,transit,76.847
419000000,2026-01-01T06:50:00,8.55673,78.27887,8.0,170.4,trip_000,normal_fishing,75.018
419000000,2026-01-01T07:00:00,8.53665,78.28824,7.93,155.1,trip_000,normal_fishing,73.909
419000000,2026-01-01T07:10:00,8.52305,78.30326,7.24,132.3,trip_000,normal_fishing,72.323
419000000,2026-01-01T07:20:00,8.50618,78.31678,7.73,141.4,trip_000,normal_fishing,70.349
419000000,2026-01-01T07:30:00,8.4863,78.3222,7.38,164.8,trip_000,normal_fishing,68.472
419000000,2026-01-01T07:40:00,8.46731,78.32978,7.32,158.3,trip_000,normal_fishing,67.438
419000000,2026-01-01T07:50:00,8.45267,78.34094,6.58,142.8,trip_000,normal_fishing,66.246
419000000,2026-01-01T08:00:00,8.43947,78.35145,6.04,141.6,trip_000,normal_fishing,64.767
419000000,2026-01-01T08:10:00,8.42518,78.35971,5.91,150.1,trip_000,normal_fishing,63.384
419000000,2026-01-01T08:20:00,8.40804,78.36378,6.31,166.7,trip_000,normal_fishing,62.225
419000000,2026-01-01T08:30:00,8.39007,78.37131,6.98,157.3,trip_000,normal_fishing,61.469
419000000,2026-01-01T08:40:00,8.37139,78.37376,6.75,172.6,trip_000,normal_fishing,60.322
419000000,2026-01-01T08:50:00,8.35251,78.37993,7.12,162.0,trip_000,normal_fishing,59.714
419000000,2026-01-01T09:00:00,8.3378,78.39067,6.52,144.0,trip_000,normal_fishing,58.698
419000000,2026-01-01T09:10:00,8.32811,78.40798,7.09,119.3,trip_000,normal_fishing,57.262
419000000,2026-01-01T09:20:00,8.31534,78.42464,7.5,127.6,trip_000,normal_fishing,55.203
419000000,2026-01-01T09:30:00,8.29912,78.43754,7.42,141.6,trip_000,normal_fishing,53.16
419000000,2026-01-01T09:40:00,8.2838,78.44829,6.7,145.1,trip_000,normal_fishing,51.461
419000000,2026-01-01T09:50:00,8.27232,78.46427,7.03,125.8,trip_000,normal_fishing,49.988
419000000,2026-01-01T10:00:00,8.26104,78.48085,7.16,124.3,trip_000,normal_fishing,47.999
419000000,2026-01-01T10:10:00,8.24572,78.49489,7.43,137.6,trip_000,normal_fishing,45.952
419000000,2026-01-01T10:20:00,8.22951,78.50842,7.55,140.3,trip_000,normal_fishing,44.083
419000000,2026-01-01T10:30:00,8.21754,78.52251,6.61,130.5,trip_000,normal_fishing,42.25
419000000,2026-01-01T10:40:00,8.20732,78.53598,6.04,127.3,trip_000,normal_fishing,40.453
419000000,2026-01-01T10:50:00,8.19713,78.55188,6.75,122.7,trip_000,normal_fishing,38.764
419000000,2026-01-01T11:00:00,8.19169,78.56738,5.87,109.4,trip_000,normal_fishing,36.814
419000000,2026-01-01T11:10:00,8.18944,78.58249,5.45,98.5,trip_000,normal_fishing,35.018
419000000,2026-01-01T11:20:00,8.185,78.59743,5.57,106.6,trip_000,normal_fishing,33.338
419000000,2026-01-01T11:30:00,8.17658,78.61162,5.9,120.8,trip_000,normal_fishing,31.625
419000000,2026-01-01T11:40:00,8.16857,78.62803,6.52,116.1,trip_000,normal_fishing,29.9
419000000,2026-01-01T11:50:00,8.16602,78.64342,5.57,99.5,trip_000,normal_fishing,27.946
419000000,2026-01-01T12:00:00,8.16923,78.65995,6.01,79.0,trip_000,normal_fishing,26.229
419000000,2026-01-01T12:10:00,8.17257,78.67452,5.34,77.0,trip_000,normal_fishing,24.523
419000000,2026-01-01T12:20:00,8.17546,78.68719,4.64,77.1,trip_000,normal_fishing,23.031
419000000,2026-01-01T12:30:00,8.17614,78.69987,4.53,86.9,trip_000,normal_fishing,21.734
419000000,2026-01-01T12:40:00,8.17796,78.71132,4.14,81.0,trip_000,normal_fishing,20.383
419000000,2026-01-01T12:50:00,8.17843,78.72212,3.86,87.5,trip_000,normal_fishing,19.193
419000000,2026-01-01T13:00:00,8.18183,78.73009,3.1,66.9,trip_000,normal_fishing,18.04
419000000,2026-01-01T13:10:00,8.18183,78.74106,3.91,90.0,trip_000,normal_fishing,17.26
419000000,2026-01-01T13:20:00,8.18017,78.75056,3.45,99.9,trip_000,normal_fishing,16.08
419000000,2026-01-01T13:30:00,8.17402,78.75992,4.0,123.4,trip_000,normal_fishing,15.017
419000000,2026-01-01T13:40:00,8.16643,78.76775,3.9,134.2,trip_000,normal_fishing,13.866
419000000,2026-01-01T13:50:00,8.16174,78.77503,3.09,122.9,trip_000,normal_fishing,12.845
419000000,2026-01-01T14:00:00,8.15504,78.7801,3.01,143.0,trip_000,normal_fishing,11.952
419000000,2026-01-01T14:10:00,8.15053,78.78587,2.62,128.1,trip_000,normal_fishing,11.249
419000000,2026-01-01T14:20:00,8.14685,78.78996,1.97,132.1,trip_000,normal_fishing,10.523
419000000,2026-01-01T14:30:00,8.14084,78.79346,2.49,149.9,trip_000,normal_fishing,9.995
419000000,2026-01-01T14:40:00,8.13464,78.79562,2.35,160.9,trip_000,normal_fishing,9.479
419000000,2026-01-01T14:50:00,8.12778,78.79718,2.52,167.2,trip_000,normal_fishing,9.101
419000000,2026-01-01T15:00:00,8.12308,78.79761,1.69,174.7,trip_000,normal_fishing,8.773
419000000,2026-01-01T15:10:00,8.11895,78.7983,1.5,170.5,trip_000,normal_fishing,8.617
419000000,2026-01-01T15:20:00,8.11483,78.79902,1.5,170.2,trip_000,normal_fishing,8.446
419000000,2026-01-01T15:30:00,8.11111,78.80096,1.5,152.4,trip_000,normal_fishing,8.273
419000000,2026-01-01T15:40:00,8.10727,78.80261,1.5,156.8,trip_000,normal_fishing,7.977
419000000,2026-01-01T15:50:00,8.10263,78.80277,1.66,178.1,trip_000,normal_fishing,7.709
419000000,2026-01-01T16:00:00,8.09756,78.80363,1.84,170.4,trip_000,normal_fishing,7.584
419000000,2026-01-01T16:10:00,8.09112,78.80789,2.76,146.6,trip_000,normal_fishing,7.373
419000000,2026-01-01T16:20:00,8.08346,78.81314,3.33,145.7,trip_000,normal_fishing,6.764
419000000,2026-01-01T16:30:00,8.0782,78.82073,3.3,124.8,trip_000,normal_fishing,6.019
419000000,2026-01-01T16:40:00,8.07162,78.83038,4.18,124.4,trip_000,normal_fishing,5.079
419000000,2026-01-01T16:50:00,8.06455,78.83949,4.12,127.9,trip_000,normal_fishing,3.885
419000000,2026-01-01T17:00:00,8.06923,78.82998,3.79,296.3,trip_000,normal_fishing,2.739
419000000,2026-01-01T17:10:00,8.07392,78.82087,3.66,297.3,trip_000,normal_fishing,3.873
419000000,2026-01-01T17:20:00,8.07463,78.8088,4.32,273.4,trip_000,normal_fishing,4.964
419000000,2026-01-01T17:30:00,8.07859,78.79954,3.6,293.2,trip_000,normal_fishing,6.281
419000000,2026-01-01T17:40:00,8.08202,78.79246,2.81,295.9,trip_000,normal_fishing,7.37
419000000,2026-01-01T17:50:00,8.08578,78.78698,2.38,304.5,trip_000,normal_fishing,8.214
419000000,2026-01-01T18:00:00,8.09112,78.78113,2.83,312.5,trip_000,normal_fishing,8.892
419000000,2026-01-01T18:10:00,8.09585,78.77792,2.05,325.9,trip_000,normal_fishing,9.647
419000000,2026-01-01T18:20:00,8.09994,78.77695,1.51,346.7,trip_000,normal_fishing,10.103
419000000,2026-01-01T18:30:00,8.10357,78.77427,1.62,323.6,trip_000,normal_fishing,10.302
419000000,2026-01-01T18:40:00,8.10822,78.76993,2.28,317.1,trip_000,normal_fishing,10.676
419000000,2026-01-01T18:50:00,8.11295,78.76747,1.91,332.6,trip_000,normal_fishing,11.252
419000000,2026-01-01T19:00:00,8.11712,78.76712,1.5,355.2,trip_000,normal_fishing,11.628
419000000,2026-01-01T19:10:00,8.1213,78.76682,1.5,356.0,trip_000,normal_fishing,11.763
419000000,2026-01-01T19:20:00,8.12529,78.7681,1.5,17.8,trip_000,normal_fishing,11.892
419000000,2026-01-01T19:30:00,8.12946,78.76774,1.5,355.0,trip_000,normal_fishing,11.847
419000000,2026-01-01T19:40:00,8.13546,78.76989,2.28,19.6,trip_000,normal_fishing,11.984
419000000,2026-01-01T19:50:00,8.14271,78.77444,3.06,32.1,trip_000,normal_fishing,11.893
419000000,2026-01-01T20:00:00,8.14807,78.78126,3.1,51.7,trip_000,normal_fishing,11.571
419000000,2026-01-01T20:10:00,8.15557,78.78817,3.65,42.5,trip_000,normal_fishing,10.961
419000000,2026-01-01T20:20:00,8.16159,78.79551,3.39,50.6,trip_000,normal_fishing,10.392
419000000,2026-01-01T20:30:00,8.17095,78.80101,3.89,30.3,trip_000,normal_fishing,9.741
419000000,2026-01-01T20:40:00,8.18356,78.80523,4.76,18.5,trip_000,normal_fishing,9.368
419000000,2026-01-01T20:50:00,8.19469,78.80631,4.01,5.5,trip_000,normal_fishing,9.207
419000000,2026-01-01T21:00:00,8.20326,78.8098,3.31,22.1,trip_000,normal_fishing,9.351
419000000,2026-01-01T21:10:00,8.213,78.81083,3.51,6.0,trip_000,normal_fishing,9.175
419000000,2026-01-01T21:20:00,8.22037,78.81423,2.9,24.7,trip_000,normal_fishing,9.292
419000000,2026-01-01T21:30:00,8.22968,78.81679,3.46,15.3,trip_000,normal_fishing,9.089
419000000,2026-01-01T21:40:00,8.2372,78.82287,3.46,38.9,trip_000,normal_fishing,8.983
419000000,2026-01-01T21:50:00,8.24369,78.82537,2.49,21.1,trip_000,normal_fishing,8.461
419000000,2026-01-01T22:00:00,8.24854,78.82602,1.75,7.5,trip_000,normal_fishing,8.309
419000000,2026-01-01T22:10:00,8.25255,78.82721,1.5,16.4,trip_000,normal_fishing,8.328
419000000,2026-01-01T22:20:00,8.2576,78.82873,1.89,16.7,trip_000,normal_fishing,8.273
419000000,2026-01-01T22:30:00,8.26151,78.83022,1.5,20.8,trip_000,normal_fishing,8.201
419000000,2026-01-01T22:40:00,8.26587,78.8334,1.93,36.0,trip_000,normal_fishing,8.111
419000000,2026-01-01T22:50:00,8.26868,78.83652,1.5,47.9,trip_000,normal_fishing,7.846
419000000,2026-01-01T23:00:00,8.27442,78.83973,2.36,29.1,trip_000,normal_fishing,7.559
419000000,2026-01-01T23:10:00,8.27941,78.84196,1.96,24.0,trip_000,normal_fishing,7.316
419000000,2026-01-01T23:20:00,8.28525,78.84451,2.28,23.4,trip_000,normal_fishing,7.166
419000000,2026-01-01T23:30:00,8.28884,78.84826,1.86,46.2,trip_000,normal_fishing,6.997
419000000,2026-01-01T23:40:00,8.29044,78.85214,1.5,67.5,trip_000,normal_fishing,6.656
419000000,2026-01-01T23:50:00,8.29211,78.8568,1.77,70.2,trip_000,normal_fishing,6.264
419000000,2026-01-02T00:00:00,8.29477,78.86005,1.5,50.5,trip_000,normal_fishing,5.788
419000000,2026-01-02T00:10:00,8.29945,78.86499,2.43,46.5,trip_000,normal_fishing,5.485
419000000,2026-01-02T00:20:00,8.30521,78.8722,3.3,51.3,trip_000,normal_fishing,5.034
419000000,2026-01-02T00:30:00,8.30881,78.88051,3.23,66.5,trip_000,normal_fishing,4.357
419000000,2026-01-02T00:40:00,8.30983,78.88678,2.27,80.7,trip_000,normal_fishing,3.522
419000000,2026-01-02T00:50:00,8.30589,78.87959,2.93,241.2,trip_000,normal_fishing,2.859
419000000,2026-01-02T01:00:00,8.30428,78.87309,2.39,256.0,trip_000,normal_fishing,3.567
419000000,2026-01-02T01:10:00,8.30271,78.86596,2.61,257.6,trip_000,normal_fishing,4.244
419000000,2026-01-02T01:20:00,8.30353,78.85812,2.81,276.0,trip_000,normal_fishing,4.989
419000000,2026-01-02T01:30:00,8.30372,78.85095,2.56,271.6,trip_000,normal_fishing,5.855
419000000,2026-01-02T01:40:00,8.30343,78.84294,2.86,267.9,trip_000,normal_fishing,6.638
419000000,2026-01-02T01:50:00,8.30559,78.83548,2.77,286.3,trip_000,normal_fishing,7.503
419000000,2026-01-02T02:00:00,8.30599,78.8292,2.24,273.6,trip_000,normal_fishing,8.353
419000000,2026-01-02T02:10:00,8.30819,78.82145,2.88,285.9,trip_000,normal_fishing,9.042
419000000,2026-01-02T02:20:00,8.30782,78.81583,2.01,266.2,trip_000,normal_fishing,9.925
419000000,2026-01-02T02:30:00,8.30789,78.81163,1.5,270.9,trip_000,normal_fishing,10.529
419000000,2026-01-02T02:40:00,8.30913,78.80761,1.5,287.2,trip_000,normal_fishing,10.986
419000000,2026-01-02T02:50:00,8.30905,78.80105,2.34,269.4,trip_000,normal_fishing,11.445
419000000,2026-01-02T03:00:00,8.30746,78.79594,1.91,252.6,trip_000,normal_fishing,12.157
419000000,2026-01-02T03:10:00,8.30508,78.79248,1.5,235.3,trip_000,normal_fishing,12.682
419000000,2026-01-02T03:20:00,8.3015,78.79029,1.5,211.4,trip_000,normal_fishing,13.014
419000000,2026-01-02T03:30:00,8.29746,78.7892,1.5,195.1,trip_000,normal_fishing,13.186
419000000,2026-01-02T03:40:00,8.29257,78.78744,1.86,199.7,trip_000,normal_fishing,13.23
419000000,2026-01-02T03:50:00,8.28851,78.7864,1.5,194.3,trip_000,normal_fishing,13.331
419000000,2026-01-02T04:00:00,8.28244,78.78482,2.25,194.6,trip_000,normal_fishing,13.369
419000000,2026-01-02T04:10:00,8.27889,78.78258,1.5,212.1,trip_000,normal_fishing,13.429
419000000,2026-01-02T04:20:00,8.27487,78.78141,1.5,196.2,trip_000,normal_fishing,13.606
419000000,2026-01-02T04:30:00,8.2703,78.78112,1.64,183.7,trip_000,normal_fishing,13.66
419000000,2026-01-02T04:40:00,8.26611,78.78115,1.5,179.5,trip_000,normal_fishing,13.607
419000000,2026-01-02T04:50:00,8.26182,78.78167,1.55,173.2,trip_000,normal_fishing,13.526
419000000,2026-01-02T05:00:00,8.2563,78.78446,2.21,153.2,trip_000,normal_fishing,13.391
419000000,2026-01-02T05:10:00,8.25071,78.79096,3.06,130.8,trip_000,normal_fishing,12.986
419000000,2026-01-02T05:20:00,8.24699,78.80078,3.75,110.8,trip_000,normal_fishing,12.177
419000000,2026-01-02T05:30:00,8.23838,78.81075,4.71,130.9,trip_000,normal_fishing,11.041
419000000,2026-01-02T05:40:00,8.22618,78.819,5.27,146.0,trip_000,normal_fishing,9.8
419000000,2026-01-02T05:50:00,8.21167,78.82637,5.83,153.2,trip_000,normal_fishing,8.679
419000000,2026-01-02T06:00:00,8.20005,78.83808,5.9,134.9,trip_000,normal_fishing,7.587
419000000,2026-01-02T06:10:00,8.18686,78.85104,6.61,135.6,trip_000,normal_fishing,6.054
419000000,2026-01-02T06:20:00,8.17454,78.86396,6.38,133.7,trip_000,normal_fishing,4.35
419000001,2026-01-01T06:10:00,8.75969,78.20453,6.25,85.5,trip_001,transit,91.731
419000001,2026-01-01T06:20:00,8.76481,78.22052,5.99,72.2,trip_001,transit,90.106
419000001,2026-01-01T06:30:00,8.77134,78.23493,5.64,65.5,trip_001,transit,88.84
419000001,2026-01-01T06:40:00,8.77987,78.24946,6.01,59.5,trip_001,transit,87.825
419000001,2026-01-01T06:50:00,8.79245,78.26417,6.91,49.3,trip_001,transit,86.936
419000001,2026-01-01T07:00:00,8.79897,78.2823,6.87,70.1,trip_001,transit,86.303
419000001,2026-01-01T07:10:00,8.80821,78.29943,6.94,61.5,trip_001,transit,85.031
419000001,2026-01-01T07:20:00,8.81208,78.3194,7.25,79.0,trip_001,transit,84.057
419000001,2026-01-01T07:30:00,8.81059,78.33987,7.32,94.2,trip_001,transit,82.524
419000001,2026-01-01T07:40:00,8.80697,78.35886,6.89,100.8,trip_001,transit,80.62
419000001,2026-01-01T07:50:00,8.80022,78.37517,6.3,112.6,trip_001,normal_fishing,78.718
419000001,2026-01-01T08:00:00,8.78975,78.39181,7.02,122.3,trip_001,normal_fishing,76.845
419000001,2026-01-01T08:10:00,8.78488,78.41155,7.25,103.9,trip_001,normal_fishing,74.691
419000001,2026-01-01T08:20:00,8.78725,78.43301,7.7,83.7,trip_001,normal_fishing,72.66
419000001,2026-01-01T08:30:00,8.79742,78.45299,8.0,62.9,trip_001,normal_fishing,71.013
419000001,2026-01-01T08:40:00,8.81327,78.4688,8.0,44.8,trip_001,normal_fishing,70.109
419000001,2026-01-01T08:50:00,8.82449,78.48821,8.0,59.8,trip_001,normal_fishing,70.049
419000001,2026-01-01T09:00:00,8.83066,78.50978,8.0,73.9,trip_001,normal_fishing,69.429
419000001,2026-01-01T09:10:00,8.82838,78.53072,7.51,96.3,trip_001,normal_fishing,68.263
419000001,2026-01-01T09:20:00,8.82489,78.54918,6.7,100.8,trip_001,normal_fishing,66.475
419000001,2026-01-01T09:30:00,8.82009,78.56542,6.04,106.6,trip_001,normal_fishing,64.781
419000001,2026-01-01T09:40:00,8.81424,78.58174,6.18,109.8,trip_001,normal_fishing,63.154
419000001,2026-01-01T09:50:00,8.80883,78.59835,6.23,108.1,trip_001,normal_fishing,61.438
419000001,2026-01-01T10:00:00,8.79893,78.61472,6.83,121.3,trip_001,normal_fishing,59.734
419000001,2026-01-01T10:10:00,8.78886,78.63164,7.03,120.9,trip_001,normal_fishing,57.693
419000001,2026-01-01T10:20:00,8.77498,78.64235,6.27,142.5,trip_001,normal_fishing,55.597
419000001,2026-01-01T10:30:00,8.76664,78.6551,5.44,123.3,trip_001,normal_fishing,53.676
419000001,2026-01-01T10:40:00,8.75693,78.66624,5.28,131.2,trip_001,normal_fishing,52.035
419000001,2026-01-01T10:50:00,8.74409,78.6753,5.62,144.9,trip_001,normal_fishing,50.411
419000001,2026-01-01T11:00:00,8.73107,78.68767,6.42,136.6,trip_001,normal_fishing,48.698
419000001,2026-01-01T11:10:00,8.7167,78.69609,5.96,149.7,trip_001,normal_fishing,46.717
419000001,2026-01-01T11:20:00,8.70425,78.70553,5.59,143.0,trip_001,normal_fishing,44.931
419000001,2026-01-01T11:30:00,8.69627,78.71664,4.88,125.8,trip_001,normal_fishing,43.22
419000001,2026-01-01T11:40:00,8.68505,78.72378,4.76,147.6,trip_001,normal_fishing,41.735
419000001,2026-01-01T11:50:00,8.6736,78.73283,5.22,141.8,trip_001,normal_fishing,40.297
419000001,2026-01-01T12:00:00,8.65977,78.74276,6.09,144.5,trip_001,normal_fishing,38.695
419000001,2026-01-01T12:10:00,8.64406,78.74899,6.05,158.5,trip_001,normal_fishing,36.836
419000001,2026-01-01T12:20:00,8.6267,78.75814,7.02,152.3,trip_001,normal_fishing,35.113
419000001,2026-01-01T12:30:00,8.60553,78.76457,7.93,163.2,trip_001,normal_fishing,33.035
419000001,2026-01-01T12:40:00,8.58744,78.77773,8.0,144.1,trip_001,normal_fishing,30.863
419000001,2026-01-01T12:50:00,8.56977,78.78759,7.24,151.0,trip_001,normal_fishing,28.419
419000001,2026-01-01T13:00:00,8.55045,78.79649,7.62,155.4,trip_001,normal_fishing,26.261
419000001,2026-01-01T13:10:00,8.53667,78.81241,7.52,131.0,trip_001,normal_fishing,24.046
419000001,2026-01-01T13:20:00,8.51997,78.8232,7.12,147.3,trip_001,normal_fishing,21.732
419000001,2026-01-01T13:30:00,8.50393,78.8344,7.0,145.2,trip_001,normal_fishing,19.579
419000001,2026-01-01T13:40:00,8.48839,78.84986,7.84,135.3,trip_001,normal_fishing,17.447
419000001,2026-01-01T13:50:00,8.47144,78.85995,7.06,149.3,trip_001,normal_fishing,15.029
419000001,2026-01-01T14:00:00,8.44974,78.86216,7.82,174.2,trip_001,normal_fishing,12.91
419000001,2026-01-01T14:10:00,8.42834,78.86857,8.0,163.4,trip_001,normal_fishing,11.019
419000001,2026-01-01T14:20:00,8.41035,78.88184,8.0,143.7,trip_001,normal_fishing,8.831
419000001,2026-01-01T14:30:00,8.39063,78.89237,8.0,152.0,trip_001,normal_fishing,6.387
419000001,2026-01-01T14:40:00,8.37583,78.90916,8.0,131.5,trip_001,normal_fishing,4.103
419000001,2026-01-01T14:50:00,8.38227,78.88921,7.48,288.0,trip_001,normal_fishing,1.689
419000001,2026-01-01T15:00:00,8.38232,78.86679,8.0,270.1,trip_001,normal_fishing,3.996
419000001,2026-01-01T15:10:00,8.37655,78.84513,8.0,255.0,trip_001,normal_fishing,6.375
419000001,2026-01-01T15:20:00,8.37409,78.82547,7.07,262.8,trip_001,normal_fishing,8.613
419000001,2026-01-01T15:30:00,8.36499,78.81077,6.18,238.1,trip_001,normal_fishing,10.704
419000001,2026-01-01T15:40:00,8.35652,78.79378,6.78,243.4,trip_001,normal_fishing,12.132
419000001,2026-01-01T15:50:00,8.3432,78.77765,7.48,230.3,trip_001,normal_fishing,13.821
419000001,2026-01-01T16:00:00,8.32352,78.76706,8.0,208.2,trip_001,normal_fishing,15.327
419000001,2026-01-01T16:10:00,8.30905,78.74999,8.0,229.6,trip_001,normal_fishing,16.115
419000001,2026-01-01T16:20:00,8.29772,78.73068,8.0,239.5,trip_001,normal_fishing,17.702
419000001,2026-01-01T16:30:00,8.28111,78.71834,7.4,216.5,trip_001,normal_fishing,19.592
419000001,2026-01-01T16:40:00,8.26141,78.71201,7.41,197.8,trip_001,normal_fishing,20.626
419000001,2026-01-01T16:50:00,8.24286,78.70125,7.67,210.0,trip_001,normal_fishing,20.951
419000001,2026-01-01T17:00:00,8.22971,78.68682,6.98,227.6,trip_001,normal_fishing,21.778
419000001,2026-01-01T17:10:00,8.22064,78.67147,6.37,239.3,trip_001,normal_fishing,23.038
419000001,2026-01-01T17:20:00,8.20792,78.65738,6.79,227.8,trip_001,normal_fishing,24.479
419000001,2026-01-01T17:30:00,8.20182,78.63871,7.01,251.8,trip_001,normal_fishing,25.701
419000001,2026-01-01T17:40:00,8.18871,78.62326,7.24,229.6,trip_001,normal_fishing,27.57
419000001,2026-01-01T17:50:00,8.16876,78.6132,8.0,206.7,trip_001,normal_fishing,28.928
419000001,2026-01-01T18:00:00,8.15242,78.60077,7.35,217.2,trip_001,normal_fishing,29.548
419000001,2026-01-01T18:10:00,8.13448,78.59535,6.71,196.8,trip_001,normal_fishing,30.507
419000001,2026-01-01T18:20:00,8.12046,78.58323,6.63,220.8,trip_001,normal_fishing,30.673
419000001,2026-01-01T18:30:00,8.1094,78.5674,6.9,235.0,trip_001,normal_fishing,31.653
419000001,2026-01-01T18:40:00,8.10039,78.55259,6.19,238.6,trip_001,normal_fishing,33.101
419000001,2026-01-01T18:50:00,8.09782,78.53657,5.8,260.9,trip_001,normal_fishing,34.486
419000001,2026-01-01T19:00:00,8.09625,78.51929,6.2,264.8,trip_001,normal_fishing,36.153
419000001,2026-01-01T19:10:00,8.09702,78.49948,7.08,272.2,trip_001,normal_fishing,37.978
419000001,2026-01-01T19:20:00,8.09179,78.48033,7.09,254.7,trip_001,normal_fishing,40.13
419000001,2026-01-01T19:30:00,8.08502,78.46181,7.04,249.9,trip_001,normal_fishing,42.073
419000001,2026-01-01T19:40:00,8.0739,78.44811,6.31,230.8,trip_001,normal_fishing,43.91
419000001,2026-01-01T19:50:00,8.06119,78.43751,5.92,219.7,trip_001,normal_fishing,45.128
419000001,2026-01-01T20:00:00,8.04735,78.42738,6.14,216.1,trip_001,normal_fishing,45.974
419000001,2026-01-01T20:10:00,8.03514,78.41601,5.97,222.9,trip_001,normal_fishing,46.745
419000001,2026-01-01T20:20:00,8.02331,78.40664,5.4,218.3,trip_001,normal_fishing,47.685
419000001,2026-01-01T20:30:00,8.01299,78.39708,5.03,222.7,trip_001,normal_fishing,48.42
419000001,2026-01-01T20:40:00,8.00018,78.39252,4.87,199.5,trip_001,normal_fishing,49.211
419000001,2026-01-01T20:50:00,7.98872,78.38874,4.32,198.2,trip_001,normal_fishing,49.404
419000001,2026-01-01T21:00:00,7.97718,78.3841,4.45,201.8,trip_001,normal_fishing,49.545
419000001,2026-01-01T21:10:00,7.96593,78.37706,4.75,211.9,trip_001,normal_fishing,49.777
419000001,2026-01-01T21:20:00,7.9565,78.36925,4.38,219.6,trip_001,normal_fishing,50.274
419000001,2026-01-01T21:30:00,7.94914,78.35911,4.48,233.9,trip_001,normal_fishing,50.897
419000001,2026-01-01T21:40:00,7.94074,78.34888,4.73,230.5,trip_001,normal_fishing,51.819
419000001,2026-01-01T21:50:00,7.93111,78.33971,4.76,223.5,trip_001,normal_fishing,52.726
419000001,2026-01-01T22:00:00,7.92234,78.32697,5.53,235.4,trip_001,normal_fishing,53.491
419000001,2026-01-01T22:10:00,7.91872,78.3119,5.54,256.4,trip_001,normal_fishing,54.661
419000001,2026-01-01T22:20:00,7.91499,78.29512,6.14,257.4,trip_001,normal_fishing,56.201
419000001,2026-01-01T22:30:00,7.90792,78.27742,6.81,248.2,trip_001,normal_fishing,57.923
419000001,2026-01-01T22:40:00,7.90157,78.26175,6.04,247.9,trip_001,normal_fishing,59.667
419000001,2026-01-01T22:50:00,7.88863,78.24809,6.73,226.5,trip_001,normal_fishing,61.209
419000001,2026-01-01T23:00:00,7.87263,78.24086,6.29,204.3,trip_001,normal_fishing,62.381
419000001,2026-01-01T23:10:00,7.85751,78.23652,5.64,196.0,trip_001,normal_fishing,62.789
419000001,2026-01-01T23:20:00,7.84054,78.23454,6.12,186.7,trip_001,normal_fishing,62.905
419000001,2026-01-01T23:30:00,7.82251,78.24027,6.78,162.4,trip_001,normal_fishing,62.725
419000001,2026-01-01T23:40:00,7.80432,78.2402,6.52,180.2,trip_001,normal_fishing,61.688
419000001,2026-01-01T23:50:00,7.78639,78.24573,6.72,162.9,trip_001,normal_fishing,61.272
419000001,2026-01-02T00:00:00,7.77184,78.25638,6.45,143.9,trip_001,normal_fishing,60.259
419000001,2026-01-02T00:10:00,7.75162,78.26113,7.44,166.8,trip_001,normal_fishing,58.773
419000001,2026-01-02T00:20:00,7.7319,78.26099,7.06,180.4,trip_001,normal_fishing,57.595
419000001,2026-01-02T00:30:00,7.71134,78.25743,7.48,189.8,trip_001,normal_fishing,56.666
419000001,2026-01-02T00:40:00,7.68975,78.25585,7.76,184.2,trip_001,normal_fishing,56.035
419000001,2026-01-02T00:50:00,7.67097,78.2628,7.17,159.7,trip_001,normal_fishing,55.159
419000001,2026-01-02T01:00:00,7.65381,78.26873,6.5,161.0,trip_001,normal_fishing,53.567
419000001,2026-01-02T01:10:00,7.63755,78.28046,7.18,144.3,trip_001,normal_fishing,52.156
419000001,2026-01-02T01:20:00,7.61761,78.28444,7.29,168.7,trip_001,normal_fishing,50.212
419000001,2026-01-02T01:30:00,7.59539,78.28223,8.0,185.7,trip_001,normal_fishing,48.86
419000001,2026-01-02T01:40:00,7.57385,78.28691,7.9,167.8,trip_001,normal_fishing,48.016
419000001,2026-01-02T01:50:00,7.55508,78.29288,7.06,162.4,trip_001,normal_fishing,46.518
419000001,2026-01-02T02:00:00,7.53582,78.29451,6.92,175.2,trip_001,normal_fishing,45.025
419000001,2026-01-02T02:10:00,7.51856,78.29645,6.23,173.6,trip_001,normal_fishing,43.94
419000001,2026-01-02T02:20:00,7.50038,78.30393,7.04,157.7,trip_001,normal_fishing,42.891
419000001,2026-01-02T02:30:00,7.48756,78.31681,6.51,134.9,trip_001,normal_fishing,41.222
419000001,2026-01-02T02:40:00,7.47731,78.33176,6.49,124.5,trip_001,normal_fishing,39.303
419000001,2026-01-02T02:50:00,7.46598,78.34586,6.47,128.8,trip_001,normal_fishing,37.314
419000001,2026-01-02T03:00:00,7.46084,78.36171,5.96,108.0,trip_001,normal_fishing,35.353
419000001,2026-01-02T03:10:00,7.4508,78.37595,6.23,125.2,trip_001,normal_fishing,33.54
419000001,2026-01-02T03:20:00,7.43836,78.38947,6.58,132.7,trip_001,normal_fishing,31.632
419000001,2026-01-02T03:30:00,7.42522,78.39841,5.69,145.8,trip_001,normal_fishing,29.67
419000001,2026-01-02T03:40:00,7.41304,78.40897,5.77,139.1,trip_001,normal_fishing,28.118
419000001,2026-01-02T03:50:00,7.4012,78.42258,6.46,131.1,trip_001,normal_fishing,26.458
419000001,2026-01-02T04:00:00,7.38859,78.43753,7.0,130.2,trip_001,normal_fishing,24.517
419000001,2026-01-02T04:10:00,7.37205,78.44797,7.01,147.8,trip_001,normal_fishing,22.407
419000001,2026-01-02T04:20:00,7.35242,78.45204,7.18,168.3,trip_001,normal_fishing,20.533
419000001,2026-01-02T04:30:00,7.33337,78.45011,6.86,185.8,trip_001,normal_fishing,19.121
419000001,2026-01-02T04:40:00,7.31414,78.44818,6.92,185.7,trip_001,normal_fishing,18.325
419000002,2026-01-01T07:10:00,8.75203,78.20857,8.0,106.4,trip_002,transit,91.731
419000002,2026-01-01T07:20:00,8.74904,78.22907,7.38,98.3,trip_002,transit,89.312
419000002,2026-01-01T07:30:00,8.75498,78.2507,8.0,74.6,trip_002,transit,87.172
419000002,2026-01-01T07:40:00,8.76155,78.27102,7.62,72.0,trip_002,transit,85.417
419000002,2026-01-01T07:50:00,8.76573,78.28913,6.63,76.9,trip_002,transit,83.858
419000002,2026-01-01T08:00:00,8.77378,78.30714,7.04,65.8,trip_002,transit,82.401
419000002,2026-01-01T08:10:00,8.78049,78.32854,8.0,72.5,trip_002,transit,81.214
419000002,2026-01-01T08:20:00,8.78491,78.35041,7.95,78.5,trip_002,transit,79.676
419000002,2026-01-01T08:30:00,8.78428,78.37285,8.0,91.6,trip_002,transit,77.996
419000002,2026-01-01T08:40:00,8.7794,78.39475,8.0,102.6,trip_002,transit,75.971
419000002,2026-01-01T08:50:00,8.76936,78.41479,8.0,116.7,trip_002,normal_fishing,73.73
419000002,2026-01-01T09:00:00,8.76647,78.43705,8.0,97.4,trip_002,normal_fishing,71.309
419000002,2026-01-01T09:10:00,8.76474,78.45942,8.0,94.4,trip_002,normal_fishing,69.199
419000002,2026-01-01T09:20:00,8.76004,78.48136,8.0,102.1,trip_002,normal_fishing,67.187
419000002,2026-01-01T09:30:00,8.7475,78.49847,7.58,126.4,trip_002,normal_fishing,65.025
419000002,2026-01-01T09:40:00,8.7309,78.51347,8.0,138.1,trip_002,normal_fishing,62.696
419000002,2026-01-01T09:50:00,8.71779,78.52896,7.25,130.4,trip_002,normal_fishing,60.242
419000002,2026-01-01T10:00:00,8.71127,78.54984,7.8,107.4,trip_002,normal_fishing,58.006
419000002,2026-01-01T10:10:00,8.70477,78.57131,8.0,106.9,trip_002,normal_fishing,55.815
419000002,2026-01-01T10:20:00,8.69893,78.59296,8.0,105.2,trip_002,normal_fishing,53.599
419000002,2026-01-01T10:30:00,8.69476,78.61501,8.0,100.7,trip_002,normal_fishing,51.443
419000002,2026-01-01T10:40:00,8.69865,78.63711,8.0,80.0,trip_002,normal_fishing,49.416
419000002,2026-01-01T10:50:00,8.69666,78.65946,8.0,95.1,trip_002,normal_fishing,48.028
419000002,2026-01-01T11:00:00,8.68952,78.67795,7.07,111.2,trip_002,normal_fishing,46.155
419000002,2026-01-01T11:10:00,8.6851,78.69468,6.17,104.9,trip_002,normal_fishing,44.169
419000002,2026-01-01T11:20:00,8.68659,78.71291,6.52,85.3,trip_002,normal_fishing,42.535
419000002,2026-01-01T11:30:00,8.68453,78.73263,7.07,96.0,trip_002,normal_fishing,41.253
419000002,2026-01-01T11:40:00,8.67588,78.75194,7.55,114.3,trip_002,normal_fishing,39.577
419000002,2026-01-01T11:50:00,8.66413,78.76636,6.65,129.3,trip_002,normal_fishing,37.409
419000002,2026-01-01T12:00:00,8.65569,78.78372,6.89,116.0,trip_002,normal_fishing,35.371
419000002,2026-01-01T12:10:00,8.64427,78.79564,5.9,133.9,trip_002,normal_fishing,33.37
419000002,2026-01-01T12:20:00,8.632,78.80811,6.25,134.7,trip_002,normal_fishing,31.55
419000002,2026-01-01T12:30:00,8.62591,78.82395,6.06,111.1,trip_002,normal_fishing,29.62
419000002,2026-01-01T12:40:00,8.61421,78.83751,6.4,130.9,trip_002,normal_fishing,27.921
419000002,2026-01-01T12:50:00,8.60496,78.85514,7.11,117.8,trip_002,normal_fishing,25.952
419000002,2026-01-01T13:00:00,8.59743,78.87569,7.81,110.2,trip_002,normal_fishing,23.866
419000002,2026-01-01T13:10:00,8.59349,78.89775,7.99,100.2,trip_002,normal_fishing,21.692
419000002,2026-01-01T13:20:00,8.59166,78.91882,7.54,95.0,trip_002,normal_fishing,19.687
419000002,2026-01-01T13:30:00,8.5837,78.93649,6.92,114.3,trip_002,normal_fishing,17.924
419000002,2026-01-01T13:40:00,8.58256,78.95497,6.6,93.6,trip_002,normal_fishing,15.937
419000002,2026-01-01T13:50:00,8.57753,78.97456,7.22,104.5,trip_002,normal_fishing,14.428
419000002,2026-01-01T14:00:00,8.56547,78.98931,6.81,129.4,trip_002,normal_fishing,12.526
419000002,2026-01-01T14:10:00,8.55579,79.00332,6.08,124.8,trip_002,normal_fishing,10.438
419000002,2026-01-01T14:20:00,8.54348,79.01884,7.08,128.5,trip_002,normal_fishing,8.595
419000002,2026-01-01T14:30:00,8.52827,79.03233,7.27,138.6,trip_002,normal_fishing,6.428
419000002,2026-01-01T14:40:00,8.51299,79.04868,8.0,133.2,trip_002,normal_fishing,4.187
419000002,2026-01-01T14:50:00,8.52684,79.03378,7.27,313.0,trip_002,normal_fishing,1.72
419000002,2026-01-01T15:00:00,8.53742,79.01932,6.4,306.3,trip_002,normal_fishing,3.961
419000002,2026-01-01T15:10:00,8.54296,79.00512,5.44,291.4,trip_002,normal_fishing,5.911
419000002,2026-01-01T15:20:00,8.54816,78.99,5.71,289.1,trip_002,normal_fishing,7.439
419000002,2026-01-01T15:30:00,8.55118,78.97474,5.55,281.2,trip_002,normal_fishing,9.013
419000002,2026-01-01T15:40:00,8.56067,78.9607,6.05,304.2,trip_002,normal_fishing,10.423
419000002,2026-01-01T15:50:00,8.56994,78.94799,5.62,306.2,trip_002,normal_fishing,12.253
419000002,2026-01-01T16:00:00,8.58173,78.94002,5.09,326.1,trip_002,normal_fishing,13.964
419000002,2026-01-01T16:10:00,8.59387,78.9288,5.91,317.4,trip_002,normal_fishing,15.51
419000002,2026-01-01T16:20:00,8.6073,78.91699,6.39,318.8,trip_002,normal_fishing,17.334
419000002,2026-01-01T16:30:00,8.62231,78.90578,6.7,323.4,trip_002,normal_fishing,19.304
419000002,2026-01-01T16:40:00,8.63415,78.89317,6.18,313.3,trip_002,normal_fishing,21.355
419000002,2026-01-01T16:50:00,8.64283,78.88047,5.49,304.5,trip_002,normal_fishing,23.262
419000002,2026-01-01T17:00:00,8.65414,78.87196,5.06,323.2,trip_002,normal_fishing,24.925
419000002,2026-01-01T17:10:00,8.66724,78.86316,5.65,326.3,trip_002,normal_fishing,26.474
419000002,2026-01-01T17:20:00,8.68176,78.85798,5.52,340.4,trip_002,normal_fishing,28.188
419000002,2026-01-01T17:30:00,8.69875,78.85151,6.51,339.3,trip_002,normal_fishing,29.737
419000002,2026-01-01T17:40:00,8.71825,78.84734,7.14,348.0,trip_002,normal_fishing,31.58
419000002,2026-01-01T17:50:00,8.73956,78.8504,7.72,8.1,trip_002,normal_fishing,33.445
419000002,2026-01-01T18:00:00,8.76125,78.84748,7.84,352.4,trip_002,normal_fishing,34.9
419000002,2026-01-01T18:10:00,8.78105,78.8371,8.0,332.5,trip_002,normal_fishing,36.845
419000002,2026-01-01T18:20:00,8.8033,78.83524,8.0,355.2,trip_002,normal_fishing,39.223
419000002,2026-01-01T18:30:00,8.82284,78.83244,7.07,351.9,trip_002,normal_fishing,41.201
419000002,2026-01-01T18:40:00,8.83977,78.83696,6.28,14.9,trip_002,normal_fishing,43.06
419000002,2026-01-01T18:50:00,8.85571,78.83469,5.77,351.9,trip_002,normal_fishing,44.231
419000002,2026-01-01T19:00:00,8.86947,78.82677,5.68,330.2,trip_002,normal_fishing,45.799
419000003,2026-01-01T08:10:00,8.76348,78.20283,5.92,71.8,trip_003,transit,91.731
419000003,2026-01-01T08:20:00,8.77485,78.21638,6.32,49.9,trip_003,transit,90.472
419000003,2026-01-01T08:30:00,8.78835,78.22596,5.92,35.2,trip_003,transit,89.786
419000003,2026-01-01T08:40:00,8.80228,78.23402,5.76,29.9,trip_003,transit,89.634
419000003,2026-01-01T08:50:00,8.81612,78.23523,4.98,5.0,trip_003,transit,89.686
419000003,2026-01-01T09:00:00,8.82634,78.23963,3.98,23.1,trip_003,transit,90.398
419000003,2026-01-01T09:10:00,8.83648,78.24407,3.96,23.6,trip_003,transit,90.617
419000003,2026-01-01T09:20:00,8.84677,78.24688,3.82,15.2,trip_003,transit,90.842
419000003,2026-01-01T09:30:00,8.85775,78.25306,4.51,29.2,trip_003,transit,91.24
419000003,2026-01-01T09:40:00,8.86881,78.25651,4.15,17.3,trip_003,transit,91.396
419000003,2026-01-01T09:50:00,8.88025,78.25739,4.11,4.4,trip_003,normal_fishing,91.819
419000003,2026-01-01T10:00:00,8.88993,78.25973,3.57,13.5,trip_003,normal_fishing,92.507
419000003,2026-01-01T10:10:00,8.90224,78.26083,4.43,5.1,trip_003,normal_fishing,92.96
419000003,2026-01-01T10:20:00,8.91382,78.25716,4.35,342.5,trip_003,normal_fishing,93.713
419000003,2026-01-01T10:30:00,8.92393,78.25593,3.65,353.1,trip_003,normal_fishing,94.834
419000003,2026-01-01T10:40:00,8.93104,78.25188,2.93,330.5,trip_003,normal_fishing,95.651
419000003,2026-01-01T10:50:00,8.93641,78.25106,1.95,351.4,trip_003,normal_fishing,96.497
419000003,2026-01-01T11:00:00,8.94023,78.24934,1.5,335.8,trip_003,normal_fishing,96.948
419000003,2026-01-01T11:10:00,8.94374,78.24596,1.74,316.3,trip_003,normal_fishing,97.366
419000003,2026-01-01T11:20:00,8.94663,78.24156,1.88,303.4,trip_003,normal_fishing,97.9
419000003,2026-01-01T11:30:00,8.95105,78.23586,2.58,307.9,trip_003,normal_fishing,98.476
419000003,2026-01-01T11:40:00,8.95314,78.22688,3.28,283.2,trip_003,normal_fishing,99.271
419000003,2026-01-01T11:50:00,8.95553,78.21996,2.61,289.1,trip_003,normal_fishing,100.174
419000003,2026-01-01T12:00:00,8.96054,78.21212,3.32,302.8,trip_003,normal_fishing,100.927
419000003,2026-01-01T12:10:00,8.9646,78.20119,4.16,290.5,trip_003,normal_fishing,101.944
419000003,2026-01-01T12:20:00,8.96841,78.18955,4.37,288.2,trip_003,normal_fishing,103.156
419000003,2026-01-01T12:30:00,8.97611,78.18108,4.09,312.4,trip_003,normal_fishing,104.413
419000003,2026-01-01T12:40:00,8.98493,78.17555,3.73,328.1,trip_003,normal_fishing,105.673
419000003,2026-01-01T12:50:00,8.99542,78.17234,3.93,343.1,trip_003,normal_fishing,106.762
419000003,2026-01-01T13:00:00,9.00439,78.16689,3.75,328.9,trip_003,normal_fishing,107.774
419000003,2026-01-01T13:10:00,9.01059,78.16161,2.91,319.8,trip_003,normal_fishing,108.87
419000003,2026-01-01T13:20:00,9.0138,78.15506,2.6,296.2,trip_003,normal_fishing,109.756
419000003,2026-01-01T13:30:00,9.01401,78.14963,1.93,272.2,trip_003,normal_fishing,110.537
419000003,2026-01-01T13:40:00,9.01554,78.14321,2.35,283.5,trip_003,normal_fishing,111.009
419000003,2026-01-01T13:50:00,9.01791,78.13818,1.99,295.4,trip_003,normal_fishing,111.659
419000003,2026-01-01T14:00:00,9.02219,78.13386,2.17,314.9,trip_003,normal_fishing,112.253
419000003,2026-01-01T14:10:00,9.02404,78.13008,1.5,296.2,trip_003,normal_fishing,112.921
419000003,2026-01-01T14:20:00,9.02649,78.12666,1.5,305.8,trip_003,normal_fishing,113.371
419000003,2026-01-01T14:30:00,9.03058,78.12104,2.48,306.2,trip_003,normal_fishing,113.833
419000003,2026-01-01T14:40:00,9.03142,78.11687,1.52,281.4,trip_003,normal_fishing,114.599
419000003,2026-01-01T14:50:00,9.03419,78.11304,1.69,306.1,trip_003,normal_fishing,115.012
419000003,2026-01-01T15:00:00,9.03626,78.10639,2.48,287.4,trip_003,normal_fishing,115.531
419000003,2026-01-01T15:10:00,9.04049,78.10063,2.55,306.4,trip_003,normal_fishing,116.242
419000003,2026-01-01T15:20:00,9.04445,78.09628,2.1,312.5,trip_003,normal_fishing,117.029
419000003,2026-01-01T15:30:00,9.04664,78.09025,2.29,290.0,trip_003,normal_fishing,117.676
419000003,2026-01-01T15:40:00,9.04788,78.08301,2.62,279.8,trip_003,normal_fishing,118.343
419000003,2026-01-01T15:50:00,9.04995,78.07886,1.65,296.6,trip_003,normal_fishing,119.047
419000003,2026-01-01T16:00:00,9.05213,78.07527,1.5,301.4,trip_003,normal_fishing,119.545
419000003,2026-01-01T16:10:00,9.05534,78.07257,1.5,320.1,trip_003,normal_fishing,120.004
419000003,2026-01-01T16:20:00,9.05904,78.07002,1.61,325.6,trip_003,normal_fishing,120.458
419000003,2026-01-01T16:30:00,9.06326,78.06651,1.96,320.4,trip_003,normal_fishing,120.934
419000003,2026-01-01T16:40:00,9.06841,78.06372,2.1,331.7,trip_003,normal_fishing,121.527
419000003,2026-01-01T16:50:00,9.07665,78.06144,3.06,344.6,trip_003,normal_fishing,122.125
419000003,2026-01-01T17:00:00,9.08479,78.05855,3.09,340.6,trip_003,normal_fishing,122.896
419000003,2026-01-01T17:10:00,9.09222,78.0514,3.68,316.2,trip_003,normal_fishing,123.714
419000003,2026-01-01T17:20:00,9.09939,78.04472,3.5,317.2,trip_003,normal_fishing,124.843
419000003,2026-01-01T17:30:00,9.1048,78.03401,4.28,296.9,trip_003,normal_fishing,125.915
419000003,2026-01-01T17:40:00,9.10959,78.02189,4.64,291.7,trip_003,normal_fishing,127.203
419000003,2026-01-01T17:50:00,9.11071,78.0063,5.57,274.2,trip_003,normal_fishing,128.567
419000003,2026-01-01T18:00:00,9.10785,77.99265,4.97,258.1,trip_003,normal_fishing,129.974
419000003,2026-01-01T18:10:00,9.10954,77.97648,5.79,276.0,trip_003,normal_fishing,130.946
419000003,2026-01-01T18:20:00,9.10722,77.96055,5.73,261.6,trip_003,normal_fishing,132.458
419000003,2026-01-01T18:30:00,9.10826,77.94237,6.49,273.3,trip_003,normal_fishing,133.683
419000003,2026-01-01T18:40:00,9.10739,77.92407,6.52,267.3,trip_003,normal_fishing,135.344
419000003,2026-01-01T18:50:00,9.11055,77.90472,6.98,279.3,trip_003,normal_fishing,136.898
419000003,2026-01-01T19:00:00,9.11848,77.88637,7.12,293.5,trip_003,normal_fishing,138.82
419000003,2026-01-01T19:10:00,9.11992,77.86414,7.93,273.7,trip_003,normal_fishing,140.967
419000003,2026-01-01T19:20:00,9.12828,77.84332,8.0,292.0,trip_003,normal_fishing,143.046
419000003,2026-01-01T19:30:00,9.129,77.82252,7.41,272.0,trip_003,normal_fishing,145.449
419000003,2026-01-01T19:40:00,9.13341,77.80495,6.46,284.2,trip_003,normal_fishing,147.37
419000003,2026-01-01T19:50:00,9.14411,77.79123,6.21,308.1,trip_003,normal_fishing,149.238
419000003,2026-01-01T20:00:00,9.15885,77.77839,6.98,319.1,trip_003,normal_fishing,151.151
419000003,2026-01-01T20:10:00,9.17165,77.76497,6.62,313.8,trip_003,normal_fishing,153.237
419000003,2026-01-01T20:20:00,9.186,77.75254,6.78,319.3,trip_003,normal_fishing,155.255
419000003,2026-01-01T20:30:00,9.19972,77.7386,6.99,314.7,trip_003,normal_fishing,157.283
419000003,2026-01-01T20:40:00,9.21744,77.73084,6.92,336.5,trip_003,normal_fishing,159.409
419000003,2026-01-01T20:50:00,9.23199,77.71912,6.68,321.3,trip_003,normal_fishing,161.236
419000003,2026-01-01T21:00:00,9.24392,77.70754,5.94,316.0,trip_003,normal_fishing,163.22
419000003,2026-01-01T21:10:00,9.25251,77.69206,6.31,299.2,trip_003,normal_fishing,165.024
419000003,2026-01-01T21:20:00,9.25978,77.67315,7.22,291.2,trip_003,normal_fishing,166.959
419000003,2026-01-01T21:30:00,9.26238,77.65532,6.42,278.3,trip_003,normal_fishing,169.117
419000003,2026-01-01T21:40:00,9.26956,77.63649,7.18,291.0,trip_003,normal_fishing,170.881
419000003,2026-01-01T21:50:00,9.27272,77.61827,6.58,279.9,trip_003,normal_fishing,173.031
419000003,2026-01-01T22:00:00,9.27086,77.59975,6.63,264.2,trip_003,normal_fishing,174.873
419000003,2026-01-01T22:10:00,9.26865,77.58263,6.15,262.6,trip_003,normal_fishing,176.434
419000003,2026-01-01T22:20:00,9.2601,77.56778,6.11,239.9,trip_003,normal_fishing,177.856
419000003,2026-01-01T22:30:00,9.25787,77.5499,6.41,262.9,trip_003,normal_fishing,178.691
419000003,2026-01-01T22:40:00,9.25585,77.5342,5.64,262.6,trip_003,normal_fishing,180.201
419000003,2026-01-01T22:50:00,9.25093,77.52039,5.23,250.2,trip_003,normal_fishing,181.532
419000003,2026-01-01T23:00:00,9.24903,77.5037,5.98,263.5,trip_003,normal_fishing,182.522
419000003,2026-01-01T23:10:00,9.25358,77.48473,6.95,283.6,trip_003,normal_fishing,183.967
419000003,2026-01-01T23:20:00,9.26698,77.46727,7.85,307.7,trip_003,normal_fishing,186.005
419000003,2026-01-01T23:30:00,9.27256,77.44805,7.13,286.3,trip_003,normal_fishing,188.416
419000003,2026-01-01T23:40:00,9.27485,77.42785,7.24,276.5,trip_003,normal_fishing,190.538
419000003,2026-01-01T23:50:00,9.26963,77.40621,7.93,256.4,trip_003,normal_fishing,192.565
419000003,2026-01-02T00:00:00,9.26659,77.38395,8.0,262.2,trip_003,normal_fishing,194.308
419000003,2026-01-02T00:10:00,9.25789,77.36477,7.51,245.5,trip_003,normal_fishing,196.246
419000003,2026-01-02T00:20:00,9.24309,77.34794,8.0,228.5,trip_003,normal_fishing,197.592
419000003,2026-01-02T00:30:00,9.22955,77.33007,8.0,232.7,trip_003,normal_fishing,198.401
419000003,2026-01-02T00:40:00,9.21362,77.31538,7.74,222.5,trip_003,normal_fishing,199.406
419000003,2026-01-02T00:50:00,9.19596,77.30163,8.0,217.7,trip_003,normal_fishing,200.003
419000003,2026-01-02T01:00:00,9.18304,77.28537,7.41,231.3,trip_003,normal_fishing,200.448
419000003,2026-01-02T01:10:00,9.17774,77.26746,6.65,253.4,trip_003,normal_fishing,201.403
419000003,2026-01-02T01:20:00,9.17866,77.25104,5.86,273.2,trip_003,normal_fishing,202.911
419000003,2026-01-02T01:30:00,9.17594,77.23285,6.55,261.5,trip_003,normal_fishing,204.579
419000003,2026-01-02T01:40:00,9.16854,77.21657,6.38,245.4,trip_003,normal_fishing,206.251
419000003,2026-01-02T01:50:00,9.16109,77.2019,5.87,242.9,trip_003,normal_fishing,207.52
419000003,2026-01-02T02:00:00,9.15586,77.18421,6.57,253.4,trip_003,normal_fishing,208.637
419000003,2026-01-02T02:10:00,9.15652,77.16668,6.25,272.2,trip_003,normal_fishing,210.166
419000003,2026-01-02T02:20:00,9.15756,77.15058,5.74,273.7,trip_003,normal_fishing,211.954
419000003,2026-01-02T02:30:00,9.15533,77.13653,5.07,260.9,trip_003,normal_fishing,213.616
419000003,2026-01-02T02:40:00,9.15899,77.12054,5.84,282.9,trip_003,normal_fishing,214.93
419000003,2026-01-02T02:50:00,9.16639,77.10581,5.88,296.8,trip_003,normal_fishing,216.702
419000003,2026-01-02T03:00:00,9.17374,77.09086,5.94,296.3,trip_003,normal_fishing,218.514
419000003,2026-01-02T03:10:00,9.18139,77.07648,5.81,298.2,trip_003,normal_fishing,220.345
419000003,2026-01-02T03:20:00,9.18378,77.06248,5.06,279.8,trip_003,normal_fishing,222.131
419000003,2026-01-02T03:30:00,9.19129,77.05057,5.02,302.4,trip_003,normal_fishing,223.647
419000003,2026-01-02T03:40:00,9.20124,77.04357,4.35,325.0,trip_003,normal_fishing,225.179
419000003,2026-01-02T03:50:00,9.21012,77.03793,3.76,327.8,trip_003,normal_fishing,226.326
419000003,2026-01-02T04:00:00,9.21574,77.03236,2.82,315.4,trip_003,normal_fishing,227.292
419000003,2026-01-02T04:10:00,9.22027,77.02315,3.66,296.4,trip_003,normal_fishing,228.103
419000004,2026-01-01T09:10:00,8.74926,78.20588,7.46,115.8,trip_004,transit,91.731
419000004,2026-01-01T09:20:00,8.74531,78.22796,8.0,100.2,trip_004,transit,89.43
419000004,2026-01-01T09:30:00,8.73548,78.24811,8.0,116.1,trip_004,transit,87.081
419000004,2026-01-01T09:40:00,8.72701,78.26675,7.31,114.6,trip_004,transit,84.614
419000004,2026-01-01T09:50:00,8.71308,78.28047,6.99,135.6,trip_004,transit,82.365
419000004,2026-01-01T10:00:00,8.70577,78.29769,6.67,113.1,trip_004,transit,80.304
419000004,2026-01-01T10:10:00,8.69393,78.31302,6.92,127.8,trip_004,transit,78.252
419000004,2026-01-01T10:20:00,8.6778,78.32645,7.51,140.4,trip_004,transit,76.147
419000004,2026-01-01T10:30:00,8.6647,78.34462,8.0,126.0,trip_004,transit,74.009
419000004,2026-01-01T10:40:00,8.65258,78.36347,8.0,122.9,trip_004,transit,71.569
419000004,2026-01-01T10:50:00,8.64949,78.38568,8.0,98.0,trip_004,normal_fishing,69.113
419000004,2026-01-01T11:00:00,8.65052,78.40564,7.12,87.0,trip_004,normal_fishing,66.781
419000004,2026-01-01T11:10:00,8.6521,78.42347,6.38,84.9,trip_004,normal_fishing,64.896
419000004,2026-01-01T11:20:00,8.65919,78.44069,6.65,67.5,trip_004,normal_fishing,63.265
419000004,2026-01-01T11:30:00,8.66894,78.45927,7.49,62.2,trip_004,normal_fishing,62.022
419000004,2026-01-01T11:40:00,8.68223,78.4771,7.94,53.1,trip_004,normal_fishing,60.857
419000004,2026-01-01T11:50:00,8.69622,78.49459,8.0,51.2,trip_004,normal_fishing,60.051
419000004,2026-01-01T12:00:00,8.70856,78.5131,7.95,56.2,trip_004,normal_fishing,59.413
419000004,2026-01-01T12:10:00,8.71274,78.53409,7.63,78.7,trip_004,normal_fishing,58.667
419000004,2026-01-01T12:20:00,8.72302,78.55397,7.99,62.5,trip_004,normal_fishing,57.212
419000004,2026-01-01T12:30:00,8.72649,78.57349,7.07,79.9,trip_004,normal_fishing,56.373
419000004,2026-01-01T12:40:00,8.7313,78.59498,7.85,77.3,trip_004,normal_fishing,55.117
419000004,2026-01-01T12:50:00,8.73137,78.61742,8.0,89.8,trip_004,normal_fishing,53.849
419000004,2026-01-01T13:00:00,8.73083,78.63986,8.0,91.4,trip_004,normal_fishing,52.132
419000004,2026-01-01T13:10:00,8.73413,78.66205,8.0,81.5,trip_004,normal_fishing,50.367
419000004,2026-01-01T13:20:00,8.73997,78.68371,8.0,74.8,trip_004,normal_fishing,48.925
419000004,2026-01-01T13:30:00,8.74761,78.7048,8.0,70.0,trip_004,normal_fishing,47.726
419000004,2026-01-01T13:40:00,8.75112,78.72696,8.0,81.0,trip_004,normal_fishing,46.713
419000004,2026-01-01T13:50:00,8.74682,78.74852,7.84,101.3,trip_004,normal_fishing,45.29
419000004,2026-01-01T14:00:00,8.74009,78.76851,7.52,108.7,trip_004,normal_fishing,43.294
419000004,2026-01-01T14:10:00,8.73507,78.78866,7.4,104.1,trip_004,normal_fishing,41.227
419000004,2026-01-01T14:20:00,8.73655,78.80707,6.59,85.4,trip_004,normal_fishing,39.282
419000004,2026-01-01T14:30:00,8.73529,78.82638,6.9,93.8,trip_004,normal_fishing,37.986
419000004,2026-01-01T14:40:00,8.73187,78.84268,5.94,101.9,trip_004,normal_fishing,36.405
419000004,2026-01-01T14:50:00,8.73103,78.85761,5.33,93.2,trip_004,normal_fishing,34.883
419000004,2026-01-01T15:00:00,8.72606,78.87384,6.05,107.1,trip_004,normal_fishing,33.67
419000004,2026-01-01T15:10:00,8.72467,78.89171,6.39,94.5,trip_004,normal_fishing,32.03
419000004,2026-01-01T15:20:00,8.7287,78.90788,5.94,75.9,trip_004,normal_fishing,30.567
419000004,2026-01-01T15:30:00,8.73687,78.92096,5.51,57.9,trip_004,normal_fishing,29.745
419000004,2026-01-01T15:40:00,8.74388,78.93725,6.33,66.6,trip_004,normal_fishing,29.587
419000004,2026-01-01T15:50:00,8.75497,78.95137,6.41,51.7,trip_004,normal_fishing,29.16
419000004,2026-01-01T16:00:00,8.76462,78.96947,7.32,61.8,trip_004,normal_fishing,29.238
419000004,2026-01-01T16:10:00,8.77197,78.98714,6.83,67.3,trip_004,normal_fishing,28.931
419000004,2026-01-01T16:20:00,8.77708,79.00455,6.47,73.6,trip_004,normal_fishing,28.446
419000004,2026-01-01T16:30:00,8.77483,79.02199,6.27,97.4,trip_004,normal_fishing,27.776
419000004,2026-01-01T16:40:00,8.77058,79.03627,5.32,106.7,trip_004,normal_fishing,26.447
419000004,2026-01-01T16:50:00,8.76716,79.05294,6.07,101.7,trip_004,normal_fishing,25.143
419000004,2026-01-01T17:00:00,8.76225,79.06889,5.95,107.2,trip_004,normal_fishing,23.758
419000004,2026-01-01T17:10:00,8.75056,79.08342,6.66,129.0,trip_004,normal_fishing,22.287
419000004,2026-01-01T17:20:00,8.74112,79.09981,6.75,120.1,trip_004,normal_fishing,20.302
419000004,2026-01-01T17:30:00,8.73146,79.11692,7.01,119.6,trip_004,normal_fishing,18.397
419000004,2026-01-01T17:40:00,8.72487,79.13392,6.5,111.3,trip_004,normal_fishing,16.426
419000004,2026-01-01T17:50:00,8.71117,79.14926,7.35,131.9,trip_004,normal_fishing,14.737
419000004,2026-01-01T18:00:00,8.69202,79.1608,8.0,149.1,trip_004,normal_fishing,12.518
419000004,2026-01-01T18:10:00,8.67087,79.16798,8.0,161.3,trip_004,normal_fishing,10.059
419000004,2026-01-01T18:20:00,8.64875,79.17014,7.96,174.5,trip_004,normal_fishing,7.701
419000004,2026-01-01T18:30:00,8.62817,79.17295,7.44,172.3,trip_004,normal_fishing,5.583
419000004,2026-01-01T18:40:00,8.60858,79.17311,7.02,179.5,trip_004,normal_fishing,3.56
419000004,2026-01-01T18:50:00,8.62817,79.16872,7.19,347.4,trip_004,normal_fishing,1.796
419000004,2026-01-01T19:00:00,8.64586,79.16325,6.63,342.9,trip_004,normal_fishing,3.833
419000004,2026-01-01T19:10:00,8.66637,79.16278,7.35,358.7,trip_004,normal_fishing,5.769
419000004,2026-01-01T19:20:00,8.68327,79.15729,6.37,342.1,trip_004,normal_fishing,7.635
419000004,2026-01-01T19:30:00,8.70072,79.1487,6.96,333.9,trip_004,normal_fishing,9.503
419000004,2026-01-01T19:40:00,8.71791,79.14592,6.24,350.9,trip_004,normal_fishing,11.619
419000004,2026-01-01T19:50:00,8.73312,79.14715,5.47,4.6,trip_004,normal_fishing,13.337
419000004,2026-01-01T20:00:00,8.75117,79.14686,6.47,359.1,trip_004,normal_fishing,14.665
419000004,2026-01-01T20:10:00,8.76664,79.14231,5.77,343.7,trip_004,normal_fishing,16.415
419000004,2026-01-01T20:20:00,8.78239,79.1365,6.01,339.8,trip_004,normal_fishing,18.158
419000004,2026-01-01T20:30:00,8.80185,79.13701,6.98,1.5,trip_004,normal_fishing,19.995
419000004,2026-01-01T20:40:00,8.81824,79.131,6.25,340.0,trip_004,normal_fishing,21.861
419000004,2026-01-01T20:50:00,8.83433,79.12945,5.79,354.5,trip_004,normal_fishing,23.77
419000004,2026-01-01T21:00:00,8.85092,79.13353,6.12,13.8,trip_004,normal_fishing,25.416
419000004,2026-01-01T21:10:00,8.86977,79.13165,6.78,354.3,trip_004,normal_fishing,26.816
419000004,2026-01-01T21:20:00,8.88694,79.12473,6.63,338.2,trip_004,normal_fishing,28.747
419000004,2026-01-01T21:30:00,8.90442,79.1186,6.63,340.8,trip_004,normal_fishing,30.564
419000004,2026-01-01T21:40:00,8.9235,79.11525,6.94,350.1,trip_004,normal_fishing,32.298
419000004,2026-01-01T21:50:00,8.94493,79.12089,7.94,14.7,trip_004,normal_fishing,33.903
419000004,2026-01-01T22:00:00,8.96409,79.12624,7.13,15.5,trip_004,normal_fishing,34.897
419000004,2026-01-01T22:10:00,8.984,79.1364,8.0,26.9,trip_004,normal_fishing,35.761
419000004,2026-01-01T22:20:00,9.00505,79.1432,7.92,17.8,trip_004,normal_fishing,36.263
419000004,2026-01-01T22:30:00,9.02407,79.14799,7.03,14.1,trip_004,normal_fishing,37.132
419000004,2026-01-01T22:40:00,9.04141,79.15528,6.73,22.7,trip_004,normal_fishing,38.034
419000004,2026-01-01T22:50:00,9.05789,79.16778,7.4,37.0,trip_004,normal_fishing,38.605
419000004,2026-01-01T23:00:00,9.07,79.18402,7.23,53.1,trip_004,normal_fishing,38.668
419000004,2026-01-01T23:10:00,9.08547,79.19914,7.73,44.2,trip_004,normal_fishing,37.717
419000004,2026-01-01T23:20:00,9.09647,79.21774,7.71,59.2,trip_004,normal_fishing,36.311
419000004,2026-01-01T23:30:00,9.10023,79.23702,7.0,78.9,trip_004,normal_fishing,34.419
419000004,2026-01-01T23:40:00,9.09787,79.25424,6.19,97.9,trip_004,normal_fishing,32.36
419000004,2026-01-01T23:50:00,9.10074,79.27157,6.26,80.5,trip_004,normal_fishing,30.45
419000004,2026-01-02T00:00:00,9.10847,79.28446,5.36,58.9,trip_004,normal_fishing,28.594
419000004,2026-01-02T00:10:00,9.12059,79.29267,5.24,33.9,trip_004,normal_fishing,27.284
419000004,2026-01-02T00:20:00,9.12868,79.30161,4.31,47.7,trip_004,normal_fishing,26.454
419000004,2026-01-02T00:30:00,9.13655,79.31304,4.95,55.3,trip_004,normal_fishing,25.471
419000004,2026-01-02T00:40:00,9.1458,79.32049,4.25,38.7,trip_004,normal_fishing,24.214
419000004,2026-01-02T00:50:00,9.1533,79.33197,4.89,56.7,trip_004,normal_fishing,23.395
419000004,2026-01-02T01:00:00,9.16132,79.34523,5.53,58.7,trip_004,normal_fishing,22.132
419000004,2026-01-02T01:10:00,9.17297,79.35449,5.32,38.3,trip_004,normal_fishing,20.674
419000004,2026-01-02T01:20:00,9.18161,79.36492,4.83,50.2,trip_004,normal_fishing,19.656
419000005,2026-01-01T10:10:00,8.7512,78.20827,7.99,108.7,trip_005,transit,91.731
419000005,2026-01-01T10:20:00,8.74954,78.22897,7.4,94.6,trip_005,transit,89.299
419000005,2026-01-01T10:30:00,8.74407,78.24677,6.64,107.2,trip_005,transit,87.208
419000005,2026-01-01T10:40:00,8.74509,78.26355,5.99,86.5,trip_005,transit,85.2
419000005,2026-01-01T10:50:00,8.75135,78.28108,6.64,70.3,trip_005,transit,83.646
419000005,2026-01-01T11:00:00,8.76028,78.30049,7.62,65.2,trip_005,transit,82.328
419000005,2026-01-01T11:10:00,8.77536,78.31676,7.93,47.0,trip_005,transit,81.022
419000005,2026-01-01T11:20:00,8.79072,78.33192,7.71,44.5,trip_005,transit,80.428
419000005,2026-01-01T11:30:00,8.80078,78.35196,8.0,63.2,trip_005,transit,80.022
419000005,2026-01-01T11:40:00,8.80369,78.37247,7.38,81.9,trip_005,transit,78.904
419000005,2026-01-01T11:50:00,8.81177,78.39248,7.7,67.9,trip_005,normal_fishing,77.316
419000005,2026-01-01T12:00:00,8.8238,78.41139,8.0,57.4,trip_005,normal_fishing,76.17
419000005,2026-01-01T12:10:00,8.83474,78.43096,8.0,60.7,trip_005,normal_fishing,75.464
419000005,2026-01-01T12:20:00,8.83971,78.45284,8.0,77.1,trip_005,normal_fishing,74.695
419000005,2026-01-01T12:30:00,8.85151,78.46884,7.1,53.4,trip_005,normal_fishing,73.355
419000005,2026-01-01T12:40:00,8.86182,78.48576,7.07,58.5,trip_005,normal_fishing,73.057
419000005,2026-01-01T12:50:00,8.87508,78.49983,6.91,46.5,trip_005,normal_fishing,72.574
419000005,2026-01-01T13:00:00,8.88582,78.5181,7.56,59.4,trip_005,normal_fishing,72.545
419000005,2026-01-01T13:10:00,8.89527,78.53636,7.33,62.5,trip_005,normal_fishing,71.993
419000005,2026-01-01T13:20:00,8.90822,78.55245,7.38,51.0,trip_005,normal_fishing,71.341
419000005,2026-01-01T13:30:00,8.92384,78.56648,7.5,41.8,trip_005,normal_fishing,71.132
419000005,2026-01-01T13:40:00,8.9356,78.58087,6.64,50.6,trip_005,normal_fishing,71.293
419000005,2026-01-01T13:50:00,8.95085,78.58823,6.06,25.6,trip_005,normal_fishing,71.12
419000005,2026-01-01T14:00:00,8.96331,78.60092,6.35,45.4,trip_005,normal_fishing,71.763
419000005,2026-01-01T14:10:00,8.98073,78.61062,7.13,29.0,trip_005,normal_fishing,71.776
419000005,2026-01-01T14:20:00,8.99827,78.6198,7.09,27.5,trip_005,normal_fishing,72.411
419000005,2026-01-01T14:30:00,9.00958,78.63299,6.21,49.2,trip_005,normal_fishing,73.1
419000005,2026-01-01T14:40:00,9.02416,78.64326,6.38,35.0,trip_005,normal_fishing,73.027
419000005,2026-01-01T14:50:00,9.04185,78.64966,6.74,19.8,trip_005,normal_fishing,73.489
419000005,2026-01-01T15:00:00,9.05833,78.65125,5.93,5.5,trip_005,normal_fishing,74.536
419000005,2026-01-01T15:10:00,9.07426,78.64867,5.78,350.8,trip_005,normal_fishing,75.847
419000005,2026-01-01T15:20:00,9.08699,78.64259,5.05,334.6,trip_005,normal_fishing,77.41
419000005,2026-01-01T15:30:00,9.09997,78.64091,4.69,352.7,trip_005,normal_fishing,78.934
419000005,2026-01-01T15:40:00,9.11025,78.63827,3.8,345.7,trip_005,normal_fishing,80.19
419000005,2026-01-01T15:50:00,9.1189,78.63485,3.33,338.6,trip_005,normal_fishing,81.274
419000005,2026-01-01T16:00:00,9.12626,78.63274,2.74,344.1,trip_005,normal_fishing,82.267
419000005,2026-01-01T16:10:00,9.13629,78.63336,3.6,3.5,trip_005,normal_fishing,83.06
419000005,2026-01-01T16:20:00,9.14382,78.63111,2.82,343.5,trip_005,normal_fishing,83.918
419000005,2026-01-01T16:30:00,9.15074,78.6261,3.05,324.3,trip_005,normal_fishing,84.737
419000005,2026-01-01T16:40:00,9.15681,78.61749,3.76,305.4,trip_005,normal_fishing,85.679
419000005,2026-01-01T16:50:00,9.16594,78.60924,4.4,318.1,trip_005,normal_fishing,86.779
419000005,2026-01-01T17:00:00,9.17736,78.59938,5.39,319.4,trip_005,normal_fishing,88.129
419000005,2026-01-01T17:10:00,9.18385,78.58633,5.19,296.6,trip_005,normal_fishing,89.788
419000005,2026-01-01T17:20:00,9.18904,78.57004,6.09,287.8,trip_005,normal_fishing,91.214
419000005,2026-01-01T17:30:00,9.19594,78.55253,6.7,291.6,trip_005,normal_fishing,92.745
419000005,2026-01-01T17:40:00,9.19785,78.5311,7.66,275.1,trip_005,normal_fishing,94.52
419000005,2026-01-01T17:50:00,9.19974,78.5097,7.65,275.1,trip_005,normal_fishing,96.146
419000005,2026-01-01T18:00:00,9.20964,78.49143,7.41,298.6,trip_005,normal_fishing,97.797
419000005,2026-01-01T18:10:00,9.21807,78.4719,7.58,293.5,trip_005,normal_fishing,99.928
419000005,2026-01-01T18:20:00,9.21979,78.45169,7.22,274.9,trip_005,normal_fishing,102.032
419000005,2026-01-01T18:30:00,9.21654,78.43393,6.43,259.6,trip_005,normal_fishing,103.641
419000005,2026-01-01T18:40:00,9.21906,78.41555,6.61,277.9,trip_005,normal_fishing,104.685
419000005,2026-01-01T18:50:00,9.21931,78.39751,6.42,270.8,trip_005,normal_fishing,106.268
419000005,2026-01-01T19:00:00,9.21845,78.37873,6.69,267.4,trip_005,normal_fishing,107.66
419000005,2026-01-01T19:10:00,9.22522,78.35863,7.56,288.7,trip_005,normal_fishing,109.033
419000005,2026-01-01T19:20:00,9.22984,78.3389,7.21,283.3,trip_005,normal_fishing,111.111
419000005,2026-01-01T19:30:00,9.2337,78.31862,7.35,280.8,trip_005,normal_fishing,112.991
419000005,2026-01-01T19:40:00,9.23702,78.29735,7.67,278.9,trip_005,normal_fishing,114.853
419000005,2026-01-01T19:50:00,9.24114,78.27723,7.31,281.6,trip_005,normal_fishing,116.749
419000005,2026-01-01T20:00:00,9.24249,78.25743,7.07,273.9,trip_005,normal_fishing,118.619
419000005,2026-01-01T20:10:00,9.23747,78.24018,6.4,253.7,trip_005,normal_fishing,120.246
419000005,2026-01-01T20:20:00,9.23591,78.2229,6.18,264.8,trip_005,normal_fishing,121.172
419000005,2026-01-01T20:30:00,9.23006,78.20621,6.3,250.5,trip_005,normal_fishing,122.375
419000005,2026-01-01T20:40:00,9.22817,78.18998,5.82,263.3,trip_005,normal_fishing,123.193
419000005,2026-01-01T20:50:00,9.23129,78.1715,6.67,279.7,trip_005,normal_fishing,124.289
419000005,2026-01-01T21:00:00,9.2362,78.15244,7.01,284.5,trip_005,normal_fishing,125.955
419000005,2026-01-01T21:10:00,9.2332,78.13045,7.9,262.2,trip_005,normal_fishing,127.807
419000005,2026-01-01T21:20:00,9.22809,78.10857,8.0,256.8,trip_005,normal_fishing,129.256
419000005,2026-01-01T21:30:00,9.22494,78.08914,7.01,260.7,trip_005,normal_fishing,130.531
419000005,2026-01-01T21:40:00,9.21394,78.07165,7.37,237.7,trip_005,normal_fishing,131.772
419000005,2026-01-01T21:50:00,9.2052,78.0559,6.42,240.8,trip_005,normal_fishing,132.259
419000005,2026-01-01T22:00:00,9.19937,78.03676,7.13,253.0,trip_005,normal_fishing,132.818
419000005,2026-01-01T22:10:00,9.19354,78.01782,7.06,252.8,trip_005,normal_fishing,133.897
419000005,2026-01-01T22:20:00,9.17931,78.00188,7.63,228.1,trip_005,normal_fishing,134.987
419000005,2026-01-01T22:30:00,9.1621,77.98756,8.0,219.6,trip_005,normal_fishing,135.242
419000005,2026-01-01T22:40:00,9.14343,77.97524,8.0,213.3,trip_005,normal_fishing,135.188
419000005,2026-01-01T22:50:00,9.12446,77.96761,7.32,201.8,trip_005,normal_fishing,134.907
419000005,2026-01-01T23:00:00,9.10784,77.95568,7.31,215.5,trip_005,normal_fishing,134.244
419000005,2026-01-01T23:10:00,9.09009,77.94206,8.0,217.3,trip_005,normal_fishing,134.151
419000005,2026-01-01T23:20:00,9.07911,77.9225,8.0,240.5,trip_005,normal_fishing,134.172
419000005,2026-01-01T23:30:00,9.06329,77.90665,8.0,224.9,trip_005,normal_fishing,135.202
419000005,2026-01-01T23:40:00,9.05375,77.88712,7.75,243.8,trip_005,normal_fishing,135.632
419000005,2026-01-01T23:50:00,9.03765,77.87156,8.0,223.9,trip_005,normal_fishing,136.824
419000005,2026-01-02T00:00:00,9.02131,77.85626,8.0,223.0,trip_005,normal_fishing,137.291
419000005,2026-01-02T00:10:00,9.0126,77.83558,8.0,247.1,trip_005,normal_fishing,137.763
419000005,2026-01-02T00:20:00,9.0029,77.81617,7.74,243.3,trip_005,normal_fishing,139.215
419000005,2026-01-02T00:30:00,8.99293,77.79935,6.98,239.2,trip_005,normal_fishing,140.52
419000005,2026-01-02T00:40:00,8.98701,77.77871,7.65,253.9,trip_005,normal_fishing,141.589
419000005,2026-01-02T00:50:00,8.97786,77.76053,7.26,243.1,trip_005,normal_fishing,143.266
419000005,2026-01-02T01:00:00,8.97537,77.743,6.31,261.9,trip_005,normal_fishing,144.556
419000005,2026-01-02T01:10:00,8.97321,77.72563,6.24,262.9,trip_005,normal_fishing,146.141
419000005,2026-01-02T01:20:00,8.97386,77.71003,5.56,272.4,trip_005,normal_fishing,147.735
419000005,2026-01-02T01:30:00,8.97664,77.69538,5.32,280.8,trip_005,normal_fishing,149.3
419000005,2026-01-02T01:40:00,8.98018,77.68356,4.4,286.7,trip_005,normal_fishing,150.88
419000005,2026-01-02T01:50:00,8.98335,77.67151,4.44,284.8,trip_005,normal_fishing,152.219
419000005,2026-01-02T02:00:00,8.98345,77.66108,3.72,270.5,trip_005,normal_fishing,153.562
419000005,2026-01-02T02:10:00,8.98098,77.65184,3.41,255.0,trip_005,normal_fishing,154.599
419000005,2026-01-02T02:20:00,8.97406,77.64197,4.3,234.8,trip_005,normal_fishing,155.394
419000005,2026-01-02T02:30:00,8.96524,77.63138,4.92,230.1,trip_005,normal_fishing,156.045
419000005,2026-01-02T02:40:00,8.96206,77.62038,4.08,253.8,trip_005,normal_fishing,156.688
419000005,2026-01-02T02:50:00,8.96004,77.60699,4.82,261.4,trip_005,normal_fishing,157.642
419000005,2026-01-02T03:00:00,8.9596,77.59386,4.68,268.1,trip_005,normal_fishing,158.892
419000005,2026-01-02T03:10:00,8.95862,77.58336,3.75,264.6,trip_005,normal_fishing,160.191
419000005,2026-01-02T03:20:00,8.95778,77.57008,4.74,266.4,trip_005,normal_fishing,161.203
419000005,2026-01-02T03:30:00,8.96131,77.55996,3.82,289.3,trip_005,normal_fishing,162.504
419000005,2026-01-02T03:40:00,8.96603,77.5516,3.43,299.6,trip_005,normal_fishing,163.681
419000005,2026-01-02T03:50:00,8.97138,77.54703,2.52,319.7,trip_005,normal_fishing,164.732
419000005,2026-01-02T04:00:00,8.97983,77.54419,3.19,341.5,trip_005,normal_fishing,165.429
419000005,2026-01-02T04:10:00,8.98494,77.54024,2.31,322.4,trip_005,normal_fishing,166.091
419000005,2026-01-02T04:20:00,8.98917,77.53862,1.62,339.1,trip_005,normal_fishing,166.717
419000005,2026-01-02T04:30:00,8.99564,77.53636,2.45,340.9,trip_005,normal_fishing,167.071
419000005,2026-01-02T04:40:00,9.00168,77.53465,2.25,344.3,trip_005,normal_fishing,167.59
419000005,2026-01-02T04:50:00,9.00565,77.53331,1.5,341.5,trip_005,normal_fishing,168.037
419000005,2026-01-02T05:00:00,9.00982,77.53368,1.5,4.9,trip_005,normal_fishing,168.353
419000005,2026-01-02T05:10:00,9.01393,77.5329,1.5,349.4,trip_005,normal_fishing,168.509
419000005,2026-01-02T05:20:00,9.01802,77.53382,1.5,12.6,trip_005,normal_fishing,168.777
419000005,2026-01-02T05:30:00,9.0226,77.53659,1.92,31.0,trip_005,normal_fishing,168.876
419000005,2026-01-02T05:40:00,9.02801,77.54253,2.87,47.5,trip_005,normal_fishing,168.815
419000005,2026-01-02T05:50:00,9.0325,77.55205,3.75,64.6,trip_005,normal_fishing,168.481
419000005,2026-01-02T06:00:00,9.04093,77.56082,4.35,46.0,trip_005,normal_fishing,167.753
419000005,2026-01-02T06:10:00,9.04917,77.5701,4.43,48.2,trip_005,normal_fishing,167.295
419000005,2026-01-02T06:20:00,9.05475,77.58411,5.38,68.2,trip_005,normal_fishing,166.787
419000005,2026-01-02T06:30:00,9.05774,77.59881,5.34,78.4,trip_005,normal_fishing,165.692
419000005,2026-01-02T06:40:00,9.06113,77.61276,5.11,76.2,trip_005,normal_fishing,164.408
419000005,2026-01-02T06:50:00,9.06596,77.62562,4.9,69.3,trip_005,normal_fishing,163.223
419000005,2026-01-02T07:00:00,9.07341,77.63419,4.05,48.8,trip_005,normal_fishing,162.225
419000005,2026-01-02T07:10:00,9.07844,77.64404,3.95,62.8,trip_005,normal_fishing,161.79
419000005,2026-01-02T07:20:00,9.07959,77.65569,4.17,84.3,trip_005,normal_fishing,161.109
419000005,2026-01-02T07:30:00,9.08429,77.66425,3.48,61.1,trip_005,normal_fishing,160.052
419000005,2026-01-02T07:40:00,9.09283,77.67327,4.44,46.4,trip_005,normal_fishing,159.487
419000005,2026-01-02T07:50:00,9.10336,77.67998,4.47,32.3,trip_005,normal_fishing,159.097
419000005,2026-01-02T08:00:00,9.11223,77.69232,5.42,54.1,trip_005,normal_fishing,159.049
419000005,2026-01-02T08:10:00,9.12175,77.70064,4.52,41.0,trip_005,normal_fishing,158.387
419000005,2026-01-02T08:20:00,9.13108,77.70474,3.65,23.6,trip_005,normal_fishing,158.155
419000005,2026-01-02T08:30:00,9.14152,77.70629,3.78,8.4,trip_005,normal_fishing,158.315
419000005,2026-01-02T08:40:00,9.15094,77.71155,3.86,29.0,trip_005,normal_fishing,158.787
419000005,2026-01-02T08:50:00,9.15837,77.71684,3.26,35.3,trip_005,normal_fishing,158.862
419000005,2026-01-02T09:00:00,9.1646,77.72441,3.5,50.3,trip_005,normal_fishing,158.822
419000005,2026-01-02T09:10:00,9.16909,77.73589,4.4,68.5,trip_005,normal_fishing,158.507
419000005,2026-01-02T09:20:00,9.17393,77.74467,3.58,60.9,trip_005,normal_fishing,157.734
419000005,2026-01-02T09:30:00,9.18048,77.75179,3.45,47.2,trip_005,normal_fishing,157.237
419000005,2026-01-02T09:40:00,9.18361,77.76023,3.21,69.5,trip_005,normal_fishing,157.002
419000005,2026-01-02T09:50:00,9.18472,77.76941,3.29,83.1,trip_005,normal_fishing,156.439
419000005,2026-01-02T10:00:00,9.18789,77.777,2.93,67.2,trip_005,normal_fishing,155.686
419000005,2026-01-02T10:10:00,9.19028,77.78588,3.28,74.9,trip_005,normal_fishing,155.209
419000005,2026-01-02T10:20:00,9.19268,77.79317,2.73,71.6,trip_005,normal_fishing,154.57
419000005,2026-01-02T10:30:00,9.19342,77.79894,2.07,82.7,trip_005,normal_fishing,154.079
419000005,2026-01-02T10:40:00,9.19237,77.80302,1.5,104.5,trip_005,normal_fishing,153.615
419000005,2026-01-02T10:50:00,9.19274,77.80721,1.5,84.9,trip_005,normal_fishing,153.185
419000005,2026-01-02T11:00:00,9.19305,77.81146,1.52,85.9,trip_005,normal_fishing,152.838
419000006,2026-01-01T11:10:00,8.73909,78.19442,7.38,159.1,trip_006,transit,91.731
419000006,2026-01-01T11:20:00,8.72064,78.2042,7.47,152.2,trip_006,transit,90.031
419000006,2026-01-01T11:30:00,8.70265,78.21556,7.61,147.8,trip_006,transit,88.158
419000006,2026-01-01T11:40:00,8.68519,78.22995,8.09,140.7,trip_006,transit,86.171
419000006,2026-01-01T11:50:00,8.66699,78.2452,8.49,140.2,trip_006,transit,83.922
419000006,2026-01-01T12:00:00,8.64984,78.25978,8.05,139.8,trip_006,transit,81.568
419000006,2026-01-01T12:10:00,8.63112,78.27299,8.2,144.9,trip_006,transit,79.344
419000006,2026-01-01T12:20:00,8.61159,78.28458,8.13,149.4,trip_006,transit,77.21
419000006,2026-01-01T12:30:00,8.59076,78.29588,8.48,151.6,trip_006,transit,75.236
419000006,2026-01-01T12:40:00,8.56991,78.30621,8.33,153.7,trip_006,transit,73.277
419000006,2026-01-01T12:50:00,8.54818,78.31578,8.5,156.3,trip_006,transit,71.46
419000006,2026-01-01T13:00:00,8.52575,78.32236,8.37,163.7,trip_006,transit,69.744
419000006,2026-01-01T13:10:00,8.50263,78.32968,8.68,162.5,trip_006,transit,68.384
419000006,2026-01-01T13:20:00,8.47887,78.33715,8.92,162.6,trip_006,transit,67.001
419000006,2026-01-01T13:30:00,8.45595,78.34465,8.64,162.0,trip_006,transit,65.667
419000006,2026-01-01T13:40:00,8.43357,78.35031,8.27,165.9,trip_006,transit,64.423
419000006,2026-01-01T13:50:00,8.41141,78.35794,8.39,161.1,trip_006,transit,63.4
419000006,2026-01-01T14:00:00,8.38771,78.36431,8.79,165.0,trip_006,transit,62.165
419000006,2026-01-01T14:10:00,8.3655,78.37183,8.4,161.4,trip_006,transit,61.039
419000006,2026-01-01T14:20:00,8.34346,78.37626,8.05,168.7,trip_006,transit,59.816
419000006,2026-01-01T14:30:00,8.32242,78.38238,7.85,163.8,trip_006,transit,58.93
419000006,2026-01-01T14:40:00,8.30031,78.38862,8.23,164.3,trip_006,transit,57.88
419000006,2026-01-01T14:50:00,8.27724,78.39334,8.44,168.5,trip_006,transit,56.798
419000006,2026-01-01T15:00:00,8.25507,78.40003,8.29,163.3,trip_006,transit,55.754
419000006,2026-01-01T15:10:00,8.23388,78.40656,7.94,162.9,trip_006,transit,54.519
419000006,2026-01-01T15:20:00,8.21365,78.41423,7.75,159.3,trip_006,transit,53.323
419000006,2026-01-01T15:30:00,8.19419,78.42404,7.8,153.3,trip_006,transit,52.026
419000006,2026-01-01T15:40:00,8.17531,78.43223,7.37,156.6,trip_006,transit,50.518
419000006,2026-01-01T15:50:00,8.15575,78.44084,7.65,156.3,trip_006,transit,49.197
419000006,2026-01-01T16:00:00,8.13481,78.44836,7.97,160.3,trip_006,transit,47.815
419000006,2026-01-01T16:10:00,8.11315,78.45651,8.29,159.5,trip_006,transit,46.517
419000006,2026-01-01T16:20:00,8.09248,78.46604,8.15,155.3,trip_006,transit,45.136
419000006,2026-01-01T16:30:00,8.07284,78.47736,8.12,150.1,trip_006,transit,43.628
419000006,2026-01-01T16:40:00,8.05416,78.48888,7.86,148.4,trip_006,transit,41.952
419000006,2026-01-01T16:50:00,8.03518,78.49882,7.67,152.4,trip_006,transit,40.275
419000006,2026-01-01T17:00:00,8.01774,78.50941,7.3,148.8,trip_006,transit,38.762
419000006,2026-01-01T17:10:00,8.00096,78.52001,7.11,147.8,trip_006,transit,37.215
419000006,2026-01-01T17:20:00,7.98518,78.53079,6.84,145.7,trip_006,transit,35.682
419000006,2026-01-01T17:30:00,7.96762,78.54099,7.27,149.9,trip_006,transit,34.153
419000006,2026-01-01T17:40:00,7.94971,78.5514,7.41,149.9,trip_006,transit,32.645
419000006,2026-01-01T17:50:00,7.92957,78.56048,7.91,155.8,trip_006,transit,31.106
419000006,2026-01-01T18:00:00,7.90814,78.56934,8.3,157.6,trip_006,transit,29.657
419000006,2026-01-01T18:10:00,7.88507,78.57592,8.59,164.1,trip_006,transit,28.203
419000006,2026-01-01T18:20:00,7.86319,78.58241,8.18,163.5,trip_006,transit,26.957
419000006,2026-01-01T18:30:00,7.84244,78.59178,8.15,155.8,trip_006,transit,25.746
419000006,2026-01-01T18:40:00,7.82194,78.60107,8.06,155.7,trip_006,transit,24.253
419000006,2026-01-01T18:50:00,7.80114,78.61003,8.11,156.8,trip_006,transit,22.773
419000006,2026-01-01T19:00:00,7.78063,78.61665,7.72,162.2,trip_006,transit,21.322
419000006,2026-01-01T19:10:00,7.75993,78.62514,8.01,157.8,trip_006,transit,20.13
419000006,2026-01-01T19:20:00,7.73718,78.63197,8.51,163.3,trip_006,transit,18.731
419000006,2026-01-01T19:30:00,7.71277,78.6366,8.9,169.3,trip_006,transit,17.464
419000006,2026-01-01T19:40:00,7.68891,78.64243,8.8,166.3,trip_006,transit,16.395
419000006,2026-01-01T19:50:00,7.66519,78.64988,8.91,162.6,trip_006,transit,15.21
419000006,2026-01-01T20:00:00,7.64116,78.65429,8.75,169.6,trip_006,transit,13.852
419000006,2026-01-01T20:10:00,7.61763,78.65822,8.55,170.5,trip_006,transit,12.816
419000006,2026-01-01T20:20:00,7.59538,78.66409,8.24,165.3,trip_006,transit,11.691
419000006,2026-01-01T20:30:00,7.57286,78.67312,8.69,158.2,trip_006,transit,10.041
419000006,2026-01-01T20:40:00,7.5498,78.68311,9.0,156.6,trip_006,transit,8.062
419000006,2026-01-01T20:50:00,7.52708,78.69161,8.69,159.5,trip_006,transit,5.963
419000006,2026-01-01T21:00:00,7.50444,78.70251,9.0,154.3,trip_006,imbl_approach,4.027
419000006,2026-01-01T21:10:00,7.48256,78.71488,9.0,150.6,trip_006,imbl_approach,1.857
419000006,2026-01-01T21:20:00,7.46203,78.72938,9.0,144.8,trip_006,imbl_approach,0.423
419000006,2026-01-01T21:30:00,7.44095,78.74165,8.74,149.8,trip_006,imbl_approach,2.85
419000006,2026-01-01T21:40:00,7.42006,78.75563,9.0,146.3,trip_006,transit,5.082
419000006,2026-01-01T21:50:00,7.40029,78.77083,8.93,142.5,trip_006,transit,7.475
419000006,2026-01-01T22:00:00,7.38134,78.78597,8.68,141.4,trip_006,transit,9.935
419000006,2026-01-01T22:10:00,7.36066,78.80003,8.95,145.8,trip_006,transit,12.351
419000006,2026-01-01T22:20:00,7.34037,78.81486,9.0,143.9,trip_006,transit,14.742
419000006,2026-01-01T22:30:00,7.32238,78.83036,8.5,139.3,trip_006,transit,17.191
419000006,2026-01-01T22:40:00,7.30302,78.84639,9.0,140.4,trip_006,transit,19.598
419000006,2026-01-01T22:50:00,7.28643,78.86417,8.71,133.0,trip_006,transit,22.121
419000006,2026-01-01T23:00:00,7.26919,78.88246,9.0,133.4,trip_006,transit,24.687
419000006,2026-01-01T23:10:00,7.25432,78.90238,8.9,126.8,trip_006,transit,27.335
419000006,2026-01-01T23:20:00,7.23836,78.92094,8.77,130.7,trip_006,transit,30.03
419000006,2026-01-01T23:30:00,7.22456,78.94014,8.46,125.8,trip_006,transit,32.644
419000006,2026-01-01T23:40:00,7.21127,78.95963,8.44,124.3,trip_006,transit,35.216
419000006,2026-01-01T23:50:00,7.19584,78.97798,8.58,130.1,trip_006,transit,37.793
419000006,2026-01-02T00:00:00,7.17866,78.99633,9.0,133.1,trip_006,transit,40.36
419000006,2026-01-02T00:10:00,7.16212,79.01489,8.9,131.7,trip_006,transit,43.012
419000006,2026-01-02T00:20:00,7.14404,79.0309,8.65,138.5,trip_006,transit,45.665
419000006,2026-01-02T00:30:00,7.1244,79.04616,8.9,142.2,trip_006,transit,48.16
419000006,2026-01-02T00:40:00,7.10667,79.06345,8.87,135.8,trip_006,transit,50.665
419000006,2026-01-02T00:50:00,7.09101,79.08151,8.56,131.0,trip_006,transit,53.273
419000006,2026-01-02T01:00:00,7.07591,79.09927,8.35,130.4,trip_006,transit,55.846
419000006,2026-01-02T01:10:00,7.0586,79.11653,8.75,135.1,trip_006,transit,58.362
419000006,2026-01-02T01:20:00,7.04039,79.13185,8.52,140.0,trip_006,transit,60.943
419000006,2026-01-02T01:30:00,7.02368,79.1478,8.28,136.3,trip_006,transit,63.382
419000006,2026-01-02T01:40:00,7.00787,79.16632,8.72,130.5,trip_006,transit,65.805
419000006,2026-01-02T01:50:00,6.99306,79.18467,8.44,128.9,trip_006,transit,68.432
419000006,2026-01-02T02:00:00,6.97674,79.20129,8.34,134.5,trip_006,transit,70.991
419000006,2026-01-02T02:10:00,6.96328,79.21914,8.0,127.1,trip_006,transit,73.459
419000006,2026-01-02T02:20:00,6.94864,79.23706,8.29,129.3,trip_006,transit,75.899
419000006,2026-01-02T02:30:00,6.93482,79.25706,8.71,124.7,trip_006,transit,78.407
419000006,2026-01-02T02:40:00,6.91858,79.27624,9.0,130.3,trip_006,transit,81.076
419000006,2026-01-02T02:50:00,6.90458,79.29558,8.55,125.9,trip_006,transit,83.79
419000006,2026-01-02T03:00:00,6.88904,79.31298,8.36,131.8,trip_006,transit,86.404
419000006,2026-01-02T03:10:00,6.87243,79.33038,8.62,133.7,trip_006,transit,88.909
419000006,2026-01-02T03:20:00,6.85723,79.35003,8.9,127.7,trip_006,transit,91.469
419000006,2026-01-02T03:30:00,6.83954,79.36787,9.0,134.8,trip_006,transit,94.175
419000006,2026-01-02T03:40:00,6.82214,79.386,9.0,133.8,trip_006,transit,96.835
419000006,2026-01-02T03:50:00,6.80461,79.404,9.0,134.3,trip_006,transit,99.507
419000006,2026-01-02T04:00:00,6.78554,79.42036,9.0,139.4,trip_006,transit,102.174
419000006,2026-01-02T04:10:00,6.76824,79.43707,8.62,136.0,trip_006,transit,104.76
419000006,2026-01-02T04:20:00,6.7522,79.45502,8.62,131.8,trip_006,transit,107.29
419000006,2026-01-02T04:30:00,6.73598,79.4731,8.7,131.9,trip_006,transit,109.874
419000006,2026-01-02T04:40:00,6.71978,79.49227,8.99,130.2,trip_006,transit,112.482
419000006,2026-01-02T04:50:00,6.70199,79.50896,8.74,136.8,trip_006,transit,115.194
419000006,2026-01-02T05:00:00,6.68276,79.52475,8.91,140.6,trip_006,transit,117.747
419000006,2026-01-02T05:10:00,6.66411,79.53988,8.6,141.0,trip_006,transit,120.287
419000006,2026-01-02T05:20:00,6.64335,79.55403,9.0,145.7,trip_006,transit,122.732
419000006,2026-01-02T05:30:00,6.62176,79.56688,9.0,149.3,trip_006,transit,125.192
419000006,2026-01-02T05:40:00,6.59902,79.57653,8.85,157.0,trip_006,transit,127.567
419000007,2026-01-01T12:10:00,8.75365,78.21148,8.87,100.9,trip_007,transit,91.731
419000007,2026-01-01T12:20:00,8.74663,78.23472,8.66,106.9,trip_007,transit,89.115
419000007,2026-01-01T12:30:00,8.73789,78.257,8.54,111.5,trip_007,transit,86.499
419000007,2026-01-01T12:40:00,8.72575,78.27885,8.92,119.2,trip_007,transit,83.884
419000007,2026-01-01T12:50:00,8.71473,78.30154,9.0,116.0,trip_007,transit,81.13
419000007,2026-01-01T13:00:00,8.70476,78.32471,9.0,113.4,trip_007,transit,78.356
419000007,2026-01-01T13:10:00,8.69377,78.34741,9.0,115.9,trip_007,transit,75.592
419000007,2026-01-01T13:20:00,8.68612,78.37063,8.72,108.3,trip_007,transit,72.819
419000007,2026-01-01T13:30:00,8.67705,78.39352,8.78,111.7,trip_007,transit,70.18
419000007,2026-01-01T13:40:00,8.66846,78.41525,8.34,111.6,trip_007,transit,67.497
419000007,2026-01-01T13:50:00,8.66047,78.43831,8.7,109.2,trip_007,transit,64.952
419000007,2026-01-01T14:00:00,8.65559,78.46192,8.6,101.7,trip_007,transit,62.32
419000007,2026-01-01T14:10:00,8.64825,78.48356,8.15,108.8,trip_007,transit,59.821
419000007,2026-01-01T14:20:00,8.63968,78.504,7.91,112.8,trip_007,transit,57.372
419000007,2026-01-01T14:30:00,8.62876,78.52406,8.15,118.7,trip_007,transit,54.966
419000007,2026-01-01T14:40:00,8.6162,78.54217,7.87,124.9,trip_007,transit,52.456
419000007,2026-01-01T14:50:00,8.60303,78.56081,8.15,125.4,trip_007,transit,50.028
419000007,2026-01-01T15:00:00,8.5916,78.57969,7.88,121.3,trip_007,transit,47.514
419000007,2026-01-01T15:10:00,8.58224,78.6011,8.34,113.7,trip_007,transit,45.083
419000007,2026-01-01T15:20:00,8.57146,78.62225,8.48,117.1,trip_007,transit,42.543
419000007,2026-01-01T15:30:00,8.55924,78.6427,8.51,121.0,trip_007,transit,39.945
419000007,2026-01-01T15:40:00,8.54722,78.6631,8.46,120.6,trip_007,transit,37.323
419000007,2026-01-01T15:50:00,8.53486,78.68231,8.16,122.9,trip_007,transit,34.718
419000007,2026-01-01T16:00:00,8.51996,78.70075,8.47,129.1,trip_007,transit,32.2
419000007,2026-01-01T16:10:00,8.50572,78.71997,8.55,126.7,trip_007,transit,29.595
419000007,2026-01-01T16:20:00,8.49281,78.74161,9.0,120.9,trip_007,transit,26.96
419000007,2026-01-01T16:30:00,8.47756,78.76166,9.0,127.4,trip_007,transit,24.186
419000007,2026-01-01T16:40:00,8.4638,78.78165,8.67,124.7,trip_007,transit,21.413
419000007,2026-01-01T16:50:00,8.45225,78.80168,8.26,120.1,trip_007,transit,18.737
419000007,2026-01-01T17:00:00,8.44336,78.82173,7.83,114.0,trip_007,transit,16.194
419000007,2026-01-01T17:10:00,8.43246,78.83937,7.4,121.8,trip_007,transit,13.821
419000007,2026-01-01T17:20:00,8.42302,78.85885,7.73,116.0,trip_007,transit,11.543
419000007,2026-01-01T17:30:00,8.41279,78.87881,8.01,117.2,trip_007,transit,9.209
419000007,2026-01-01T17:40:00,8.40132,78.8993,8.39,119.3,trip_007,transit,6.815
419000007,2026-01-01T17:50:00,8.38904,78.91939,8.41,121.5,trip_007,imbl_approach,4.329
419000007,2026-01-01T18:00:00,8.37568,78.93859,8.36,124.9,trip_007,imbl_approach,1.813
419000007,2026-01-01T18:10:00,8.3632,78.95827,8.33,122.5,trip_007,imbl_approach,0.72
419000007,2026-01-01T18:20:00,8.3522,78.97976,8.62,117.2,trip_007,imbl_approach,3.221
419000007,2026-01-01T18:30:00,8.34304,79.00105,8.28,113.4,trip_007,transit,5.743
419000007,2026-01-01T18:40:00,8.33508,79.02384,8.62,109.3,trip_007,transit,8.104
419000007,2026-01-01T18:50:00,8.32807,79.04748,8.8,106.6,trip_007,transit,10.484
419000007,2026-01-01T19:00:00,8.31919,79.06921,8.38,112.3,trip_007,transit,12.855
419000007,2026-01-01T19:10:00,8.30898,79.08974,8.19,116.5,trip_007,transit,15.227
419000007,2026-01-01T19:20:00,8.30021,79.1115,8.38,112.0,trip_007,transit,17.613
419000007,2026-01-01T19:30:00,8.28931,79.13161,8.17,118.6,trip_007,transit,19.979
419000007,2026-01-01T19:40:00,8.27831,79.151,7.96,119.7,trip_007,transit,22.388
419000007,2026-01-01T19:50:00,8.26685,79.17051,8.08,120.5,trip_007,transit,24.748
419000007,2026-01-01T20:00:00,8.25461,79.18995,8.21,122.3,trip_007,transit,27.155
419000007,2026-01-01T20:10:00,8.24416,79.21102,8.4,116.5,trip_007,transit,29.619
419000007,2026-01-01T20:20:00,8.23245,79.232,8.58,119.3,trip_007,transit,32.065
419000007,2026-01-01T20:30:00,8.22336,79.25409,8.53,112.4,trip_007,transit,34.605
419000007,2026-01-01T20:40:00,8.21524,79.27533,8.12,111.0,trip_007,transit,37.021
419000007,2026-01-01T20:50:00,8.20884,79.29697,8.06,106.5,trip_007,transit,39.295
419000007,2026-01-01T21:00:00,8.20124,79.31743,7.8,110.4,trip_007,transit,41.464
419000007,2026-01-01T21:10:00,8.19175,79.33723,7.84,115.7,trip_007,transit,43.637
419000007,2026-01-01T21:20:00,8.18089,79.35621,7.81,119.9,trip_007,transit,45.91
419000007,2026-01-01T21:30:00,8.16986,79.37548,7.93,119.9,trip_007,transit,48.229
419000007,2026-01-01T21:40:00,8.15664,79.39328,7.93,126.7,trip_007,transit,50.565
419000007,2026-01-01T21:50:00,8.14311,79.4112,8.03,127.2,trip_007,transit,52.9
419000007,2026-01-01T22:00:00,8.1292,79.42727,7.6,131.0,trip_007,transit,55.272
419000007,2026-01-01T22:10:00,8.11526,79.44324,7.58,131.2,trip_007,transit,57.556
419000007,2026-01-01T22:20:00,8.09956,79.45745,7.57,138.0,trip_007,transit,59.838
419000007,2026-01-01T22:30:00,8.08303,79.47267,8.04,137.5,trip_007,transit,62.163
419000007,2026-01-01T22:40:00,8.06736,79.4875,7.72,136.7,trip_007,transit,64.627
419000007,2026-01-01T22:50:00,8.05367,79.50268,7.31,132.1,trip_007,transit,66.99
419000007,2026-01-01T23:00:00,8.04232,79.51947,7.25,124.1,trip_007,transit,68.958
419000007,2026-01-01T23:10:00,8.02934,79.53587,7.48,128.5,trip_007,transit,71.034
419000007,2026-01-01T23:20:00,8.0185,79.554,7.55,121.0,trip_007,transit,73.105
419000007,2026-01-01T23:30:00,8.00892,79.5742,7.99,115.4,trip_007,transit,75.313
419000007,2026-01-01T23:40:00,8.00113,79.59554,8.12,110.1,trip_007,transit,77.832
419000007,2026-01-01T23:50:00,7.99426,79.61761,8.26,107.3,trip_007,transit,79.91
419000007,2026-01-02T00:00:00,7.98774,79.64054,8.52,105.9,trip_007,transit,81.882
419000007,2026-01-02T00:10:00,7.98272,79.66501,8.92,101.6,trip_007,transit,83.718
419000007,2026-01-02T00:20:00,7.97766,79.68969,9.0,101.6,trip_007,transit,85.488
419000007,2026-01-02T00:30:00,7.97022,79.71376,9.0,107.2,trip_007,transit,87.282
419000007,2026-01-02T00:40:00,7.96479,79.73775,8.79,102.8,trip_007,transit,89.313
419000007,2026-01-02T00:50:00,7.96113,79.7614,8.55,98.8,trip_007,transit,91.191
419000007,2026-01-02T01:00:00,7.95672,79.7862,9.0,100.1,trip_007,transit,92.924
419000007,2026-01-02T01:10:00,7.94896,79.81017,9.0,108.0,trip_007,transit,94.84
419000007,2026-01-02T01:20:00,7.94029,79.83381,9.0,110.2,trip_007,transit,97.045
419000007,2026-01-02T01:30:00,7.92921,79.8555,8.7,117.1,trip_007,transit,99.341
419000007,2026-01-02T01:40:00,7.91758,79.87783,9.0,117.6,trip_007,transit,101.745
419000007,2026-01-02T01:50:00,7.90726,79.90061,8.94,114.4,trip_007,transit,104.254
419000007,2026-01-02T02:00:00,7.89388,79.92193,9.0,122.2,trip_007,transit,106.693
419000007,2026-01-02T02:10:00,7.87817,79.94159,9.0,128.7,trip_007,transit,109.312
419000007,2026-01-02T02:20:00,7.86405,79.96181,8.82,125.0,trip_007,transit,112.023
419000007,2026-01-02T02:30:00,7.84956,79.98199,8.88,125.8,trip_007,transit,114.64
419000007,2026-01-02T02:40:00,7.83485,80.0024,9.0,125.9,trip_007,transit,117.29
419000007,2026-01-02T02:50:00,7.82066,80.02319,9.0,124.4,trip_007,transit,119.981
419000007,2026-01-02T03:00:00,7.8077,80.04421,8.83,121.7,trip_007,transit,122.657
419000007,2026-01-02T03:10:00,7.79737,80.06568,8.52,115.8,trip_007,transit,125.251
419000007,2026-01-02T03:20:00,7.78507,80.08591,8.47,121.4,trip_007,transit,127.665
419000007,2026-01-02T03:30:00,7.77401,80.10766,8.73,117.0,trip_007,transit,130.159
419000007,2026-01-02T03:40:00,7.76325,80.12806,8.25,117.9,trip_007,transit,132.667
419000007,2026-01-02T03:50:00,7.75393,80.14817,7.92,114.9,trip_007,transit,135.058
419000007,2026-01-02T04:00:00,7.74403,80.16729,7.7,117.4,trip_007,transit,137.315
419000007,2026-01-02T04:10:00,7.73695,80.1863,7.25,110.5,trip_007,transit,139.551
419000007,2026-01-02T04:20:00,7.72994,80.2039,6.77,111.8,trip_007,transit,141.557
419000007,2026-01-02T04:30:00,7.72169,80.21988,6.43,117.4,trip_007,transit,143.457
419000007,2026-01-02T04:40:00,7.71304,80.23547,6.37,119.1,trip_007,transit,145.336
419000007,2026-01-02T04:50:00,7.70521,80.25014,5.95,118.1,trip_007,transit,147.219
419000007,2026-01-02T05:00:00,7.69558,80.26502,6.34,123.0,trip_007,transit,148.969
419000007,2026-01-02T05:10:00,7.68844,80.28026,6.02,115.2,trip_007,transit,150.879
419000007,2026-01-02T05:20:00,7.67955,80.29472,6.07,121.6,trip_007,transit,152.623
419000007,2026-01-02T05:30:00,7.67249,80.30922,5.77,116.0,trip_007,transit,154.444
419000007,2026-01-02T05:40:00,7.66448,80.32395,6.0,118.6,trip_007,transit,156.129
419000007,2026-01-02T05:50:00,7.65543,80.33954,6.45,120.2,trip_007,transit,157.906
419000007,2026-01-02T06:00:00,7.64668,80.35467,6.25,120.1,trip_007,transit,159.835
419000007,2026-01-02T06:10:00,7.63823,80.36951,6.11,119.7,trip_007,transit,161.704
419000007,2026-01-02T06:20:00,7.63148,80.38381,5.65,115.3,trip_007,transit,163.529
419000007,2026-01-02T06:30:00,7.6251,80.39892,5.87,112.9,trip_007,transit,165.182
419000007,2026-01-02T06:40:00,7.62084,80.41459,5.81,105.2,trip_007,transit,166.874
419000007,2026-01-02T06:50:00,7.61586,80.43037,5.92,107.5,trip_007,transit,168.451
419000007,2026-01-02T07:00:00,7.60936,80.44652,6.23,112.0,trip_007,transit,170.095
419000007,2026-01-02T07:10:00,7.60239,80.46125,5.83,115.4,trip_007,transit,171.888
419000007,2026-01-02T07:20:00,7.5954,80.47629,5.93,115.0,trip_007,transit,173.604
419000007,2026-01-02T07:30:00,7.58995,80.4906,5.47,110.9,trip_007,transit,175.348
419000007,2026-01-02T07:40:00,7.58566,80.50516,5.43,106.5,trip_007,transit,176.92
419000007,2026-01-02T07:50:00,7.58195,80.51896,5.11,105.1,trip_007,transit,178.429
419000007,2026-01-02T08:00:00,7.57659,80.53347,5.53,110.3,trip_007,transit,179.834
419000007,2026-01-02T08:10:00,7.57215,80.54954,5.96,105.5,trip_007,transit,181.422
419000007,2026-01-02T08:20:00,7.56973,80.56724,6.39,97.8,trip_007,transit,183.074
419000007,2026-01-02T08:30:00,7.56546,80.58317,5.9,105.0,trip_007,transit,184.718
419000007,2026-01-02T08:40:00,7.55961,80.59999,6.37,109.2,trip_007,transit,186.354
419000007,2026-01-02T08:50:00,7.55132,80.61722,6.84,115.7,trip_007,transit,188.183
419000007,2026-01-02T09:00:00,7.54332,80.63328,6.42,116.5,trip_007,transit,190.223
419000007,2026-01-02T09:10:00,7.53363,80.64875,6.53,122.1,trip_007,transit,192.146
419000007,2026-01-02T09:20:00,7.52357,80.66371,6.45,124.0,trip_007,transit,194.141
419000007,2026-01-02T09:30:00,7.51378,80.67767,6.1,125.1,trip_007,transit,196.12
419000007,2026-01-02T09:40:00,7.50382,80.69002,5.68,128.9,trip_007,transit,197.996
419000007,2026-01-02T09:50:00,7.49243,80.70242,6.03,132.6,trip_007,transit,199.748
419000007,2026-01-02T10:00:00,7.48111,80.71493,6.04,132.2,trip_007,transit,201.607
419000007,2026-01-02T10:10:00,7.46964,80.72903,6.51,129.2,trip_007,transit,203.469
419000007,2026-01-02T10:20:00,7.45753,80.74209,6.37,132.9,trip_007,transit,205.476
419000007,2026-01-02T10:30:00,7.44713,80.75557,6.09,127.7,trip_007,transit,207.442
419000007,2026-01-02T10:40:00,7.43611,80.77015,6.54,127.1,trip_007,transit,209.321
419000008,2026-01-01T13:10:00,8.76253,78.21174,8.93,80.3,trip_008,transit,91.731
419000008,2026-01-01T13:20:00,8.76787,78.23641,9.0,77.7,trip_008,transit,89.562
419000008,2026-01-01T13:30:00,8.77127,78.26074,8.76,82.0,trip_008,transit,87.491
419000008,2026-01-01T13:40:00,8.77393,78.28585,9.0,83.9,trip_008,transit,85.382
419000008,2026-01-01T13:50:00,8.77792,78.3096,8.59,80.4,trip_008,transit,83.19
419000008,2026-01-01T14:00:00,8.78112,78.33303,8.43,82.2,trip_008,transit,81.24
419000008,2026-01-01T14:10:00,8.78605,78.35608,8.4,77.9,trip_008,transit,79.311
419000008,2026-01-01T14:20:00,8.78985,78.37873,8.19,80.4,trip_008,transit,77.567
419000008,2026-01-01T14:30:00,8.79449,78.40222,8.53,78.8,trip_008,transit,75.831
419000008,2026-01-01T14:40:00,8.79923,78.42666,8.88,79.0,trip_008,transit,74.127
419000008,2026-01-01T14:50:00,8.80427,78.4514,9.0,78.4,trip_008,transit,72.408
419000008,2026-01-01T15:00:00,8.80847,78.4752,8.62,79.9,trip_008,transit,70.751
419000008,2026-01-01T15:10:00,8.81106,78.4992,8.61,83.8,trip_008,transit,69.174
419000008,2026-01-01T15:20:00,8.81498,78.52204,8.26,80.2,trip_008,transit,67.521
419000008,2026-01-01T15:30:00,8.81798,78.54373,7.81,82.1,trip_008,transit,66.079
419000008,2026-01-01T15:40:00,8.82161,78.56429,7.45,79.9,trip_008,transit,64.652
419000008,2026-01-01T15:50:00,8.8254,78.58459,7.36,79.4,trip_008,transit,63.361
419000008,2026-01-01T16:00:00,8.829,78.60429,7.14,79.6,trip_008,transit,62.103
419000008,2026-01-01T16:10:00,8.83427,78.62394,7.25,74.9,trip_008,transit,60.877
419000008,2026-01-01T16:20:00,8.8401,78.64387,7.4,73.6,trip_008,transit,59.787
419000008,2026-01-01T16:30:00,8.84679,78.66208,6.92,69.7,trip_008,transit,58.718
419000008,2026-01-01T16:40:00,8.85422,78.67987,6.88,67.2,trip_008,transit,57.85
419000008,2026-01-01T16:50:00,8.86233,78.69831,7.19,66.1,trip_008,transit,57.074
419000008,2026-01-01T17:00:00,8.87086,78.71665,7.22,64.9,trip_008,transit,56.302
419000008,2026-01-01T17:10:00,8.87855,78.7339,6.74,65.9,trip_008,transit,55.57
419000008,2026-01-01T17:20:00,8.88602,78.75078,6.58,66.0,trip_008,transit,54.857
419000008,2026-01-01T17:30:00,8.89325,78.76653,6.18,65.2,trip_008,transit,54.204
419000008,2026-01-01T17:40:00,8.90016,78.78378,6.63,68.1,trip_008,transit,53.679
419000008,2026-01-01T17:50:00,8.9086,78.80064,6.73,63.3,trip_008,transit,53.09
419000008,2026-01-01T18:00:00,8.91602,78.81732,6.51,65.9,trip_008,transit,52.733
419000008,2026-01-01T18:10:00,8.92273,78.8347,6.64,68.8,trip_008,transit,52.317
419000008,2026-01-01T18:20:00,8.92851,78.85383,7.12,73.1,trip_008,transit,51.793
419000008,2026-01-01T18:30:00,8.93574,78.8723,7.07,68.5,trip_008,transit,51.073
419000008,2026-01-01T18:40:00,8.94247,78.88989,6.72,69.0,trip_008,transit,50.525
419000008,2026-01-01T18:50:00,8.95021,78.90855,7.2,67.3,trip_008,transit,49.988
419000008,2026-01-01T19:00:00,8.95944,78.92637,7.16,62.5,trip_008,transit,49.474
419000008,2026-01-01T19:10:00,8.96738,78.94426,6.98,65.9,trip_008,transit,49.146
419000008,2026-01-01T19:20:00,8.97594,78.96334,7.46,65.7,trip_008,transit,48.7
419000008,2026-01-01T19:30:00,8.98415,78.98145,7.09,65.5,trip_008,transit,48.234
419000008,2026-01-01T19:40:00,8.99435,78.99994,7.53,61.0,trip_008,transit,47.873
419000008,2026-01-01T19:50:00,9.0053,79.01802,7.54,58.6,trip_008,transit,47.778
419000008,2026-01-01T20:00:00,9.01737,79.03508,7.46,54.6,trip_008,transit,47.88
419000008,2026-01-01T20:10:00,9.02815,79.05302,7.46,58.9,trip_008,transit,47.271
419000008,2026-01-01T20:20:00,9.03712,79.07118,7.22,63.6,trip_008,transit,46.474
419000008,2026-01-01T20:30:00,9.04653,79.09025,7.58,63.6,trip_008,transit,45.533
419000008,2026-01-01T20:40:00,9.05582,79.10868,7.36,63.1,trip_008,transit,44.544
419000008,2026-01-01T20:50:00,9.06385,79.12738,7.25,66.6,trip_008,transit,43.602
419000008,2026-01-01T21:00:00,9.07229,79.14735,7.73,67.0,trip_008,transit,42.55
419000008,2026-01-01T21:10:00,9.08156,79.16632,7.53,63.8,trip_008,transit,41.417
419000008,2026-01-01T21:20:00,9.09219,79.18421,7.42,59.1,trip_008,transit,39.845
419000008,2026-01-01T21:30:00,9.10401,79.20194,7.6,56.1,trip_008,transit,38.026
419000008,2026-01-01T21:40:00,9.11709,79.21937,7.78,52.9,trip_008,transit,36.239
419000008,2026-01-01T21:50:00,9.13061,79.23593,7.63,50.6,trip_008,transit,34.501
419000008,2026-01-01T22:00:00,9.14496,79.25258,7.85,49.1,trip_008,transit,32.69
419000008,2026-01-01T22:10:00,9.15915,79.26886,7.71,48.7,trip_008,transit,30.859
419000008,2026-01-01T22:20:00,9.17245,79.28614,7.78,52.3,trip_008,transit,29.068
419000008,2026-01-01T22:30:00,9.18731,79.30359,8.18,49.4,trip_008,transit,27.168
419000008,2026-01-01T22:40:00,9.20177,79.31967,7.72,47.8,trip_008,transit,25.249
419000008,2026-01-01T22:50:00,9.21555,79.33494,7.35,47.8,trip_008,transit,23.471
419000008,2026-01-01T23:00:00,9.23049,79.35007,7.59,45.2,trip_008,transit,21.587
419000008,2026-01-01T23:10:00,9.24701,79.36476,7.9,41.5,trip_008,transit,19.703
419000008,2026-01-01T23:20:00,9.26258,79.38089,8.01,45.8,trip_008,transit,17.839
419000008,2026-01-01T23:30:00,9.27795,79.39804,8.22,47.9,trip_008,transit,15.834
419000008,2026-01-01T23:40:00,9.29153,79.41609,8.06,52.9,trip_008,transit,13.723
419000008,2026-01-01T23:50:00,9.30617,79.43335,8.08,49.5,trip_008,transit,11.542
419000008,2026-01-02T00:00:00,9.32014,79.45001,7.76,49.8,trip_008,transit,9.43
419000008,2026-01-02T00:10:00,9.33292,79.46588,7.27,51.0,trip_008,transit,7.395
419000008,2026-01-02T00:20:00,9.34412,79.48212,7.04,55.2,trip_008,transit,5.465
419000008,2026-01-02T00:30:00,9.35589,79.49656,6.65,50.6,trip_008,imbl_crossing,3.519
419000008,2026-01-02T00:40:00,9.36786,79.50997,6.42,48.0,trip_008,imbl_crossing,1.762
419000008,2026-01-02T00:50:00,9.38044,79.52193,6.2,43.4,trip_008,imbl_crossing,0.031
419000008,2026-01-02T01:00:00,9.39338,79.53297,6.08,40.3,trip_008,imbl_crossing,1.792
419000008,2026-01-02T01:10:00,9.40618,79.54347,5.92,39.1,trip_008,imbl_crossing,3.478
419000008,2026-01-02T01:20:00,9.41838,79.55287,5.51,37.4,trip_008,transit,5.102
419000008,2026-01-02T01:30:00,9.43062,79.56077,5.21,32.7,trip_008,transit,6.59
419000008,2026-01-02T01:40:00,9.44361,79.57002,5.7,35.2,trip_008,transit,7.928
419000008,2026-01-02T01:50:00,9.45588,79.58022,5.7,39.5,trip_008,transit,9.434
419000008,2026-01-02T02:00:00,9.46771,79.59016,5.52,39.8,trip_008,transit,11.005
419000008,2026-01-02T02:10:00,9.47959,79.60115,5.78,42.6,trip_008,transit,12.529
419000008,2026-01-02T02:20:00,9.49156,79.61365,6.18,46.0,trip_008,transit,14.162
419000008,2026-01-02T02:30:00,9.50419,79.62654,6.44,45.4,trip_008,transit,15.951
419000008,2026-01-02T02:40:00,9.51577,79.6397,6.25,48.4,trip_008,transit,17.808
419000008,2026-01-02T02:50:00,9.52566,79.65278,5.85,52.7,trip_008,transit,19.645
419000008,2026-01-02T03:00:00,9.53479,79.66731,6.12,57.7,trip_008,transit,21.399
419000008,2026-01-02T03:10:00,9.54518,79.68151,6.27,53.6,trip_008,transit,23.265
419000008,2026-01-02T03:20:00,9.55717,79.69538,6.54,48.9,trip_008,transit,25.154
419000008,2026-01-02T03:30:00,9.56861,79.7101,6.65,51.9,trip_008,transit,27.081
419000008,2026-01-02T03:40:00,9.57848,79.72457,6.24,55.5,trip_008,transit,29.068
419000008,2026-01-02T03:50:00,9.58876,79.73844,6.16,53.3,trip_008,transit,30.961
419000008,2026-01-02T04:00:00,9.60001,79.75134,6.11,48.7,trip_008,transit,32.812
419000008,2026-01-02T04:10:00,9.61156,79.76355,6.0,46.3,trip_008,transit,34.608
419000008,2026-01-02T04:20:00,9.62402,79.77636,6.38,45.6,trip_008,transit,36.348
419000008,2026-01-02T04:30:00,9.63778,79.78942,6.77,43.3,trip_008,transit,38.189
419000008,2026-01-02T04:40:00,9.65135,79.80197,6.6,42.6,trip_008,transit,38.627
419000008,2026-01-02T04:50:00,9.66474,79.81438,6.52,42.6,trip_008,transit,38.382
419000008,2026-01-02T05:00:00,9.67865,79.8262,6.52,40.2,trip_008,transit,37.335
419000008,2026-01-02T05:10:00,9.69291,79.83691,6.37,36.7,trip_008,transit,36.216
419000008,2026-01-02T05:20:00,9.70686,79.84763,6.29,37.3,trip_008,transit,35.025
419000008,2026-01-02T05:30:00,9.71967,79.85869,6.04,40.6,trip_008,transit,33.868
419000008,2026-01-02T05:40:00,9.7321,79.87133,6.33,45.3,trip_008,transit,32.842
419000008,2026-01-02T05:50:00,9.74407,79.88568,6.67,49.9,trip_008,transit,31.905
419000008,2026-01-02T06:00:00,9.75696,79.89931,6.69,46.4,trip_008,transit,31.068
419000008,2026-01-02T06:10:00,9.77125,79.91277,7.01,43.1,trip_008,transit,30.112
419000008,2026-01-02T06:20:00,9.78487,79.92599,6.77,43.9,trip_008,transit,29.002
419000008,2026-01-02T06:30:00,9.79676,79.93939,6.39,48.2,trip_008,transit,27.956
419000008,2026-01-02T06:40:00,9.8089,79.95339,6.61,48.8,trip_008,transit,27.099
419000008,2026-01-02T06:50:00,9.82227,79.96661,6.71,44.4,trip_008,transit,26.234
419000008,2026-01-02T07:00:00,9.83408,79.97964,6.28,47.6,trip_008,transit,25.214
419000008,2026-01-02T07:10:00,9.84541,79.9922,6.03,47.7,trip_008,transit,24.355
419000008,2026-01-02T07:20:00,9.85569,80.00427,5.65,49.3,trip_008,transit,23.532
419000008,2026-01-02T07:30:00,9.86568,80.01799,6.05,53.7,trip_008,transit,22.806
419000008,2026-01-02T07:40:00,9.87608,80.03075,5.87,50.6,trip_008,transit,22.161
419000008,2026-01-02T07:50:00,9.88667,80.04415,6.09,51.4,trip_008,transit,21.442
419000008,2026-01-02T08:00:00,9.89679,80.05669,5.75,50.9,trip_008,transit,20.724
419000008,2026-01-02T08:10:00,9.9087,80.06953,6.24,46.9,trip_008,transit,20.029
419000008,2026-01-02T08:20:00,9.92142,80.08303,6.62,46.5,trip_008,transit,19.154
419000008,2026-01-02T08:30:00,9.93499,80.09735,7.04,46.3,trip_008,transit,18.212
419000008,2026-01-02T08:40:00,9.94875,80.10993,6.65,42.2,trip_008,transit,17.21
419000008,2026-01-02T08:50:00,9.9624,80.12442,7.1,46.5,trip_008,transit,16.271
419000008,2026-01-02T09:00:00,9.97622,80.13817,6.96,44.6,trip_008,transit,15.668
419000008,2026-01-02T09:10:00,9.98999,80.15164,6.87,44.1,trip_008,transit,15.29
419000008,2026-01-02T09:20:00,10.00529,80.16508,7.27,41.0,trip_008,transit,15.191
419000008,2026-01-02T09:30:00,10.02161,80.17821,7.48,38.6,trip_008,transit,15.286
419000008,2026-01-02T09:40:00,10.03779,80.18932,7.02,34.2,trip_008,transit,15.625
419000008,2026-01-02T09:50:00,10.05331,80.2006,6.85,35.8,trip_008,transit,16.081
419000008,2026-01-02T10:00:00,10.06761,80.21161,6.45,37.3,trip_008,transit,16.839
419000008,2026-01-02T10:10:00,10.08154,80.22419,6.7,41.8,trip_008,transit,17.8
419000008,2026-01-02T10:20:00,10.0939,80.23693,6.33,45.6,trip_008,transit,19.094
419000008,2026-01-02T10:30:00,10.1064,80.24902,6.2,43.8,trip_008,transit,20.523
419000008,2026-01-02T10:40:00,10.1184,80.26079,6.0,44.2,trip_008,transit,21.962
419000008,2026-01-02T10:50:00,10.13099,80.27136,5.87,39.8,trip_008,transit,23.427
419000008,2026-01-02T11:00:00,10.14375,80.28118,5.75,37.3,trip_008,transit,24.828
419000008,2026-01-02T11:10:00,10.15647,80.28993,5.51,34.3,trip_008,transit,26.204
419000008,2026-01-02T11:20:00,10.16874,80.29878,5.4,35.6,trip_008,transit,27.513
419000008,2026-01-02T11:30:00,10.18131,80.30735,5.44,34.0,trip_008,transit,28.856
419000008,2026-01-02T11:40:00,10.1932,80.31631,5.32,36.7,trip_008,transit,30.215
419000008,2026-01-02T11:50:00,10.20598,80.32624,5.78,37.6,trip_008,transit,31.614
419000008,2026-01-02T12:00:00,10.21963,80.33694,6.19,37.8,trip_008,transit,33.175
419000008,2026-01-02T12:10:00,10.23179,80.34752,5.75,40.8,trip_008,transit,34.873
419000008,2026-01-02T12:20:00,10.2445,80.35831,5.95,40.1,trip_008,transit,36.506
419000008,2026-01-02T12:30:00,10.25617,80.37006,5.91,44.9,trip_008,transit,38.2
419000008,2026-01-02T12:40:00,10.26877,80.38106,5.97,40.8,trip_008,transit,39.944
419000008,2026-01-02T12:50:00,10.28261,80.39164,6.22,37.1,trip_008,transit,41.674
419000008,2026-01-02T13:00:00,10.29694,80.40261,6.44,37.2,trip_008,transit,43.443
419000008,2026-01-02T13:10:00,10.31081,80.41474,6.57,40.9,trip_008,transit,45.289
419000008,2026-01-02T13:20:00,10.32496,80.42761,6.83,42.0,trip_008,transit,47.226
419000008,2026-01-02T13:30:00,10.33906,80.44206,7.2,45.4,trip_008,transit,49.256
419000008,2026-01-02T13:40:00,10.35438,80.45542,7.25,40.8,trip_008,transit,51.433
419000009,2026-01-01T14:10:00,8.74205,78.19945,7.32,142.8,trip_009,normal_fishing,91.731
419000009,2026-01-01T14:20:00,8.72643,78.2144,7.73,136.4,trip_009,normal_fishing,89.688
419000009,2026-01-01T14:30:00,8.71547,78.23037,6.92,124.6,trip_009,normal_fishing,87.438
419000009,2026-01-01T14:40:00,8.69953,78.24376,7.44,140.1,trip_009,normal_fishing,85.323
419000009,2026-01-01T14:50:00,8.68743,78.25928,7.03,128.1,trip_009,normal_fishing,83.222
419000009,2026-01-01T15:00:00,8.67001,78.27066,7.45,147.0,trip_009,normal_fishing,81.102
419000009,2026-01-01T15:10:00,8.65271,78.28014,7.06,151.4,trip_009,normal_fishing,79.149
419000009,2026-01-01T15:20:00,8.63896,78.29042,6.14,143.4,trip_009,normal_fishing,77.412
419000009,2026-01-01T15:30:00,8.62602,78.29719,5.23,152.5,trip_009,normal_fishing,75.769
419000009,2026-01-01T15:40:00,8.61526,78.3089,5.69,132.7,trip_009,normal_fishing,74.53
419000009,2026-01-01T15:50:00,8.60018,78.31742,6.2,150.6,trip_009,normal_fishing,72.888
419000009,2026-01-01T16:00:00,8.58534,78.3262,6.17,149.5,trip_009,normal_fishing,71.408
419000009,2026-01-01T16:10:00,8.57173,78.3351,5.82,147.0,trip_009,normal_fishing,69.932
419000009,2026-01-01T16:20:00,8.5583,78.34358,5.68,147.8,trip_009,normal_fishing,68.507
419000009,2026-01-01T16:30:00,8.54238,78.35217,6.48,151.8,trip_009,normal_fishing,67.151
419000009,2026-01-01T16:40:00,8.52682,78.35449,5.64,171.6,trip_009,normal_fishing,65.72
419000009,2026-01-01T16:50:00,8.51323,78.35766,5.0,166.9,trip_009,normal_fishing,64.997
419000009,2026-01-01T17:00:00,8.50117,78.36183,4.57,161.0,trip_009,normal_fishing,64.276
419000009,2026-01-01T17:10:00,8.4891,78.3694,5.1,148.0,trip_009,normal_fishing,63.514
419000009,2026-01-01T17:20:00,8.47506,78.37826,5.94,147.9,trip_009,normal_fishing,62.408
419000009,2026-01-01T17:30:00,8.46612,78.38928,5.07,129.2,trip_009,normal_fishing,61.142
419000009,2026-01-01T17:40:00,8.45929,78.39897,4.23,125.3,trip_009,normal_fishing,59.767
419000009,2026-01-01T17:50:00,8.45297,78.4121,5.21,115.8,trip_009,normal_fishing,58.586
419000009,2026-01-01T18:00:00,8.44983,78.42461,4.6,104.2,trip_009,normal_fishing,57.044
419000009,2026-01-01T18:10:00,8.44605,78.43692,4.6,107.1,trip_009,normal_fishing,55.628
419000009,2026-01-01T18:20:00,8.44184,78.44836,4.35,110.3,trip_009,normal_fishing,54.222
419000009,2026-01-01T18:30:00,8.43626,78.45685,3.63,123.4,trip_009,normal_fishing,52.903
419000009,2026-01-01T18:40:00,8.43058,78.46652,4.01,120.5,trip_009,normal_fishing,51.878
419000009,2026-01-01T18:50:00,8.42315,78.47392,3.75,135.3,trip_009,normal_fishing,50.723
419000009,2026-01-01T19:00:00,8.41717,78.47933,2.88,138.0,trip_009,normal_fishing,49.784
419000009,2026-01-01T19:10:00,8.41395,78.48399,2.02,124.8,trip_009,normal_fishing,49.087
419000009,2026-01-01T19:20:00,8.41085,78.48722,1.6,133.9,trip_009,normal_fishing,48.522
419000009,2026-01-01T19:30:00,8.40752,78.48976,1.5,142.8,trip_009,normal_fishing,48.114
419000009,2026-01-01T19:40:00,8.40193,78.4921,2.17,157.4,trip_009,normal_fishing,47.777
419000009,2026-01-01T19:50:00,8.39868,78.49475,1.5,140.9,trip_009,normal_fishing,47.42
419000009,2026-01-01T20:00:00,8.39531,78.49993,2.21,123.2,trip_009,normal_fishing,47.073
419000009,2026-01-01T20:10:00,8.39284,78.50589,2.3,112.5,trip_009,normal_fishing,46.449
419000009,2026-01-01T20:20:00,8.39013,78.51353,2.89,109.6,trip_009,normal_fishing,45.756
419000009,2026-01-01T20:30:00,8.38748,78.5212,2.9,109.2,trip_009,normal_fishing,44.876
419000009,2026-01-01T20:40:00,8.38364,78.526,2.2,128.7,trip_009,normal_fishing,43.994
419000009,2026-01-01T20:50:00,8.38035,78.5286,1.5,141.9,trip_009,normal_fishing,43.402
419000009,2026-01-01T21:00:00,8.37542,78.5326,2.27,141.1,trip_009,normal_fishing,43.06
419000009,2026-01-01T21:10:00,8.36918,78.53656,2.64,147.7,trip_009,normal_fishing,42.535
419000009,2026-01-01T21:20:00,8.36402,78.5412,2.48,138.2,trip_009,normal_fishing,41.99
419000009,2026-01-01T21:30:00,8.35923,78.54638,2.52,132.9,trip_009,normal_fishing,41.392
419000009,2026-01-01T21:40:00,8.35522,78.55096,2.18,131.3,trip_009,normal_fishing,40.741
419000009,2026-01-01T21:50:00,8.35263,78.55488,1.68,123.6,trip_009,normal_fishing,40.17
419000009,2026-01-01T22:00:00,8.35065,78.55858,1.5,118.2,trip_009,normal_fishing,39.697
419000009,2026-01-01T22:10:00,8.34741,78.56207,1.7,133.1,trip_009,normal_fishing,39.258
419000009,2026-01-01T22:20:00,8.34463,78.56723,2.09,118.4,trip_009,normal_fishing,38.819
419000009,2026-01-01T22:30:00,8.34169,78.57048,1.57,132.3,trip_009,normal_fishing,38.208
419000009,2026-01-01T22:40:00,8.34067,78.57445,1.46,104.4,trip_009,distress_drift,37.801
419000009,2026-01-01T22:50:00,8.34185,78.57741,1.14,68.1,trip_009,distress_drift,37.351
419000009,2026-01-01T23:00:00,8.34101,78.58015,1.02,107.1,trip_009,distress_drift,37.052
419000009,2026-01-01T23:10:00,8.3395,78.58216,0.9,127.0,trip_009,distress_drift,36.739
419000009,2026-01-01T23:20:00,8.33838,78.58331,0.57,134.3,trip_009,distress_drift,36.492
419000009,2026-01-01T23:30:00,8.33767,78.58442,0.47,123.1,trip_009,distress_drift,36.347
419000009,2026-01-01T23:40:00,8.33753,78.58457,0.07,130.7,trip_009,distress_drift,36.213
419000009,2026-01-01T23:50:00,8.33753,78.58457,0.0,111.3,trip_009,distress_drift,36.194
419000009,2026-01-02T00:00:00,8.33753,78.58457,0.0,81.2,trip_009,distress_drift,36.194
419000009,2026-01-02T00:10:00,8.33753,78.58457,0.0,88.9,trip_009,distress_drift,36.194
419000009,2026-01-02T00:20:00,8.33753,78.58457,0.0,109.2,trip_009,distress_drift,36.194
419000009,2026-01-02T00:30:00,8.33753,78.58457,0.0,133.6,trip_009,distress_drift,36.194
419000009,2026-01-02T00:40:00,8.33753,78.58457,0.0,138.1,trip_009,distress_drift,36.194
419000009,2026-01-02T00:50:00,8.33753,78.58457,0.0,124.5,trip_009,distress_drift,36.194
419000009,2026-01-02T01:00:00,8.33753,78.58457,0.0,139.0,trip_009,distress_drift,36.194
419000009,2026-01-02T01:10:00,8.33753,78.58457,0.0,132.4,trip_009,distress_drift,36.194
419000009,2026-01-02T01:20:00,8.33753,78.58457,0.0,131.4,trip_009,distress_drift,36.194
419000009,2026-01-02T01:30:00,8.33753,78.58457,0.0,110.3,trip_009,distress_drift,36.194
419000009,2026-01-02T01:40:00,8.33753,78.58457,0.0,75.7,trip_009,distress_drift,36.194
419000009,2026-01-02T01:50:00,8.33753,78.58457,0.0,45.6,trip_009,distress_drift,36.194
419000009,2026-01-02T02:00:00,8.33753,78.58457,0.0,66.8,trip_009,distress_drift,36.194
419000009,2026-01-02T02:10:00,8.33753,78.58457,0.0,98.8,trip_009,distress_drift,36.194
419000009,2026-01-02T02:20:00,8.33753,78.58457,0.0,64.3,trip_009,distress_drift,36.194
419000009,2026-01-02T02:30:00,8.33753,78.58457,0.0,74.9,trip_009,distress_drift,36.194
419000009,2026-01-02T02:40:00,8.33753,78.58457,0.0,101.1,trip_009,distress_drift,36.194
419000009,2026-01-02T02:50:00,8.33753,78.58457,0.0,108.0,trip_009,distress_drift,36.194
419000009,2026-01-02T03:00:00,8.33753,78.58457,0.0,123.8,trip_009,distress_drift,36.194
419000009,2026-01-02T03:10:00,8.33753,78.58457,0.0,130.8,trip_009,distress_drift,36.194
419000009,2026-01-02T03:20:00,8.33753,78.58457,0.0,125.8,trip_009,distress_drift,36.194
419000009,2026-01-02T03:30:00,8.33753,78.58457,0.0,165.6,trip_009,distress_drift,36.194
419000009,2026-01-02T03:40:00,8.33753,78.58457,0.0,141.8,trip_009,distress_drift,36.194
419000009,2026-01-02T03:50:00,8.33753,78.58457,0.0,140.3,trip_009,distress_drift,36.194
419000009,2026-01-02T04:00:00,8.33753,78.58457,0.0,104.2,trip_009,distress_drift,36.194
419000009,2026-01-02T04:10:00,8.33753,78.58457,0.0,110.8,trip_009,distress_drift,36.194
