{
"type": "FeatureCollection",
"name": "geofence_territorial_sea_12nm_approx",
"crs": { "type": "name", "properties": { "name": "urn:ogc:def:crs:OGC:1.3:CRS84" } },
"features": [
{ "type": "Feature", "properties": { "zone": "Territorial sea (~12NM, approx.)" }, "geometry": { "type": "MultiPolygon", "coordinates": [ [ [ [ 67.064175815479217, 24.374108479206498 ], [ 67.053634489475684, 24.388199740483547 ], [ 67.043474680685918, 24.404992600620517 ], [ 67.035009782281023, 24.422700433949839 ], [ 67.028321315860012, 24.441152704356465 ], [ 67.023473695010807, 24.460171706389346 ], [ 67.020513604972166, 24.479574276662053 ], [ 67.01946955302931, 24.499173557816341 ], [ 67.020351593973189, 24.518780798060639 ], [ 67.023151233267342, 24.538207168952983 ], [ 67.02784150885492, 24.557265583922149 ], [ 67.034377250818039, 24.575772500013588 ], [ 67.042695516388818, 24.593549685508439 ], [ 67.052716196122574, 24.610425936392378 ], [ 67.06434278539561, 24.626238725143907 ], [ 67.07746331379748, 24.640835765963189 ], [ 67.091951423467279, 24.654076481367586 ], [ 67.107667585988864, 24.665833356029641 ], [ 67.124460446125838, 24.675993164819399 ], [ 67.142168279455163, 24.684458063224291 ], [ 67.16062054986179, 24.691146529645302 ], [ 67.179639551894667, 24.695994150494506 ], [ 67.19904212216737, 24.698954240533148 ], [ 67.218641403321669, 24.699998292476003 ], [ 67.238248643565953, 24.699116251532129 ], [ 67.2576750144583, 24.696316612237982 ], [ 67.276733429427466, 24.691626336650408 ], [ 67.295240345518906, 24.685090594687278 ], [ 67.313017531013756, 24.676772329116503 ], [ 67.329893781897695, 24.666751649382746 ], [ 67.345706570649227, 24.655125060109711 ], [ 67.36030361146851, 24.642004531707837 ], [ 67.371559269963271, 24.630841512707914 ], [ 67.389041567872994, 24.611047416935524 ], [ 67.389054231711839, 24.611031011508018 ], [ 67.398121630892803, 24.605562728895993 ], [ 67.413720500989655, 24.593949971302319 ], [ 67.428117807264812, 24.580877157555953 ], [ 67.441177430066773, 24.566467884864426 ], [ 67.452775896902054, 24.550858386016007 ], [ 67.462803549808712, 24.534196241363784 ], [ 67.471165582119923, 24.516638983523954 ], [ 67.473568219586994, 24.509999541282006 ], [ 67.484892757193734, 24.502099698792964 ], [ 67.499947651634329, 24.489205178883502 ], [ 67.51365218747452, 24.474883719889469 ], [ 67.525871745575998, 24.459276000962042 ], [ 67.53648629368071, 24.442535336135176 ], [ 67.545391565483257, 24.424826168327634 ], [ 67.552500084834818, 24.406322454026409 ], [ 67.557742025018101, 24.387205954518713 ], [ 67.561065894652515, 24.367664450457706 ], [ 67.562439043492091, 24.347889897300245 ], [ 67.561847983147629, 24.328076539735662 ], [ 67.559298519582555, 24.308419003627513 ], [ 67.554815696081263, 24.289110384211067 ], [ 67.548443547249803, 24.270340349326105 ], [ 67.54804305304252, 24.269458796296025 ], [ 67.556694843964053, 24.268855381381577 ], [ 67.575959954712275, 24.265600705902848 ], [ 67.594815566415846, 24.260481788839865 ], [ 67.613081731767892, 24.253547482245487 ], [ 67.630584128804585, 24.244863963224763 ], [ 67.647155724535438, 24.234514102378043 ], [ 67.66263836901183, 24.22259667293077 ], [ 67.676884304620799, 24.209225408097616 ], [ 67.689757576200194, 24.194527915676922 ], [ 67.701135328517978, 24.178644460233969 ], [ 67.710908978733144, 24.161726624495181 ], [ 67.718985252649034, 24.14393586272822 ], [ 67.725287074869556, 24.125441959913665 ], [ 67.727158640858534, 24.11747321514336 ], [ 67.73538108361889, 24.114098979276253 ], [ 67.752837991797037, 24.104826025111127 ], [ 67.769294268769158, 24.093875122394632 ], [ 67.770434587931291, 24.092941546955899 ], [ 67.772782247136007, 24.094145490729112 ], [ 67.790975127963051, 24.101328144120849 ], [ 67.80978261067979, 24.106699365247593 ], [ 67.829024815150802, 24.110207782216666 ], [ 67.848517703437651, 24.111819839526301 ], [ 67.8680748399903, 24.111520119000041 ], [ 67.887509174769974, 24.10931148725059 ], [ 67.90330755120678, 24.105927720220137 ], [ 67.914747765475937, 24.113184742072683 ], [ 67.93215218779045, 24.121976525852741 ], [ 67.950330027642053, 24.129031702425078 ], [ 67.969108500401092, 24.134283210682259 ], [ 67.988309112281314, 24.137681133807071 ], [ 68.007749356965164, 24.139193173743553 ], [ 68.027244450369068, 24.138804958197607 ], [ 68.046609087059551, 24.136520177249018 ], [ 68.065659201624754, 24.132360548276377 ], [ 68.084213718259363, 24.126365609528303 ], [ 68.094874526259375, 24.122337289528271 ], [ 68.101850153078544, 24.119342793904931 ], [ 68.117210366105681, 24.115880539864357 ], [ 68.135806067508, 24.109724751929395 ], [ 68.147289817266881, 24.104628643975076 ], [ 68.160238361600435, 24.105077742846071 ], [ 68.179575308802598, 24.103872639607903 ], [ 68.198704920562761, 24.100802174688873 ], [ 68.217447679916987, 24.095895162084108 ], [ 68.235627700219084, 24.089197650402227 ], [ 68.253074375704017, 24.080772490733892 ], [ 68.26962398249421, 24.070698746841792 ], [ 68.285121215024503, 24.059070953206902 ], [ 68.299420643467656, 24.045998227893772 ], [ 68.31238807848348, 24.031603248559854 ], [ 68.323901830484473, 24.016021101218314 ], [ 68.333853851600708, 23.999398012557794 ], [ 68.342150749627564, 23.981889977715312 ], [ 68.367785515627617, 23.920244469715286 ], [ 68.371578152200755, 23.909810003065992 ], [ 68.38473577371974, 23.917047747979005 ], [ 68.401896847664688, 23.924492981747953 ], [ 68.419678466292339, 23.930302284959058 ], [ 68.437925069795043, 23.934424835799678 ], [ 68.438645951054966, 23.934552606876085 ], [ 68.441070722798187, 23.936050753844064 ], [ 68.45736633142397, 23.944172611320376 ], [ 68.465880873393601, 23.947942731583201 ], [ 68.47908297207394, 23.963229517523011 ], [ 68.495138792387223, 23.978150935882699 ], [ 68.505555459387182, 23.986817927882729 ], [ 68.519919415549964, 23.997712199375702 ], [ 68.535206027783232, 24.007268761228097 ], [ 68.55129108915699, 24.015409964370846 ], [ 68.568043905174534, 24.022069659821206 ], [ 68.585328355692639, 24.027193736157102 ], [ 68.603004000926305, 24.030740559183783 ], [ 68.623593192926293, 24.033914388183774 ], [ 68.643373615395788, 24.035537027533344 ], [ 68.645217732673629, 24.037099503736201 ], [ 68.661198528515385, 24.048166309424481 ], [ 68.678178189465882, 24.057629455723855 ], [ 68.695996317147859, 24.065399549017165 ], [ 68.714484592607491, 24.071403189113472 ], [ 68.73346836633965, 24.075583662623021 ], [ 68.752768308114412, 24.077901478700316 ], [ 68.756140905021979, 24.077976668489057 ], [ 68.766493963089701, 24.080550807369246 ], [ 68.784882689847151, 24.083342471355003 ], [ 68.803451235391449, 24.084413814408922 ], [ 68.822039010278687, 24.083755571056503 ], [ 68.840485258760637, 24.081373434093322 ], [ 68.858630449075477, 24.077288005351079 ], [ 68.87631765315281, 24.071534617523341 ], [ 68.892268174152846, 24.065512482523374 ], [ 68.910318369019208, 24.057662291417643 ], [ 68.927509492820519, 24.048075827128933 ], [ 68.943675034465414, 24.036845942960451 ], [ 68.958658416524031, 24.024081410176372 ], [ 68.97231451181753, 24.009905864456879 ], [ 68.984511049101897, 23.994456608378314 ], [ 68.995129894230899, 23.977883281517457 ], [ 69.004068194388623, 23.960346411061163 ], [ 69.011239374309184, 23.942015856959955 ], [ 69.016573974833989, 23.923069166685632 ], [ 69.02002032568447, 23.90368985552848 ], [ 69.02154504593409, 23.884065629090969 ], [ 69.021133367331757, 23.864386565194565 ], [ 69.018789277345292, 23.844843272809559 ], [ 69.014535480539365, 23.825625045840241 ], [ 69.008413178661854, 23.806918029647619 ], [ 69.000481671568821, 23.788903418068582 ], [ 68.990817782853497, 23.771755698394873 ], [ 68.979515115742473, 23.755640961310831 ], [ 68.966683146466465, 23.740715292159663 ], [ 68.952446163887174, 23.727123259120152 ], [ 68.936942065650712, 23.714996512937251 ], [ 68.884126310650672, 23.677724376937238 ], [ 68.864058781239265, 23.665269561425792 ], [ 68.842662932708166, 23.655267270101518 ], [ 68.836585958028095, 23.652852578332862 ], [ 68.825068722834686, 23.645406354544843 ], [ 68.806014829473924, 23.635795199036203 ], [ 68.787400092403857, 23.628779571846771 ], [ 68.773775359692763, 23.614813138722642 ], [ 68.758238637504505, 23.601820192072548 ], [ 68.741467502207357, 23.590465218719331 ], [ 68.723633944476759, 23.580864665731241 ], [ 68.705527133911929, 23.57336800451802 ], [ 68.70217332224108, 23.568621071294068 ], [ 68.688884039936312, 23.551802312827881 ], [ 68.688210404443822, 23.55111580160041 ], [ 68.695066360161533, 23.543073792926027 ], [ 68.706747289769439, 23.526105971256747 ], [ 68.71662091102101, 23.50802662690786 ], [ 68.721259583021066, 23.498383072907881 ], [ 68.724034490573146, 23.491815432198532 ], [ 68.729033186259002, 23.488154018586478 ], [ 68.743720592892132, 23.474987359845851 ], [ 68.757039576656013, 23.460437944479715 ], [ 68.768860583523875, 23.444647294948144 ], [ 68.779068630320751, 23.427769007221258 ], [ 68.782974880320751, 23.420526168221244 ], [ 68.791400071561952, 23.402893095455255 ], [ 68.798064128460453, 23.384521937400439 ], [ 68.802903424416499, 23.365588096868965 ], [ 68.805350178211782, 23.349666394198412 ], [ 68.806420822445943, 23.347507252799247 ], [ 68.813425258843608, 23.328965325685051 ], [ 68.818559973478017, 23.309821138682718 ], [ 68.821774535083122, 23.29026271890902 ], [ 68.822149335414423, 23.284391998320501 ], [ 68.957535981608245, 23.198846529142777 ], [ 69.114157548599906, 23.136205241669753 ], [ 69.131914671451696, 23.128076303636785 ], [ 69.148794321044463, 23.118254263362857 ], [ 69.238035453343699, 23.060315824211525 ], [ 69.276471773213927, 23.039376283435306 ], [ 69.355928876687116, 23.032283061069332 ], [ 69.375674692994423, 23.029522584687651 ], [ 69.395047545332815, 23.024809827132824 ], [ 69.413854907510668, 23.01819162349388 ], [ 69.42691390022749, 23.012850711575368 ], [ 69.437486220680285, 23.011161719101207 ], [ 69.457494218249607, 23.006905976656562 ], [ 69.476962866999827, 23.000628793663374 ], [ 69.489125373980031, 22.99528139774845 ], [ 69.511789059299929, 22.990702091301468 ], [ 69.529287110839391, 22.986337004875409 ], [ 69.54322277389808, 22.981490805199989 ], [ 69.556304737185457, 22.981331670816626 ], [ 69.575060308371235, 22.979326405204912 ], [ 69.593543555044704, 22.975563144240517 ], [ 69.606076107044686, 22.972389316240516 ], [ 69.625169069308413, 22.966525281340889 ], [ 69.632800247831938, 22.963317804460075 ], [ 69.641970222176667, 22.97207773943008 ], [ 69.655045122052627, 22.98352396429409 ], [ 69.669064250282702, 22.99379202711394 ], [ 69.695756958282686, 23.011614293113936 ], [ 69.717371284327527, 23.024167734913785 ], [ 69.743738472327522, 23.037351327913793 ], [ 69.762883098156607, 23.045704181281877 ], [ 69.782794477281584, 23.052014794474449 ], [ 69.802488487281607, 23.057141748474439 ], [ 69.826173401021549, 23.061802361823176 ], [ 69.839696046071396, 23.063624064908826 ], [ 69.878923089474981, 23.076360118133579 ], [ 69.896146710134971, 23.081113081184689 ], [ 69.91372579061867, 23.08430990707172 ], [ 69.947590110433552, 23.088916630998803 ], [ 69.956296168783382, 23.092193691793202 ], [ 69.959570159482269, 23.097597672559601 ], [ 69.970555537192709, 23.113870130329481 ], [ 69.983083478084907, 23.128987077849239 ], [ 69.997033253084325, 23.142802836343762 ], [ 70.012270431206645, 23.15518426631699 ], [ 70.028648175040288, 23.166012050588634 ], [ 70.046008655786949, 23.175181844128208 ], [ 70.064184574223859, 23.182605279605657 ], [ 70.08300077293049, 23.188210818968333 ], [ 70.102275924242846, 23.191944442837848 ], [ 70.121824277669347, 23.193770171083202 ], [ 70.141457449928325, 23.193670409553587 ], [ 70.160986240357246, 23.191646119629425 ], [ 70.170014758288687, 23.189801897468588 ], [ 70.185861092005865, 23.194493990345986 ], [ 70.205305686414107, 23.198210414881412 ], [ 70.225022437066428, 23.199986310920718 ], [ 70.244818167095588, 23.199804278942068 ], [ 70.246086829647638, 23.199666447646155 ], [ 70.246827218624858, 23.200723783969334 ], [ 70.259255309630845, 23.216688117060645 ], [ 70.273232665214266, 23.231315177872638 ], [ 70.288616256011991, 23.24445528865115 ], [ 70.305248662748099, 23.25597398750422 ], [ 70.31817108912476, 23.263109305688769 ], [ 70.318647563029245, 23.263691465731569 ], [ 70.332237520770192, 23.277365213339635 ], [ 70.347080854291448, 23.289666992683557 ], [ 70.363039647381143, 23.30048250229569 ], [ 70.37996561958154, 23.309711250321349 ], [ 70.397701503930691, 23.317267488234705 ], [ 70.416082508201839, 23.323081007567591 ], [ 70.434937846063477, 23.327097792248559 ], [ 70.454092323933409, 23.329280520490943 ], [ 70.473367968782583, 23.329608911566677 ], [ 70.492585681764012, 23.328079914243837 ], [ 70.511566902302249, 23.324707735137018 ], [ 70.530135267181478, 23.319523706707184 ], [ 70.548118249216969, 23.312575996137419 ], [ 70.565208092216977, 23.305007636137425 ], [ 70.585468403595584, 23.294617726871714 ], [ 70.604416495598642, 23.281992346039761 ], [ 70.621806786538215, 23.267295128182454 ], [ 70.640524234538177, 23.24955424318243 ], [ 70.658696870556, 23.229855598214023 ], [ 70.670659761555996, 23.215003710214013 ], [ 70.680490731154435, 23.201709005269134 ], [ 70.689189921743775, 23.187647667284885 ], [ 70.696697874977701, 23.17291580450199 ], [ 70.705486937977753, 23.153750765502018 ], [ 70.713756003985878, 23.132635640031893 ], [ 70.719581677059267, 23.110720177237148 ], [ 70.724383109059232, 23.087404747237123 ], [ 70.727128009085689, 23.070397022915714 ], [ 70.728399056524239, 23.053216173077676 ], [ 70.728186820293033, 23.035989678410147 ], [ 70.726884736293059, 23.012511488410155 ], [ 70.724897380845135, 22.993379956313891 ], [ 70.721081419431158, 22.974527806820696 ], [ 70.715472146364988, 22.956129405865834 ], [ 70.708121442528679, 22.938354922606464 ], [ 70.698844099528671, 22.918660912606498 ], [ 70.688111539363845, 22.899359200337202 ], [ 70.68471555311416, 22.892350462880863 ], [ 70.675440794211809, 22.87535766108547 ], [ 70.66456658183796, 22.859341170496005 ], [ 70.657405123837975, 22.849819686496001 ], [ 70.644215159216657, 22.834041959308873 ], [ 70.62947473685135, 22.819702092140886 ], [ 70.613339704221374, 22.806951697482962 ], [ 70.59598065373595, 22.795925582657336 ], [ 70.584750184735952, 22.789577926657334 ], [ 70.568555635140385, 22.781371047065019 ], [ 70.551683584789998, 22.774666554077481 ], [ 70.538198963662737, 22.770680260478265 ], [ 70.537758013845433, 22.770243772535935 ], [ 70.525662011587897, 22.760535030900666 ], [ 70.519237717435558, 22.748705914933726 ], [ 70.518383794486596, 22.743802878620656 ], [ 70.513196541881229, 22.72504422353926 ], [ 70.506210547065066, 22.706878579964553 ], [ 70.502060157065117, 22.697479165964523 ], [ 70.492774675800874, 22.679079281178716 ], [ 70.481644899613954, 22.661732696371654 ], [ 70.435983864011831, 22.598043795514915 ], [ 70.408826898282115, 22.55017793782217 ], [ 70.399983634369462, 22.53600498522032 ], [ 70.389988416713393, 22.522619488363979 ], [ 70.377729380095758, 22.507557869185657 ], [ 70.370527890962592, 22.492321385317979 ], [ 70.362339601073515, 22.47679897299135 ], [ 70.352822075513373, 22.462054140575972 ], [ 70.341591606513376, 22.446225689575968 ], [ 70.330167418134948, 22.43161086126095 ], [ 70.317438296412732, 22.418117353675292 ], [ 70.303513745298744, 22.405861246501427 ], [ 70.288513552584362, 22.394947974521202 ], [ 70.272566759409955, 22.385471420599227 ], [ 70.255810550171503, 22.377513108043132 ], [ 70.222037763171471, 22.36335295204313 ], [ 70.202455753989057, 22.356316376747355 ], [ 70.182248634328047, 22.351352427662274 ], [ 70.161635130333309, 22.348514835624592 ], [ 70.140838366939818, 22.34783431533177 ], [ 70.120083452721147, 22.349318232879657 ], [ 70.071104910175379, 22.355393993052505 ], [ 70.05407637669515, 22.349870729448757 ], [ 70.052850630383773, 22.349544898249746 ], [ 70.035844061457439, 22.334889524268618 ], [ 70.023909425431157, 22.325373774290277 ], [ 70.0112838409745, 22.316795916057703 ], [ 69.990776028974551, 22.303978533057677 ], [ 69.973101315792519, 22.294138283860967 ], [ 69.954522979674735, 22.286133821517044 ], [ 69.954366402112782, 22.286075560099338 ], [ 69.945633385960363, 22.276832824172729 ], [ 69.931269782738866, 22.264277520329593 ], [ 69.91577527224527, 22.253147879874408 ], [ 69.899290834673536, 22.243545168276047 ], [ 69.881966457285742, 22.23555675790708 ], [ 69.863959769720154, 22.22925533306714 ], [ 69.845434609763515, 22.224698228648897 ], [ 69.833390338763536, 22.222338202648878 ], [ 69.812894106706608, 22.21941404326288 ], [ 69.792205395143114, 22.218624454452979 ], [ 69.775953160366541, 22.219689169890525 ], [ 69.77248443142787, 22.218117657020048 ], [ 69.75600390028427, 22.212603666947899 ], [ 69.753560806251159, 22.211004021968684 ], [ 69.747610336471126, 22.205256499601589 ], [ 69.731844174696903, 22.192826524705943 ], [ 69.714911254794629, 22.18203984975111 ], [ 69.696982208161202, 22.173005171017813 ], [ 69.678237704066234, 22.165813530090215 ], [ 69.658866629065386, 22.160537396438691 ], [ 69.63906418360871, 22.157229937151978 ], [ 69.619029915024697, 22.155924481177557 ], [ 69.598965706701037, 22.15663418346908 ], [ 69.579073743725317, 22.159351892425164 ], [ 69.566658739096511, 22.162340210539782 ], [ 69.555392123434416, 22.157121142014017 ], [ 69.544649935434421, 22.152726611014014 ], [ 69.528682342537593, 22.146972531386542 ], [ 69.512284375319808, 22.142593019267323 ], [ 69.478755729319829, 22.135146730267351 ], [ 69.458811178342359, 22.131765271868602 ], [ 69.438627065725541, 22.130415837740024 ], [ 69.430848564021005, 22.130290107557141 ], [ 69.415820070007442, 22.122886099307838 ], [ 69.368171686193662, 22.102054697565766 ], [ 69.378089760531424, 22.094256767967014 ], [ 69.397711685899722, 22.076503597699457 ], [ 69.399408962906961, 22.076513102722927 ], [ 69.418625407442036, 22.0747611508341 ], [ 69.437583580815684, 22.071165495354961 ], [ 69.456107010361094, 22.065759606541263 ], [ 69.474023270236074, 22.05859380525445 ], [ 69.491165586453647, 22.049734794548552 ], [ 69.507374389302143, 22.03926503876303 ], [ 69.522498798704262, 22.027281995901252 ], [ 69.536398028688225, 22.013897210440035 ], [ 69.548942697897857, 21.999235275014893 ], [ 69.560016033942361, 21.983432670646131 ], [ 69.569514960375287, 21.966636496301607 ], [ 69.57735105618444, 21.949003099622011 ], [ 69.58345137886117, 21.930696621554677 ], [ 69.586192400268345, 21.920922035925756 ], [ 69.591577598184571, 21.917613926004293 ], [ 69.607446609418815, 21.905534615095707 ], [ 69.622033716186039, 21.891934924447014 ], [ 69.635193873315202, 21.876950080973874 ], [ 69.646796224340207, 21.860729084695247 ], [ 69.649419163312871, 21.856646111270813 ], [ 69.657805281986512, 21.849522857477663 ], [ 69.673494983989158, 21.832738535108327 ], [ 69.692500324332002, 21.809908663258259 ], [ 69.72668238469555, 21.790963844404541 ], [ 69.742303430196102, 21.781344175728258 ], [ 69.756977302274322, 21.770333609611832 ], [ 69.770580536772485, 21.758024787606466 ], [ 69.875352270524758, 21.654094728594377 ], [ 69.882024733579911, 21.651842532207255 ], [ 69.900359695031156, 21.643516705402668 ], [ 69.917764509276211, 21.633389383718519 ], [ 69.93406273927333, 21.621563230398046 ], [ 69.949089165707633, 21.608158130174129 ], [ 69.96269146186134, 21.593309973967184 ], [ 69.974731737788574, 21.577169281324213 ], [ 69.985087938140978, 21.559899674563795 ], [ 69.993655079473882, 21.541676220094875 ], [ 70.00034631449023, 21.522683653723927 ], [ 70.002610604222355, 21.513350270879069 ], [ 70.053273301566378, 21.456656300313245 ], [ 70.091522604008901, 21.422478913411407 ], [ 70.103690864820592, 21.410639713292191 ], [ 70.114811193922392, 21.39781117045553 ], [ 70.122705073922432, 21.387882784455517 ], [ 70.132907057169732, 21.373841308157942 ], [ 70.13613101622137, 21.36848143717846 ], [ 70.196681720288979, 21.294988162822655 ], [ 70.271970950679318, 21.238683222006557 ], [ 70.284419765590997, 21.228570337703715 ], [ 70.382024189389568, 21.142560006772218 ], [ 70.402792730256323, 21.130112789949223 ], [ 70.416924580833296, 21.120808764265238 ], [ 70.430219462433044, 21.110343573492653 ], [ 70.440357342765495, 21.101644327969559 ], [ 70.469722949430547, 21.090502331886888 ], [ 70.485587329139719, 21.083685809024036 ], [ 70.5008046353163, 21.075526328634638 ], [ 70.515261444426713, 21.066084708125334 ], [ 70.533490610426682, 21.053023184125369 ], [ 70.546525316304795, 21.042842264818812 ], [ 70.558674234935765, 21.031619143534879 ], [ 70.562766124250132, 21.027512744131098 ], [ 70.571286358956996, 21.023955543390354 ], [ 70.590637244658993, 21.013228180003516 ], [ 70.631995773361169, 20.987210439239981 ], [ 70.771439996436328, 20.932661015417313 ], [ 70.784203248688371, 20.927042055066689 ], [ 70.786179978067537, 20.927026121760548 ], [ 70.806029482285041, 20.924875403786363 ], [ 70.825565644183143, 20.920756328189093 ], [ 70.844593772035196, 20.914709944482169 ], [ 70.862924237034548, 20.906796509172992 ], [ 70.868816160931345, 20.903895869878919 ], [ 70.893184053191561, 20.905314343854201 ], [ 70.90072363560202, 20.910614377161007 ], [ 70.917622239666073, 20.920190408966199 ], [ 70.935370045399651, 20.928082087880753 ], [ 70.953799662951184, 20.934214982902773 ], [ 70.97273727190634, 20.938531251141551 ], [ 70.989257454906351, 20.941460939141546 ], [ 71.00758757482933, 20.943844091641331 ], [ 71.008942776372507, 20.943894030138875 ], [ 71.011926301751402, 20.945454810908675 ], [ 71.030882969170079, 20.953023681209334 ], [ 71.050512375808381, 20.95862095128312 ], [ 71.070610060276266, 20.96218831953993 ], [ 71.077113568894887, 20.962667636215834 ], [ 71.088259804293102, 20.964844062005231 ], [ 71.09569873195565, 20.965553648511186 ], [ 71.233568341779133, 21.030327779141832 ], [ 71.250214609558583, 21.037250779319148 ], [ 71.267416668170952, 21.042646642728915 ], [ 71.285034739638817, 21.0464715244517 ], [ 71.331723093315773, 21.05442323457093 ], [ 71.340090549921158, 21.056996591619267 ], [ 71.349475730055616, 21.067998434853049 ], [ 71.36748694773533, 21.084518870501526 ], [ 71.410862598735349, 21.119675120501526 ], [ 71.428065130341153, 21.132163682927008 ], [ 71.442388047341169, 21.141441026927005 ], [ 71.458267297887318, 21.150718987721572 ], [ 71.474931668228791, 21.158499085120372 ], [ 71.492240248135147, 21.164715532340299 ], [ 71.510469414135116, 21.170330767340293 ], [ 71.529239267020557, 21.175130676781709 ], [ 71.548385473121272, 21.178091977160875 ], [ 71.556761286602566, 21.178566089539284 ], [ 71.559005454007703, 21.179684827728888 ], [ 71.575992940252135, 21.186298577112204 ], [ 71.598878524376502, 21.194027291944703 ], [ 71.614602402023763, 21.203476558137694 ], [ 71.630868687986265, 21.212255271596852 ], [ 71.647875966677148, 21.219494770235745 ], [ 71.665478971331524, 21.225133218262428 ], [ 71.683527346822956, 21.229122455173471 ], [ 71.699696568148212, 21.231155513339534 ], [ 71.707685447322149, 21.236154382880834 ], [ 71.827802634322097, 21.304106856880814 ], [ 71.844443783408209, 21.312522218332273 ], [ 71.861796389480048, 21.319351069903387 ], [ 71.879709594988228, 21.324534043922867 ], [ 71.898027668725945, 21.328026081409032 ], [ 71.901326889988056, 21.328340785577698 ], [ 71.905176114989715, 21.344211787581401 ], [ 71.908095263211919, 21.352587849485854 ], [ 71.908183977262283, 21.353204665179433 ], [ 71.912899025245082, 21.372349884065972 ], [ 71.919476323406656, 21.390937789611979 ], [ 71.927851945163667, 21.408787720812882 ], [ 71.937944485527424, 21.425726189241267 ], [ 71.949655852301561, 21.441588565228958 ], [ 71.9628722194673, 21.456220677948384 ], [ 71.977465133489986, 21.469480313841583 ], [ 71.984719859111578, 21.474869821969548 ], [ 71.985370152731193, 21.475554341572998 ], [ 71.990106786043953, 21.485699399013651 ], [ 72.000413629469833, 21.50299142183384 ], [ 72.012406559974551, 21.519159745572821 ], [ 72.025964075657683, 21.534040566891584 ], [ 72.058756198207078, 21.566581215517072 ], [ 72.062217856933685, 21.578632916327283 ], [ 72.047891893148304, 21.576025325662734 ], [ 72.028237819087195, 21.574421733184753 ], [ 72.008521360086846, 21.574761410270458 ], [ 71.988934186813012, 21.577041054798855 ], [ 71.969666713099201, 21.581238505539858 ], [ 71.950906244866559, 21.587312957591426 ], [ 71.932835159256712, 21.595205359058454 ], [ 71.915629131679211, 21.604838985117102 ], [ 71.900016057590534, 21.615729143348297 ], [ 71.896663122639438, 21.617573183390892 ], [ 71.880567729966614, 21.628594082801555 ], [ 71.865622538211284, 21.641130554893341 ], [ 71.851969721688405, 21.655063339615175 ], [ 71.839739160286385, 21.670259893727984 ], [ 71.829047203913461, 21.686575651694788 ], [ 71.819995565655546, 21.703855400939496 ], [ 71.814624471655492, 21.715452080939464 ], [ 71.807556394657681, 21.732800127897001 ], [ 71.802142413377396, 21.750733372232158 ], [ 71.798430023649914, 21.769094488979217 ], [ 71.796476898649914, 21.781789800979222 ], [ 71.794605123156671, 21.798734685954742 ], [ 71.794183213168708, 21.815777416437051 ], [ 71.794671494168711, 21.843080476437059 ], [ 71.795544144322747, 21.858505135353081 ], [ 71.797604804645673, 21.873816415508593 ], [ 71.800290351645671, 21.889237964508588 ], [ 71.804746949618135, 21.908904261192728 ], [ 71.811161222053215, 21.928021834257461 ], [ 71.819467963944348, 21.946396341867484 ], [ 71.829582732174245, 21.963840995902807 ], [ 71.830462311655836, 21.965056743214067 ], [ 71.830604169662692, 21.966632287707053 ], [ 71.834361902924883, 21.986218423199645 ], [ 71.840051590680588, 22.005332939046159 ], [ 71.847616657908958, 22.023785771366274 ], [ 71.85698188188168, 22.04139343568454 ], [ 71.86805414013503, 22.057980851395708 ], [ 71.880723336426755, 22.073383082666719 ], [ 71.894863495470474, 22.087446978464907 ], [ 71.904629120470474, 22.096236041464902 ], [ 71.919826542510023, 22.10862100079839 ], [ 71.92809930821285, 22.114108944078662 ], [ 71.928107688981584, 22.114123744345001 ], [ 71.939606478233983, 22.130404138532583 ], [ 71.952668631063602, 22.145459156055988 ], [ 71.967164416327307, 22.159139272969327 ], [ 71.98074185482109, 22.169606417747925 ], [ 71.972064934331371, 22.184229659491766 ], [ 71.963884034329809, 22.201637852812812 ], [ 71.957413235179459, 22.219751413420664 ], [ 71.952712387294596, 22.238402803414491 ], [ 71.949824970265126, 22.25741951034383 ], [ 71.948777690700425, 22.276625642829362 ], [ 71.949580235211741, 22.295843557436463 ], [ 71.95222518081772, 22.314895501754034 ], [ 71.956688063601845, 22.333605258481303 ], [ 71.962927604986717, 22.351799775315914 ], [ 71.970886093532357, 22.36931076556796 ], [ 71.980489918727102, 22.385976264695415 ], [ 71.991650251833846, 22.40164212836407 ], [ 72.004263867494444, 22.416163458175948 ], [ 72.018214098492777, 22.429405941879217 ], [ 72.033371914845858, 22.441247095663574 ], [ 72.049597117241788, 22.451577397050727 ], [ 72.066739633786455, 22.460301297901534 ], [ 72.0846409080646, 22.467338108170164 ], [ 72.103135365677076, 22.472622742231184 ], [ 72.109993622017427, 22.474230146200849 ], [ 72.11671475126488, 22.478133208084191 ], [ 72.134650641441553, 22.486305409156035 ], [ 72.153303823622807, 22.492672498074981 ], [ 72.172493137624457, 22.497172637510001 ], [ 72.187385715624458, 22.499898874509991 ], [ 72.204223208154673, 22.502246608621057 ], [ 72.221199254077192, 22.503155935293822 ], [ 72.235830422464915, 22.502694704949512 ], [ 72.244692990785254, 22.510687361729392 ], [ 72.260130071928202, 22.522126537911497 ], [ 72.276593583048054, 22.532031638998625 ], [ 72.293931583130842, 22.540311251252152 ], [ 72.319810489130845, 22.551175509252179 ], [ 72.33839229093573, 22.557916946961374 ], [ 72.357548809393535, 22.562791179339737 ], [ 72.377092918679679, 22.565750593625324 ], [ 72.396833706882177, 22.566766281494335 ], [ 72.416578340878502, 22.565828321445085 ], [ 72.43613394997945, 22.562945875713815 ], [ 72.455309509939852, 22.558147100775599 ], [ 72.473917708932802, 22.551478872304592 ], [ 72.491776777259986, 22.543006327280359 ], [ 72.508712262925101, 22.532812227712995 ], [ 72.52455873572606, 22.520996152202429 ], [ 72.539161403219936, 22.507673523228913 ], [ 72.552377622775609, 22.492974479676391 ], [ 72.557005109693094, 22.487285801804433 ], [ 72.563239950589832, 22.487958893330731 ], [ 72.585232861915202, 22.487904342533536 ], [ 72.607856559915163, 22.486602258533562 ], [ 72.631226088864594, 22.483870971654486 ], [ 72.654113141821426, 22.47841408442045 ], [ 72.664367047821429, 22.475321636420432 ], [ 72.669575523407048, 22.473459964270749 ], [ 72.67722312372544, 22.473119187127235 ], [ 72.694870801989453, 22.470747478668983 ], [ 72.712237589022052, 22.466815525301392 ], [ 72.729185824576589, 22.461354494198311 ], [ 72.739729886736015, 22.457430825007631 ], [ 72.743595947594685, 22.458985303623948 ], [ 72.765391091366766, 22.466323688757868 ], [ 72.787884570332992, 22.471111547612917 ], [ 72.808311003333003, 22.47424468561287 ], [ 72.828362298975421, 22.476292781714086 ], [ 72.848517912911149, 22.476312312538166 ], [ 72.858009644283072, 22.475361383489624 ], [ 72.865817816933472, 22.477367288497316 ], [ 72.885714786210784, 22.480390525447152 ], [ 72.905814852855457, 22.481398825479999 ], [ 72.925914488945295, 22.48038197881823 ], [ 72.94581017091771, 22.477350281780357 ], [ 72.965300440395239, 22.472334432523247 ], [ 72.984187944099389, 22.465385220200776 ], [ 73.00228143219735, 22.456573010686352 ], [ 73.019397694846901, 22.445987034066842 ], [ 73.035363417330473, 22.433734481122478 ], [ 73.047082167330473, 22.423765406122463 ], [ 73.060856020122998, 22.410880443478128 ], [ 73.073354852239561, 22.396755271662595 ], [ 73.084467504915793, 22.38151551334451 ], [ 73.094095147418642, 22.36529670380332 ], [ 73.102152156000699, 22.348243085541942 ], [ 73.108566875397685, 22.330506325461418 ], [ 73.113775208397669, 22.313660622461416 ], [ 73.119122997760115, 22.292237420185462 ], [ 73.122076617162861, 22.270355268114759 ], [ 73.122600065496727, 22.248280883668905 ], [ 73.122030404496741, 22.230214476668912 ], [ 73.120434406121348, 22.210531784478182 ], [ 73.116905157591759, 22.191102425571984 ], [ 73.111477065162134, 22.172115814624664 ], [ 73.104203046706147, 22.153757050009602 ], [ 73.098099530706094, 22.140329316009598 ], [ 73.089595843230526, 22.123723960392564 ], [ 73.079581880902268, 22.107983214084385 ], [ 73.068144777845177, 22.093244041464743 ], [ 73.055384051305438, 22.079634691956841 ], [ 73.041410735725805, 22.067273584095403 ], [ 73.026346416605648, 22.0562682751358 ], [ 73.010322172553529, 22.046714525170042 ], [ 72.991523344553585, 22.036664069170055 ], [ 72.973039457303074, 22.027965055139539 ], [ 72.953764609822926, 22.021196954400757 ], [ 72.933899899937742, 22.016430379721797 ], [ 72.933182674488435, 22.016334194388303 ], [ 72.933600163076179, 22.013497432301065 ], [ 72.934548373000055, 21.994045315000051 ], [ 72.934548373000055, 21.986558335000041 ], [ 72.933552147945974, 21.966620994222644 ], [ 72.93057339742731, 21.946882274229193 ], [ 72.925641796503044, 21.927538817093613 ], [ 72.918806475017135, 21.908783327182213 ], [ 72.910232596903597, 21.891003939863225 ], [ 72.928210875474647, 21.898175044918279 ], [ 72.936930377882902, 21.900532583443784 ], [ 72.942614784623018, 21.904282555589091 ], [ 72.948230018623022, 21.907456383589093 ], [ 72.964101251900274, 21.915517119286314 ], [ 72.980626351273159, 21.922134716768593 ], [ 73.004020549099252, 21.930315041115215 ], [ 73.025761680175762, 21.941744373549472 ], [ 73.044156317914599, 21.95025424109491 ], [ 73.063317774061332, 21.956858719993434 ], [ 73.070641993061329, 21.95897460599339 ], [ 73.089747591167637, 21.96349104506902 ], [ 73.109203945979544, 21.966112563399474 ], [ 73.128823584768341, 21.966813901207193 ], [ 73.148417461474011, 21.965588300714892 ], [ 73.167796778268411, 21.962447571260487 ], [ 73.186774804726724, 21.957421975507597 ], [ 73.205168677078206, 21.950559937848059 ], [ 73.222801160199722, 21.941927577806158 ], [ 73.239502355374043, 21.931608072940474 ], [ 73.255111337357874, 21.919700857382153 ], [ 73.269477704985462, 21.90632066373211 ], [ 73.282463030366969, 21.891596417549032 ], [ 73.293942192717665, 21.875669995080379 ], [ 73.299801567717665, 21.866636792080435 ], [ 73.309870644056005, 21.849260836556063 ], [ 73.318146388466246, 21.830962689569315 ], [ 73.324545358659819, 21.81192684682059 ], [ 73.329003035399381, 21.792345242014605 ], [ 73.331474473030482, 21.77241531164022 ], [ 73.331934752657375, 21.752338004267035 ], [ 73.330379233394169, 21.732315754430562 ], [ 73.326823599157734, 21.712550441534759 ], [ 73.321303700530592, 21.693241354351819 ], [ 73.313875193288396, 21.674583181642657 ], [ 73.308829620288378, 21.663556163642607 ], [ 73.300084300396577, 21.646625304564083 ], [ 73.28976732881074, 21.630603609696063 ], [ 73.277972366766974, 21.615636529836145 ], [ 73.264806493238595, 21.601859941601695 ], [ 73.254796727238599, 21.592338456601702 ], [ 73.237408302140352, 21.577591824649563 ], [ 73.218454511345328, 21.564920033307093 ], [ 73.198181669069854, 21.554487758991165 ], [ 73.189392607069905, 21.550581508991165 ], [ 73.173165879304221, 21.544201346915926 ], [ 73.156445122783097, 21.53925872985107 ], [ 73.147676604432945, 21.537479386164787 ], [ 73.111634433771627, 21.519528695518506 ], [ 73.087893664140168, 21.509556563784002 ], [ 73.056231762316429, 21.49859667443538 ], [ 73.048671916370665, 21.493412189951169 ], [ 73.028932245376694, 21.481487162899292 ], [ 73.007951014864375, 21.47191382245164 ], [ 72.96205257686438, 21.454091557451633 ], [ 72.95218312700031, 21.450687931122086 ], [ 72.949850831763356, 21.430433251056378 ], [ 72.945366671925839, 21.410213875563201 ], [ 72.938815581340577, 21.390566635377205 ], [ 72.930267809126406, 21.371702213176743 ], [ 72.924733954126395, 21.36100071517674 ], [ 72.914698266937904, 21.343759520077999 ], [ 72.902994896878482, 21.327603872302994 ], [ 72.894769886960063, 21.318352024531194 ], [ 72.897345376138645, 21.315097163045099 ], [ 72.902646413241314, 21.306831090156784 ], [ 72.913928705708912, 21.300652687016118 ], [ 72.929762522568126, 21.289895283662897 ], [ 72.944495381400998, 21.277673403535591 ], [ 72.95799231762463, 21.264099008675771 ], [ 72.970129688680061, 21.249296451224502 ], [ 72.976477345680109, 21.240751529224504 ], [ 72.987904125666262, 21.22358673265882 ], [ 72.997502798993622, 21.205336609033267 ], [ 73.031438345993621, 21.131850281033266 ], [ 73.038348644014235, 21.114680835495523 ], [ 73.042655327615407, 21.1099578629129 ], [ 73.054392169105412, 21.094232759122768 ], [ 73.0645315708949, 21.077433209464417 ], [ 73.072975933044589, 21.059720923184635 ], [ 73.079643971742087, 21.041266395358093 ], [ 73.084471501724252, 21.022247265734389 ], [ 73.087412054112278, 21.002846608811868 ], [ 73.088437323712185, 20.983251171597569 ], [ 73.087537441475192, 20.963649576016302 ], [ 73.085584316475192, 20.943141764016296 ], [ 73.08557957710201, 20.94310862639221 ], [ 73.090080536978874, 20.931526817686009 ], [ 73.093412703904178, 20.919701103512004 ], [ 73.097794089926779, 20.912025180321233 ], [ 73.103327943926743, 20.901120232321272 ], [ 73.111782439569637, 20.882057478256545 ], [ 73.113017289086258, 20.878243623512336 ], [ 73.11493346391218, 20.8754655433358 ], [ 73.124329214204849, 20.858550331376243 ], [ 73.13204640025279, 20.840806330736584 ], [ 73.138012788322726, 20.822399627267526 ], [ 73.142172532348226, 20.80350250979313 ], [ 73.14396289734826, 20.79296377279314 ], [ 73.14626964257647, 20.77385634347657 ], [ 73.146729112946502, 20.754615662209666 ], [ 73.145337053591248, 20.735419904881887 ], [ 73.142106355499891, 20.716446831370252 ], [ 73.137066936142503, 20.697872139416525 ], [ 73.130265462423111, 20.679867837600572 ], [ 73.121764918526779, 20.662600652476698 ], [ 73.111644022662531, 20.64623048462354 ], [ 73.105163571787259, 20.637705875369235 ], [ 73.105123967338528, 20.637215220205743 ], [ 73.102678755111342, 20.618265541006586 ], [ 73.098436430118056, 20.599635670281373 ], [ 73.095262602118055, 20.588242441281409 ], [ 73.091123724229263, 20.575613763528008 ], [ 73.091227928680908, 20.565730831667597 ], [ 73.090169985680873, 20.543269894667592 ], [ 73.087055407131601, 20.516302610821757 ], [ 73.083149157131601, 20.495184446821785 ], [ 73.079006847044838, 20.477382038675323 ], [ 73.073256574837814, 20.460032144202636 ], [ 73.065932356837862, 20.440907795202655 ], [ 73.058922025963639, 20.424767549502519 ], [ 73.050520109875677, 20.409305981785177 ], [ 73.040791650383767, 20.394642784789259 ], [ 73.019559154913935, 20.365508799639304 ], [ 73.018044500257147, 20.352982453794056 ], [ 73.014144297469542, 20.334925896766855 ], [ 73.008594719320826, 20.317306219816569 ], [ 73.004851230320838, 20.307093003816558 ], [ 72.996811066577919, 20.288215637403471 ], [ 72.986879109673566, 20.270261378082719 ], [ 72.975159893254471, 20.253419194072649 ], [ 72.961776761837797, 20.237866349021306 ], [ 72.955022203837785, 20.230786271021305 ], [ 72.954843577229596, 20.230624051821142 ], [ 72.955622158066717, 20.216370067191477 ], [ 72.954799871522297, 20.19699747891211 ], [ 72.952105481937679, 20.177795562430433 ], [ 72.947564314778575, 20.158944802959365 ], [ 72.944227726778607, 20.147551572959355 ], [ 72.938405888286013, 20.130545990485274 ], [ 72.931080768848034, 20.114131781276907 ], [ 72.927101698994747, 20.107012274262921 ], [ 72.926290237710276, 20.101305699063801 ], [ 72.921816104475567, 20.079018072047052 ], [ 72.914841723850586, 20.057382125080547 ], [ 72.907774285000087, 20.039089930431739 ], [ 72.907774285000087, 20.012762762000079 ], [ 72.906887859455239, 19.993953602856472 ], [ 72.904236440323189, 19.975311172904281 ], [ 72.899843530460402, 19.957000723404786 ], [ 72.895448999460399, 19.941864005404778 ], [ 72.890072801762287, 19.925892468059224 ], [ 72.885938988965066, 19.916354869805339 ], [ 72.893264884849287, 19.906698220335745 ], [ 72.90339175609985, 19.89027267315754 ], [ 72.911888566024203, 19.872947652449376 ], [ 72.918676219492326, 19.854884433416611 ], [ 72.923152131492358, 19.840968417416615 ], [ 72.930036795131514, 19.812610325271002 ], [ 72.931338878131498, 19.804797825271002 ], [ 72.933783658163904, 19.78242979697502 ], [ 72.934271939163906, 19.773152452975022 ], [ 72.934228567588434, 19.751334946153591 ], [ 72.93180897431624, 19.729651979258033 ], [ 72.931200439209263, 19.726934149290305 ], [ 72.953206961422211, 19.718163434029179 ], [ 72.971371154817149, 19.709850146377242 ], [ 72.988615439753445, 19.69976633210344 ], [ 73.004767783505457, 19.68801258952546 ], [ 73.019667046789579, 19.674706176527849 ], [ 73.033164591324649, 19.659979840771925 ], [ 73.045125762679689, 19.643980495376322 ], [ 73.055431233615721, 19.626867753279875 ], [ 73.063978194520089, 19.608812334908329 ], [ 73.070681379057604, 19.589994365030346 ], [ 73.075473914805826, 19.570601575793763 ], [ 73.078307990388964, 19.550827433868974 ], [ 73.079155332454476, 19.530869210383489 ], [ 73.078007487734212, 19.510926012902374 ], [ 73.074875907375954, 19.491196799088023 ], [ 73.072368480834442, 19.481669109161277 ], [ 73.077971085870487, 19.479207146711691 ], [ 73.096578738086734, 19.468519087555368 ], [ 73.113934172529369, 19.455898936017569 ], [ 73.129837593727999, 19.441491975071258 ], [ 73.143834988727988, 19.427372508071258 ], [ 73.15459269875754, 19.414954700941745 ], [ 73.157005425649558, 19.413135696659712 ], [ 73.171041478344875, 19.400289151665749 ], [ 73.183793207603287, 19.386166903457045 ], [ 73.195145196090749, 19.370896774088621 ], [ 73.204994695684192, 19.354616975216807 ], [ 73.213252557456315, 19.337474857130047 ], [ 73.217390133264217, 19.326270583559491 ], [ 73.224811805440083, 19.314254984991695 ], [ 73.233510984482706, 19.296433951456045 ], [ 73.240402536465353, 19.277839020330475 ], [ 73.245418706241509, 19.258653009982538 ], [ 73.248510176716962, 19.23906455004834 ], [ 73.249646553717, 19.219266226896917 ], [ 73.248816664810462, 19.199452690193514 ], [ 73.246028669152849, 19.179818739177293 ], [ 73.241309977268656, 19.160557407468492 ], [ 73.234706981561374, 19.141858065234501 ], [ 73.226284600200771, 19.123904557373617 ], [ 73.225439110164231, 19.122487121400766 ], [ 73.228603674249968, 19.117738675422324 ], [ 73.238014210137493, 19.099981322257616 ], [ 73.245595159432767, 19.081369202956228 ], [ 73.251269976953935, 19.062090244913641 ], [ 73.254981363816384, 19.042339108625729 ], [ 73.256691845982076, 19.02231522219309 ], [ 73.256384152636599, 19.002220767686641 ], [ 73.254061390573312, 18.982258639706295 ], [ 73.249747012823974, 18.96263039674513 ], [ 73.243484581852385, 18.943534226044367 ], [ 73.235337329702318, 18.925162942487965 ], [ 73.225164803702299, 18.905021340487998 ], [ 73.215850599080753, 18.888562541201026 ], [ 73.206533448608155, 18.875219501842167 ], [ 73.211499530066774, 18.857121753861396 ], [ 73.214798186361818, 18.837980513948274 ], [ 73.21622454046009, 18.818609563719885 ], [ 73.215765139410564, 18.799191604263751 ], [ 73.213424316148377, 18.779909780044562 ], [ 73.209224148627953, 18.760945951539622 ], [ 73.203204251590137, 18.742478979984476 ], [ 73.195421402927749, 18.724683040406504 ], [ 73.194747569387047, 18.723476773446599 ], [ 73.19431259700967, 18.712985172802913 ], [ 73.191600540749761, 18.693628463267061 ], [ 73.187011985852322, 18.67462892071558 ], [ 73.180590757313027, 18.656168008569693 ], [ 73.172398183876794, 18.638422045825898 ], [ 73.162512512290903, 18.621560523044483 ], [ 73.156883983767401, 18.613809016738934 ], [ 73.159554175327173, 18.607786573766457 ], [ 73.166985012255523, 18.599940871481969 ], [ 73.179377554561469, 18.583864397660523 ], [ 73.190076733587631, 18.566614595241298 ], [ 73.198972340269762, 18.548369149313807 ], [ 73.205972743606466, 18.529316000795525 ], [ 73.211005834522908, 18.509651410508337 ], [ 73.214019768644974, 18.48957793755411 ], [ 73.21498350033275, 18.469302352813589 ], [ 73.213887102472484, 18.449033509060968 ], [ 73.210741868732754, 18.428980189633535 ], [ 73.208079330618077, 18.418853837551371 ], [ 73.213638940901248, 18.413761031158238 ], [ 73.226619232399898, 18.399316372991844 ], [ 73.238137410389214, 18.383680910327122 ], [ 73.248084876846193, 18.367002060605959 ], [ 73.256367843048992, 18.349437078743829 ], [ 73.262908213854871, 18.331151574467068 ], [ 73.267644324012579, 18.312317950877652 ], [ 73.270531519567271, 18.293113778967292 ], [ 73.271542578875952, 18.273720123406566 ], [ 73.270868567544767, 18.258769437099637 ], [ 73.271390859040963, 18.256297957954011 ], [ 73.273533699066746, 18.237620048024439 ], [ 73.273913248517147, 18.218823451924937 ], [ 73.27252615354061, 18.200074263936138 ], [ 73.270084747540608, 18.179973351936106 ], [ 73.266415963719325, 18.15908934266287 ], [ 73.260556808100475, 18.138711116207013 ], [ 73.252573137859542, 18.119067724760122 ], [ 73.242554689812891, 18.100379960934866 ], [ 73.240876034148101, 18.097916642289494 ], [ 73.241725840793279, 18.093299927091028 ], [ 73.243364277776777, 18.073391273708282 ], [ 73.243008551162688, 18.0534184818694 ], [ 73.241787848162687, 18.035433455869381 ], [ 73.239341093869427, 18.015007926390236 ], [ 73.235190209008579, 17.996629047036077 ], [ 73.235129180144526, 17.983652632272438 ], [ 73.243115157432172, 17.969713390981756 ], [ 73.250744048142963, 17.953009052536316 ], [ 73.259288970142961, 17.931768818536312 ], [ 73.266063843826629, 17.912004397543793 ], [ 73.266983670632058, 17.907998675684265 ], [ 73.271713434822843, 17.901065735522014 ], [ 73.280886849059087, 17.884417106861076 ], [ 73.286176563059101, 17.873634229861079 ], [ 73.29492414455531, 17.852936566090158 ], [ 73.301294777000308, 17.831388282867177 ], [ 73.302630860238011, 17.823833629416683 ], [ 73.30822019527568, 17.811976586333277 ], [ 73.314865022671498, 17.793261010990232 ], [ 73.319620908135462, 17.773978686312045 ], [ 73.322440955487153, 17.754319748790511 ], [ 73.322858014926297, 17.744657030559939 ], [ 73.325999881243803, 17.74237295387103 ], [ 73.340503353603211, 17.729508623619566 ], [ 73.3536931732677, 17.715300514649101 ], [ 73.365445408130071, 17.699882126956538 ], [ 73.375649633691125, 17.683398332369187 ], [ 73.384209970612943, 17.666004013322915 ], [ 73.391045985605302, 17.647862607580176 ], [ 73.396093447180235, 17.629144572561827 ], [ 73.399304929173866, 17.610025783721966 ], [ 73.400650256364614, 17.590685882014657 ], [ 73.400116788000915, 17.57130658597988 ], [ 73.397709536574212, 17.5520699843084 ], [ 73.393451120721451, 17.53315682492866 ], [ 73.387381552699281, 17.514744816691561 ], [ 73.379557862427333, 17.49700695961053 ], [ 73.379509747526882, 17.496921419450576 ], [ 73.380483223411801, 17.486436834740651 ], [ 73.380475554253735, 17.484922855290932 ], [ 73.38228797818374, 17.476995379061741 ], [ 73.384756014572758, 17.457851731747773 ], [ 73.385150616927575, 17.445394828254706 ], [ 73.401957335543983, 17.413782191266943 ], [ 73.403648728106077, 17.411720806449036 ], [ 73.415290542844957, 17.396027532568031 ], [ 73.425345394904639, 17.379273110895635 ], [ 73.433717308033678, 17.361617466866644 ], [ 73.440326370082701, 17.343229128324225 ], [ 73.445109495787264, 17.324283616876581 ], [ 73.448021028933596, 17.304961772496281 ], [ 73.449033178159269, 17.28544802735437 ], [ 73.448136282229299, 17.26592864536596 ], [ 73.445338902255173, 17.246589944251387 ], [ 73.442511590850444, 17.23510591012457 ], [ 73.442574020635675, 17.234955904822229 ], [ 73.448026494635712, 17.220307466822234 ], [ 73.453499748489463, 17.203320553610585 ], [ 73.457436902227244, 17.185913355425555 ], [ 73.459806605108028, 17.168224482186577 ], [ 73.461054154973127, 17.154171204444662 ], [ 73.463646219776095, 17.147055733183482 ], [ 73.46923229196527, 17.129152379711005 ], [ 73.473116800979355, 17.110804495424727 ], [ 73.475265588944978, 17.092173419815897 ], [ 73.476893192944942, 17.068247638815951 ], [ 73.477171753483603, 17.052565922753878 ], [ 73.477525817651937, 17.051715547906603 ], [ 73.483189620336219, 17.033279581402766 ], [ 73.48705134357634, 17.014383798397194 ], [ 73.489075076867891, 16.995203912439724 ], [ 73.489242001336819, 16.975918278978551 ], [ 73.487550564737802, 16.956706236817226 ], [ 73.484016495888667, 16.937746440427322 ], [ 73.478672658406808, 16.919215198624773 ], [ 73.477476860750429, 16.916196990796657 ], [ 73.477769877633492, 16.91462250533819 ], [ 73.478242355197125, 16.910488332946361 ], [ 73.485399845555833, 16.896761251796477 ], [ 73.492743670244977, 16.878487230036711 ], [ 73.498254586975932, 16.859579521843333 ], [ 73.501879157541964, 16.840221471307366 ], [ 73.503582235240557, 16.820600789395314 ], [ 73.504314657240556, 16.800988159395331 ], [ 73.504110442414998, 16.781807236382036 ], [ 73.503436035916195, 16.775504299188228 ], [ 73.504805159364011, 16.772731648522658 ], [ 73.505129180339722, 16.771889844951275 ], [ 73.509971847625877, 16.767383876872128 ], [ 73.523374021695759, 16.752093741897276 ], [ 73.535154522680699, 16.735521889439195 ], [ 73.545191597189472, 16.717839592284861 ], [ 73.553381510426661, 16.699229599847573 ], [ 73.559639618308637, 16.679884249422052 ], [ 73.564441050308659, 16.661980603422073 ], [ 73.568592661477638, 16.642772906672885 ], [ 73.570839235217846, 16.62325049913342 ], [ 73.571159082461065, 16.603601855733729 ], [ 73.569549115310153, 16.584016670121123 ], [ 73.569512104049906, 16.583813640266357 ], [ 73.570712109288579, 16.574161059861915 ], [ 73.570731347503724, 16.573402256367871 ], [ 73.572323472823172, 16.568290483680261 ], [ 73.576303748668934, 16.548988265665411 ], [ 73.578364937244075, 16.529388017764969 ], [ 73.578487023468853, 16.509680067312047 ], [ 73.576668821830438, 16.490055787480593 ], [ 73.572927987894744, 16.470705738964721 ], [ 73.572674294757007, 16.469854198988195 ], [ 73.576583605657873, 16.458801806533714 ], [ 73.581329589578957, 16.439422462960877 ], [ 73.584121078028829, 16.419666681201416 ], [ 73.584930289882692, 16.399731072435472 ], [ 73.583749171796995, 16.379814037496484 ], [ 73.581534648360559, 16.366006794684733 ], [ 73.583580740480613, 16.365021945667639 ], [ 73.600592801467172, 16.3546311662334 ], [ 73.61648597906985, 16.342598484821892 ], [ 73.631102383105301, 16.329043439660271 ], [ 73.644296807449805, 16.314100692841887 ], [ 73.655938172584143, 16.297918692530729 ], [ 73.665910827798186, 16.280658198208641 ], [ 73.674115700118662, 16.262490683616218 ], [ 73.680471278545824, 16.243596633253279 ], [ 73.684914423821553, 16.224163749362308 ], [ 73.687400995683916, 16.204385087207488 ], [ 73.687906291376976, 16.184457137174338 ], [ 73.686425291059422, 16.164577872743266 ], [ 73.682972707673969, 16.144944783729368 ], [ 73.680977643804269, 16.137840896749392 ], [ 73.691402892545526, 16.120869540096347 ], [ 73.700124755974713, 16.102846186710437 ], [ 73.707000783475692, 16.084041069993006 ], [ 73.711962057971007, 16.064642669947315 ], [ 73.712867795137655, 16.058659241704838 ], [ 73.729639392520525, 16.043675587273874 ], [ 73.745665786416978, 16.025404705181533 ], [ 73.762755630416976, 16.003350669181547 ], [ 73.772388329288233, 15.989790720242969 ], [ 73.780860969008671, 15.975477248304651 ], [ 73.815040656008676, 15.911837925304633 ], [ 73.823821181463288, 15.893258104481834 ], [ 73.829953186621253, 15.875850083108647 ], [ 73.842620911040001, 15.864289917511202 ], [ 73.845747491910274, 15.860830227614438 ], [ 73.861427602885087, 15.859759104641297 ], [ 73.880544599838373, 15.856572984214104 ], [ 73.899263456516152, 15.851551496330515 ], [ 73.917408397736551, 15.844741794134617 ], [ 73.934809037540717, 15.836207822591781 ], [ 73.951301979163617, 15.826029718027963 ], [ 73.966732349374283, 15.814303055627679 ], [ 73.980955252777818, 15.801137951956905 ], [ 73.993837132422769, 15.786658030938414 ], [ 74.005257023937375, 15.770999262989339 ], [ 74.015107691418166, 15.754308688221782 ], [ 74.023296634404346, 15.736743035695971 ], [ 74.029746956482441, 15.718467251691523 ], [ 74.03439808736465, 15.699652950816787 ], [ 74.037206351660359, 15.680476804500755 ], [ 74.038145379000085, 15.661118882000039 ], [ 74.038145379000085, 15.654282945000091 ], [ 74.037467954967525, 15.640027733687008 ], [ 74.042361806280908, 15.63186280506136 ], [ 74.050753409640137, 15.614120187618132 ], [ 74.057365530133808, 15.595640486774974 ], [ 74.062134489821347, 15.576601671050929 ], [ 74.063148120476939, 15.569768306744887 ], [ 74.064498389409977, 15.565195405632284 ], [ 74.073264787895056, 15.557739521921651 ], [ 74.085773966662643, 15.545012090218828 ], [ 74.097098832994575, 15.531220263880265 ], [ 74.109674325234735, 15.514430643064383 ], [ 74.114104544171454, 15.510111665026228 ], [ 74.126496351165798, 15.495463376263462 ], [ 74.13742749217306, 15.479695072596236 ], [ 74.146797365376301, 15.462951873367359 ], [ 74.154519737666973, 15.445387870108798 ], [ 74.160523538268194, 15.427164708401696 ], [ 74.164753512815537, 15.408450100214738 ], [ 74.167170731875657, 15.389416280412135 ], [ 74.167752949222887, 15.370238421636373 ], [ 74.166494806576452, 15.351093022153892 ], [ 74.163407882913887, 15.332156281500758 ], [ 74.158520587907063, 15.313602478877609 ], [ 74.151877900461415, 15.295602369217889 ], [ 74.143540954764674, 15.278321611690739 ], [ 74.133586477654816, 15.26191924510138 ], [ 74.131890599545315, 15.259648350310378 ], [ 74.133266205606986, 15.257183846652453 ], [ 74.141322846606982, 15.240948494652429 ], [ 74.1490968412824, 15.223163997457943 ], [ 74.155110332236774, 15.204709695514612 ], [ 74.15930668391114, 15.185759392976154 ], [ 74.161646374715673, 15.166491565371226 ], [ 74.162107369247394, 15.147087678706031 ], [ 74.162068602467116, 15.146559975937041 ], [ 74.162577042578661, 15.146157612282124 ], [ 74.176107479756297, 15.13321749507231 ], [ 74.188368626144978, 15.119068867829471 ], [ 74.199253037513984, 15.103835714749033 ], [ 74.201183399123551, 15.100516509780059 ], [ 74.216022792699619, 15.100664047053069 ], [ 74.235923379766461, 15.098868002132326 ], [ 74.255545434125196, 15.095095188102281 ], [ 74.274693098660663, 15.08938326322534 ], [ 74.293175251369547, 15.081789240957276 ], [ 74.310807413040592, 15.072388920868653 ], [ 74.327413588629852, 15.06127613205302 ], [ 74.342828023951512, 15.048561796573843 ], [ 74.353308620799226, 15.037991702717436 ], [ 74.355662517766774, 15.03628678148405 ], [ 74.36013842876676, 15.032706052484029 ], [ 74.374729843331082, 15.019819626202757 ], [ 74.38799931396278, 15.005575662202336 ], [ 74.39982112259159, 14.990109111131256 ], [ 74.410083266635894, 14.973566506714032 ], [ 74.41868852014133, 14.956104577456422 ], [ 74.425555354922295, 14.937888761762864 ], [ 74.430618712978998, 14.919091640534328 ], [ 74.433830622872222, 14.899891302096465 ], [ 74.435160654215963, 14.880469654949138 ], [ 74.43459620598199, 14.861010704322707 ], [ 74.432142625884964, 14.841698808869435 ], [ 74.430026740884941, 14.829735917869439 ], [ 74.427161922475165, 14.817243081838292 ], [ 74.43533122250669, 14.803433075951066 ], [ 74.444511083677668, 14.786010454292077 ], [ 74.446324836775347, 14.78155276257873 ], [ 74.446567170517881, 14.781414824779972 ], [ 74.462915236313847, 14.769798352512471 ], [ 74.478017737036851, 14.756603044440187 ], [ 74.491722816406622, 14.741961579941048 ], [ 74.503892669273355, 14.726021179556712 ], [ 74.514404927254375, 14.708942124683819 ], [ 74.523153889153335, 14.690896145937806 ], [ 74.527675134090771, 14.678552660121774 ], [ 74.539470109104599, 14.664278188786552 ], [ 74.550406774853087, 14.648036526402594 ], [ 74.559702820267177, 14.630803250615687 ], [ 74.56117575782055, 14.627287563445599 ], [ 74.577563753226784, 14.608756522146642 ], [ 74.589687122619679, 14.593629598749946 ], [ 74.600289046075275, 14.577400023403451 ], [ 74.609269918550055, 14.560220272925699 ], [ 74.616545364770261, 14.542251751028143 ], [ 74.622047031937399, 14.523663271927692 ], [ 74.62572323190264, 14.504629474337573 ], [ 74.627539426776764, 14.485329180737082 ], [ 74.627478553413624, 14.46594371733484 ], [ 74.625541183718312, 14.446655210509538 ], [ 74.621745519274114, 14.42764487573308 ], [ 74.61897999953851, 14.418512175814477 ], [ 74.629941072090844, 14.410007624925155 ], [ 74.638892895090862, 14.402357885925168 ], [ 74.653023885910613, 14.389042620873219 ], [ 74.665797165328044, 14.37441988112049 ], [ 74.677092351192883, 14.358627479110964 ], [ 74.686802991691337, 14.341814250805209 ], [ 74.694837568604356, 14.324138652971465 ], [ 74.701120359823832, 14.305767269805134 ], [ 74.705592152997795, 14.286873242951097 ], [ 74.708210803578979, 14.267634639725154 ], [ 74.708951632017431, 14.248232774913326 ], [ 74.707807656353566, 14.22885050196529 ], [ 74.704789658019948, 14.209670489686621 ], [ 74.699926080231251, 14.190873500671223 ], [ 74.69326275992043, 14.172636687698914 ], [ 74.68486249574714, 14.155131924153789 ], [ 74.680197506669884, 14.147429138187279 ], [ 74.686161051440706, 14.131515234007963 ], [ 74.69150621655352, 14.110651688630984 ], [ 74.694071052214355, 14.092846158619318 ], [ 74.708567149599148, 14.071630938262393 ], [ 74.715860196539069, 14.059290443382762 ], [ 74.740347520351378, 14.028591262106453 ], [ 74.752718868732174, 14.011264367716777 ], [ 74.76317827382401, 13.992720571582359 ], [ 74.771607211863184, 13.973170008074318 ], [ 74.779260817594746, 13.952448001315823 ], [ 74.792175247987075, 13.927521457922165 ], [ 74.801463624614655, 13.906788846001222 ], [ 74.808340844495689, 13.885136617844564 ], [ 74.811587559022414, 13.868602034661835 ], [ 74.816953275756092, 13.864487484804323 ], [ 74.831031812783891, 13.851359729588225 ], [ 74.843783091452096, 13.836939325496024 ], [ 74.857454966452096, 13.819890171496018 ], [ 74.868853946078218, 13.804168379967757 ], [ 74.870755086166142, 13.800925153296795 ], [ 74.875970303533379, 13.796265541739151 ], [ 74.889174253606569, 13.781923070449539 ], [ 74.900919113317116, 13.766363216638911 ], [ 74.911093291587619, 13.749733818671793 ], [ 74.919600120808312, 13.732192876939989 ], [ 74.926358775302148, 13.713907052658275 ], [ 74.93130503927128, 13.695050084371289 ], [ 74.934391916928675, 13.675801137216784 ], [ 74.9355900790178, 13.656343100629377 ], [ 74.934888141477714, 13.636860850658737 ], [ 74.932292773606193, 13.617539493412412 ], [ 74.927828634692816, 13.598562606312816 ], [ 74.921538139724532, 13.580110493878662 ], [ 74.913481056389344, 13.562358474603137 ], [ 74.903733937207463, 13.54547521520565 ], [ 74.892389392185137, 13.529621128083868 ], [ 74.89015033081904, 13.527061041891015 ], [ 74.894967627528303, 13.511788240335299 ], [ 74.899077344259638, 13.491935760741963 ], [ 74.901156146933076, 13.471769221696787 ], [ 74.901586809666725, 13.463496904127931 ], [ 74.903148603573342, 13.457969411741329 ], [ 74.906597366310194, 13.438786063862064 ], [ 74.908162470063289, 13.419358113622419 ], [ 74.907829050463164, 13.399870075454293 ], [ 74.906515603271856, 13.388459180920984 ], [ 74.908272692894101, 13.382845513008904 ], [ 74.926583238894054, 13.314567518008944 ], [ 74.930036474886592, 13.299336738848108 ], [ 74.932290767916726, 13.283882948516911 ], [ 74.935540920005309, 13.253277355599744 ], [ 74.936651360591114, 13.248169328783737 ], [ 74.939460003118086, 13.243046742815233 ], [ 74.946894262023065, 13.225836414564069 ], [ 74.952684391550733, 13.208005598429304 ], [ 74.956779516206296, 13.189710966483448 ], [ 74.958185061378714, 13.181683139549477 ], [ 74.966444980945752, 13.165197452202651 ], [ 74.973575093010453, 13.146504674168822 ], [ 74.97880199021067, 13.127193071585515 ], [ 74.982073369802265, 13.107455885255016 ], [ 74.983356496852267, 13.087490614566875 ], [ 74.982873407550628, 13.074037757292615 ], [ 74.985735821736725, 13.073523653714991 ], [ 75.004305228115769, 13.068300400641805 ], [ 75.022285064964251, 13.061312504474994 ], [ 75.039508072500865, 13.052624971031609 ], [ 75.055814031447852, 13.042318617226517 ], [ 75.071051253491746, 13.030489319262498 ], [ 75.085077992383773, 13.017247120729344 ], [ 75.097763762552802, 13.002715208908981 ], [ 75.108990552964485, 12.987028768809688 ], [ 75.118653924934236, 12.970333725589899 ], [ 75.126663983681809, 12.952785387070346 ], [ 75.132946214589211, 12.934546998962768 ], [ 75.137442176382635, 12.915788226255355 ], [ 75.140110044790148, 12.896683574882021 ], [ 75.140925001617305, 12.877410768358155 ], [ 75.139879465621746, 12.858149094484412 ], [ 75.136983163038693, 12.839077737498508 ], [ 75.13226303710131, 12.820374111190445 ], [ 75.1257629973978, 12.802212208487553 ], [ 75.117543511396732, 12.784760982862553 ], [ 75.107681041940495, 12.768182776621796 ], [ 75.099624400940442, 12.756016435621842 ], [ 75.088819711276116, 12.741321636556561 ], [ 75.132008240968887, 12.63379195952589 ], [ 75.139763774564429, 12.62287839629475 ], [ 75.151930994945388, 12.603496537845551 ], [ 75.16055729694537, 12.587830847845559 ], [ 75.170188426126643, 12.567774798553495 ], [ 75.172819298718693, 12.560251156427142 ], [ 75.178861688450951, 12.551069533643309 ], [ 75.182198276450919, 12.545413609643314 ], [ 75.191519718895933, 12.527628838608088 ], [ 75.199010885008278, 12.508999029153662 ], [ 75.202829364650086, 12.495813310292984 ], [ 75.250815633361441, 12.414775892855801 ], [ 75.265427961330943, 12.404108814694895 ], [ 75.280177844394956, 12.390920800275428 ], [ 75.293552460270689, 12.376339907816224 ], [ 75.305420910664779, 12.360508841523231 ], [ 75.315667038229932, 12.343582541140433 ], [ 75.324190563404912, 12.325726665543824 ], [ 75.330908065857571, 12.3071159714265 ], [ 75.335753800925417, 12.287932602942776 ], [ 75.338680343063203, 12.268364309050723 ], [ 75.339659050000037, 12.248602606000077 ], [ 75.339659050000037, 12.241766669000071 ], [ 75.339581527436039, 12.23993235958584 ], [ 75.357891445316881, 12.235819330911967 ], [ 75.377145675736301, 12.229384913363683 ], [ 75.395648435178344, 12.221031769568723 ], [ 75.413209086419826, 12.210845963454098 ], [ 75.429646698945987, 12.198932441192827 ], [ 75.444791913109782, 12.18541394992485 ], [ 75.465543866109783, 12.164906137924845 ], [ 75.471154879234575, 12.158862657109241 ], [ 75.478242984767164, 12.15595308237592 ], [ 75.4954075927227, 12.146871469309474 ], [ 75.511610549415252, 12.13616802796686 ], [ 75.526699101688493, 12.123943664897418 ], [ 75.540531002418732, 12.110313625119609 ], [ 75.552975851547828, 12.095406405650174 ], [ 75.56391632542794, 12.079362544100212 ], [ 75.573249282888682, 12.062333293758758 ], [ 75.580886737599087, 12.044479197654434 ], [ 75.586756687557539, 12.02596857503819 ], [ 75.590803793889776, 12.006975934555848 ], [ 75.592989902555232, 11.987680329070177 ], [ 75.593135916599564, 11.978369684070982 ], [ 75.596205551638931, 11.966420353999476 ], [ 75.599227691441172, 11.946541196709077 ], [ 75.600238477000076, 11.926459052000041 ], [ 75.600238477000076, 11.920480058979107 ], [ 75.653478076188094, 11.862458152408806 ], [ 75.667301906392822, 11.845640050391625 ], [ 75.691960109392824, 11.812070714391654 ], [ 75.704836835832936, 11.792167405049522 ], [ 75.715268165713283, 11.770880339410748 ], [ 75.76979290471327, 11.640590625410734 ], [ 75.773581382172054, 11.630225984983113 ], [ 75.779675597068461, 11.626354479350331 ], [ 75.794187042595382, 11.615146243524515 ], [ 75.807611015197807, 11.602656104967355 ], [ 75.819899426197793, 11.590123552967373 ], [ 75.835338430054065, 11.572405697969158 ], [ 75.848592531645096, 11.552999152248029 ], [ 75.866658937645099, 11.522888475248047 ], [ 75.867243318054264, 11.521734763849517 ], [ 75.876541865648448, 11.513352040569581 ], [ 75.889714920570896, 11.498906564153312 ], [ 75.901414685700416, 11.48324397621912 ], [ 75.911529369440515, 11.466513933250845 ], [ 75.91844668744055, 11.453696550250875 ], [ 75.926593341942322, 11.436738079428311 ], [ 75.933110453999376, 11.419089142841456 ], [ 75.937940354059847, 11.400905914920735 ], [ 75.941040302614354, 11.382349298010034 ], [ 75.942382868395427, 11.363583498551058 ], [ 75.942133472284723, 11.352590054626969 ], [ 76.016957501173636, 11.175797953291895 ], [ 76.025025363258607, 11.152977638356163 ], [ 76.072388644258552, 10.987816505356193 ], [ 76.07718700901043, 10.966912067655787 ], [ 76.082177887033708, 10.938179273058624 ], [ 76.085918471213503, 10.934652423589052 ], [ 76.099080224304799, 10.919472190031426 ], [ 76.110652515838865, 10.903048021743476 ], [ 76.120518560785229, 10.885545667832742 ], [ 76.128578793180125, 10.867141758219816 ], [ 76.134751870924347, 10.848022021127896 ], [ 76.138975496669929, 10.828379408754245 ], [ 76.141207046511326, 10.808412150038896 ], [ 76.14142400013651, 10.78832175018163 ], [ 76.139944187539868, 10.771868979574212 ], [ 76.178401269541624, 10.695316642663997 ], [ 76.185276619394884, 10.680073338120968 ], [ 76.190176824021236, 10.666224360062159 ], [ 76.193199663402936, 10.663149335762366 ], [ 76.204276877186572, 10.649721808250401 ], [ 76.214144578785451, 10.635381946833762 ], [ 76.222728019580344, 10.620238377095633 ], [ 76.230540519580344, 10.604938898095613 ], [ 76.239739086987072, 10.584064561653026 ], [ 76.246500852961901, 10.562278555016746 ], [ 76.257405800961919, 10.518455312016727 ], [ 76.2580200947001, 10.515499394579381 ], [ 76.266211557753792, 10.50456203503539 ], [ 76.277516769854046, 10.487756269145763 ], [ 76.287064236593309, 10.469893249618503 ], [ 76.294756038773727, 10.451156180290941 ], [ 76.298633876997229, 10.440154447977156 ], [ 76.312278451336169, 10.432503725958282 ], [ 76.327853710249414, 10.42171490135183 ], [ 76.337158261198155, 10.413868663529469 ], [ 76.352899260798381, 10.404213446254099 ], [ 76.368263594740128, 10.39261853373913 ], [ 76.38244214112288, 10.379600332013261 ], [ 76.395303569475757, 10.365279423717098 ], [ 76.406728749290153, 10.349788457965666 ], [ 76.416611853480234, 10.333270921670223 ], [ 76.424861338618925, 10.315879810473696 ], [ 76.431400792869709, 10.297776211610344 ], [ 76.433842198869712, 10.28984164061038 ], [ 76.43910204634264, 10.268719195680355 ], [ 76.44203523415878, 10.247150234544137 ], [ 76.442607016972332, 10.225390254312654 ], [ 76.440810621677471, 10.203697014831077 ], [ 76.439834059677523, 10.196616936831076 ], [ 76.43580363986726, 10.175699260782231 ], [ 76.433598439185872, 10.168491632679265 ], [ 76.437551534430682, 10.156725810461992 ], [ 76.439742251375591, 10.147289679000457 ], [ 76.446251312063382, 10.137360250652508 ], [ 76.455159266368341, 10.120440615164974 ], [ 76.462410727116506, 10.102747621298814 ], [ 76.46452938508321, 10.095733069124769 ], [ 76.464744089851777, 10.09550185494485 ], [ 76.474401333872194, 10.082741619707177 ], [ 76.499660312039211, 10.057830487407951 ], [ 76.513633902860974, 10.042543115805746 ], [ 76.525951570384024, 10.025892589154939 ], [ 76.536481218411097, 10.008057469772558 ], [ 76.54510992568818, 9.9892290236953 ], [ 76.548403810737085, 9.979489265967823 ], [ 76.558730683374179, 9.961629170869953 ], [ 76.567758356940217, 9.944068867299853 ], [ 76.576221898940233, 9.925392109299883 ], [ 76.583661527386013, 9.906471281046686 ], [ 76.589141814572429, 9.886892918869206 ], [ 76.592606129155399, 9.866859338618326 ], [ 76.595047535155345, 9.8466770476183 ], [ 76.596440682723667, 9.827318978117423 ], [ 76.595950963104229, 9.807917022297397 ], [ 76.593582987934226, 9.788653886297718 ], [ 76.592205801557682, 9.782477667277933 ], [ 76.598172479361679, 9.768031942023907 ], [ 76.603603480741498, 9.750455197196395 ], [ 76.608160772741456, 9.732877072196395 ], [ 76.612819252543787, 9.709025129129927 ], [ 76.613343517510984, 9.701683847963942 ], [ 76.620871903225876, 9.696747322857709 ], [ 76.635906523416068, 9.684667381025083 ], [ 76.649707701801134, 9.67119547417686 ], [ 76.662147099567463, 9.656456879191097 ], [ 76.673109041262833, 9.640588652030811 ], [ 76.682491590476289, 9.623738353244129 ], [ 76.690207497757029, 9.606062675781061 ], [ 76.696185011957539, 9.58772598788695 ], [ 76.700368547456122, 9.568898804622442 ], [ 76.702719201054279, 9.549756202223479 ], [ 76.703215113742175, 9.530476190046375 ], [ 76.701851673968221, 9.511238055237456 ], [ 76.698641560522475, 9.492220695520379 ], [ 76.693614624634975, 9.473600955604734 ], [ 76.686817612385639, 9.455551982685874 ], [ 76.678313730006849, 9.438241616328369 ], [ 76.668182056121083, 9.421830827705767 ], [ 76.656516806379329, 9.406472222710327 ], [ 76.630312379379291, 9.375222222710327 ], [ 76.615823963903111, 9.359698488762119 ], [ 76.600699684033131, 9.34660220546921 ], [ 76.600775260895986, 9.346487207336368 ], [ 76.610214801678822, 9.328309568679739 ], [ 76.612160197313202, 9.324042249294145 ], [ 76.621645243946148, 9.31573124119207 ], [ 76.634829660634935, 9.301721160479008 ], [ 76.646606991767854, 9.286509136406076 ], [ 76.656868264289471, 9.270235922487281 ], [ 76.665518532901345, 9.253052091192945 ], [ 76.672477758569997, 9.235116640735743 ], [ 76.67768154911046, 9.216595523895204 ], [ 76.678949776679588, 9.209532889571816 ], [ 76.697928301533395, 9.206638559930839 ], [ 76.717375916800904, 9.201635763043905 ], [ 76.727955343800886, 9.198339865043929 ], [ 76.746279032060613, 9.191634410751503 ], [ 76.763862110227961, 9.183175330962975 ], [ 76.780537222270979, 9.173043139341186 ], [ 76.796145654194461, 9.161334274255379 ], [ 76.810538844682426, 9.14816018087919 ], [ 76.823579799107208, 9.133646250453609 ], [ 76.835144393446555, 9.117930626811068 ], [ 76.845122555698225, 9.101162891520127 ], [ 76.853419313547079, 9.083502640165602 ], [ 76.859955698313229, 9.065117963315123 ], [ 76.864669496577179, 9.046183846630301 ], [ 76.86751584232826, 9.026880505350281 ], [ 76.868467644000035, 9.007391669000071 ], [ 76.868467644000035, 8.999823309000078 ], [ 76.867481660473288, 8.979988459689327 ], [ 76.86453343152823, 8.960349178725334 ], [ 76.859652026216565, 8.941099106183174 ], [ 76.857634257826462, 8.935531361251751 ], [ 76.854870181977631, 8.921463475047844 ], [ 76.849002925626166, 8.902152442592197 ], [ 76.842000288037923, 8.885399521062393 ], [ 76.852148841707105, 8.868177379128436 ], [ 76.86457748563501, 8.85706821429117 ], [ 76.879578262578917, 8.842160232933191 ], [ 76.892920948121059, 8.825751577911705 ], [ 76.90445634728141, 8.808025727204267 ], [ 76.91181796997131, 8.793573516292572 ], [ 76.964986154927786, 8.73211469887783 ], [ 76.978336254987795, 8.714864857220046 ], [ 76.9897284525114, 8.696263780788453 ], [ 76.993653182977852, 8.687935913166186 ], [ 77.015211530882084, 8.668193177046716 ], [ 77.030026062726321, 8.6531112240732 ], [ 77.043165831718056, 8.636549758857136 ], [ 77.118619217501589, 8.530371277605342 ], [ 77.129893890752513, 8.517980163407096 ], [ 77.227674553928225, 8.447163890816949 ], [ 77.228060318166285, 8.446883804974066 ], [ 77.246452245166324, 8.433496760974053 ], [ 77.263002213659732, 8.42004388172173 ], [ 77.334764987246089, 8.355058031536048 ], [ 77.334880242416915, 8.35501979958063 ], [ 77.352293576206435, 8.347337419268406 ], [ 77.36889780810732, 8.338034589381293 ], [ 77.39274220910734, 8.323142011381291 ], [ 77.413572246585346, 8.308194656442488 ], [ 77.415577198270171, 8.306551422690651 ], [ 77.464961153253597, 8.291718256609519 ], [ 77.478977817805983, 8.301730159919789 ], [ 77.495155030017301, 8.312147866624112 ], [ 77.51225847110436, 8.320962803429842 ], [ 77.530129835546859, 8.328093381307591 ], [ 77.578713819546806, 8.344817013307571 ], [ 77.594651752467939, 8.349571797360664 ], [ 77.610929642361043, 8.35298588257016 ], [ 77.655447268248238, 8.360405487157884 ], [ 77.661251348232966, 8.366507211953504 ], [ 77.674208590043307, 8.378957651922063 ], [ 77.688231045260281, 8.390194836642014 ], [ 77.703205516362388, 8.400128052936576 ], [ 77.896809031362338, 8.516379680936563 ], [ 77.899564208152526, 8.517894550444465 ], [ 77.903930516633579, 8.527105966997214 ], [ 77.915029951392, 8.54524887346664 ], [ 77.927993285307821, 8.562110500935582 ], [ 77.93500958412038, 8.570296181765963 ], [ 77.929017862475789, 8.583328783386904 ], [ 77.922631471134338, 8.601775866394782 ], [ 77.918073910446282, 8.620757686814338 ], [ 77.915388600390955, 8.640093404431544 ], [ 77.914601123975359, 8.659598807446105 ], [ 77.915718983504362, 8.679088067461278 ], [ 77.918731529106054, 8.698375509875019 ], [ 77.923610060193241, 8.717277382805946 ], [ 77.930308098894685, 8.735613607701481 ], [ 77.938761832850659, 8.753209494950129 ], [ 77.94889072315479, 8.769897408153181 ], [ 77.960598271649872, 8.785518361200312 ], [ 77.96622851405462, 8.791674463573116 ], [ 77.967057299392607, 8.796557942825324 ], [ 77.972202923367973, 8.81544279041416 ], [ 77.975787729778801, 8.82485452688055 ], [ 77.978170215194694, 8.871313002248799 ], [ 77.980908358187676, 8.895584404834903 ], [ 77.986584739251683, 8.919341027249779 ], [ 77.991467552251677, 8.935372928249798 ], [ 77.998912286173336, 8.955770754703307 ], [ 78.008524464054616, 8.975241281752419 ], [ 78.043355193054637, 9.03709024075245 ], [ 78.052934781498294, 9.052433749343122 ], [ 78.063861471699795, 9.066848991688017 ], [ 78.08599688869981, 9.093460319688019 ], [ 78.099145855250285, 9.107789484011585 ], [ 78.113624368664077, 9.120773817682746 ], [ 78.251319680664025, 9.232671603682732 ], [ 78.26898172922418, 9.245490371200169 ], [ 78.303649698224177, 9.267869928200135 ], [ 78.317020591841612, 9.275783055610081 ], [ 78.330965406467001, 9.282634371293851 ], [ 78.368725823467017, 9.299398694293869 ], [ 78.386732294214553, 9.306373020619112 ], [ 78.405327422520358, 9.311578346714894 ], [ 78.441297474520397, 9.319797747714913 ], [ 78.462390524626542, 9.323442622192498 ], [ 78.53504159272525, 9.332023807561967 ], [ 78.544333136267511, 9.339417567190441 ], [ 78.560225104186713, 9.349767876078358 ], [ 78.57702600213527, 9.358566362683602 ], [ 78.591999960135254, 9.365524370683628 ], [ 78.609165126931003, 9.372552173347673 ], [ 78.626907538178671, 9.37795955760707 ], [ 78.645074594521176, 9.381700015501309 ], [ 78.662513940845443, 9.383631077303859 ], [ 78.671350207219291, 9.38913639457315 ], [ 78.690282308371437, 9.399556235477327 ], [ 78.710228120072031, 9.407872612940375 ], [ 78.719988538580679, 9.410752622645459 ], [ 78.718771345279833, 9.41589589808447 ], [ 78.716205035454294, 9.433959885050594 ], [ 78.714170530454311, 9.455200119050598 ], [ 78.71326000830696, 9.474798054931863 ], [ 78.71427402015658, 9.494390908765745 ], [ 78.717202808467746, 9.513790144328398 ], [ 78.722018190378819, 9.532809088527209 ], [ 78.729102794296736, 9.555953723462887 ], [ 78.733124661548715, 9.587202577821502 ], [ 78.736073920074958, 9.604253378151846 ], [ 78.740485992948194, 9.620985429153471 ], [ 78.747321930948189, 9.642998775153465 ], [ 78.758007858895851, 9.670206938508613 ], [ 78.767203822895866, 9.689371977508642 ], [ 78.778556558327509, 9.709861060455275 ], [ 78.78783390132746, 9.724509498455269 ], [ 78.790398549625053, 9.728088907292388 ], [ 78.790906809730188, 9.729940941492774 ], [ 78.798341288632102, 9.749078205882421 ], [ 78.807698506704099, 9.767352472894135 ], [ 78.818879860771801, 9.784571174531452 ], [ 78.876903948771769, 9.86460860953146 ], [ 78.890269374924813, 9.881122265132618 ], [ 78.905311056346619, 9.896125040128302 ], [ 78.918748685043582, 9.908174020118651 ], [ 78.923555386799862, 9.918650432342035 ], [ 78.933918817231259, 9.936245018095846 ], [ 78.936604364231258, 9.94031402809587 ], [ 78.95387735998267, 9.962830213553852 ], [ 78.954289226190923, 9.96329473843503 ], [ 78.963042032378539, 9.9807656179673 ], [ 78.971420792691021, 9.995831256055537 ], [ 78.981065791262452, 10.010119400719447 ], [ 79.039578161262469, 10.089220963719441 ], [ 79.042469492264402, 10.092838656330541 ], [ 79.038511730650455, 10.131615300055048 ], [ 79.038080268536191, 10.136414200144483 ], [ 79.036940945536173, 10.151062637144488 ], [ 79.036347802051139, 10.168475440632289 ], [ 79.037272377502063, 10.185873794138704 ], [ 79.039707655342625, 10.203125662627013 ], [ 79.043635154398771, 10.220100122726308 ], [ 79.047297263398775, 10.233283716726305 ], [ 79.052892784847145, 10.25039893826086 ], [ 79.060005007374158, 10.266941518446012 ], [ 79.06857627918518, 10.282777362850332 ], [ 79.078537121407635, 10.297778105854439 ], [ 79.085913615093673, 10.306970550070252 ], [ 79.092862627379233, 10.322919988140423 ], [ 79.10203660517287, 10.33949048640374 ], [ 79.112736953160578, 10.355118852735341 ], [ 79.126652968160528, 10.373510779735323 ], [ 79.142241506556076, 10.391730877561264 ], [ 79.159898543270558, 10.40795442675865 ], [ 79.178697372270605, 10.423253905758671 ], [ 79.191666443085566, 10.432962829975098 ], [ 79.205378773154351, 10.441590228848938 ], [ 79.248828693997837, 10.466530363884607 ], [ 79.256964478570097, 10.473355890648973 ], [ 79.271018170844073, 10.484123393569208 ], [ 79.285969026006271, 10.493605867697188 ], [ 79.301699887142632, 10.501729007088908 ], [ 79.31808748510727, 10.508429157730383 ], [ 79.330701417107235, 10.51294575973035 ], [ 79.349920706515164, 10.51875696590719 ], [ 79.369625812125577, 10.522611834965629 ], [ 79.389618130512886, 10.524471514528244 ], [ 79.409696163497088, 10.524317261293739 ], [ 79.429657548999614, 10.522150629946534 ], [ 79.443533364798185, 10.519214085657588 ], [ 79.446025783855561, 10.520493482126703 ], [ 79.464160926733655, 10.527667410149226 ], [ 79.482908565385301, 10.533040928128047 ], [ 79.50209043383397, 10.536562940805378 ], [ 79.521524137135202, 10.538199958361998 ], [ 79.540213264233415, 10.537947383547344 ], [ 79.547438363489633, 10.539758714673571 ], [ 79.565975729949059, 10.542595208308795 ], [ 79.584697279350792, 10.543682976386973 ], [ 79.603438411995654, 10.543012455260641 ], [ 79.622034356008783, 10.540589540145699 ], [ 79.640321616012457, 10.536435533290723 ], [ 79.658139410576126, 10.530586956687774 ], [ 79.659305262958895, 10.530142710507013 ], [ 79.655369799461468, 10.547236310552099 ], [ 79.651578134357521, 10.569280123502407 ], [ 79.6502716525045, 10.591609465606831 ], [ 79.649875683782014, 10.750313745356962 ], [ 79.647561060519052, 10.800264797607362 ], [ 79.640893360928587, 10.940652401416314 ], [ 79.640790909177028, 10.957146589847792 ], [ 79.642047966295991, 10.973593126132801 ], [ 79.644655982136527, 10.989880145557791 ], [ 79.650678117136493, 11.01958392155781 ], [ 79.650722443817557, 11.019801937179746 ], [ 79.652631960321656, 11.029166991156751 ], [ 79.654020655652232, 11.097816068675138 ], [ 79.637597793441088, 11.100230633828485 ], [ 79.618714643797674, 11.104917715063877 ], [ 79.60037626824581, 11.111417411447718 ], [ 79.582756212952006, 11.119668212766763 ], [ 79.566021226221793, 11.129592037135552 ], [ 79.550329680468522, 11.141094969928375 ], [ 79.535830073447855, 11.154068152545189 ], [ 79.522659622941532, 11.168388812600631 ], [ 79.510942968189809, 11.183921425786822 ], [ 79.500790990361537, 11.200518998414692 ], [ 79.492299763224523, 11.218024458496352 ], [ 79.485549643946385, 11.236272142203989 ], [ 79.480604512630393, 11.255089361638078 ], [ 79.477511167782808, 11.274298039068263 ], [ 79.476298883432719, 11.293716392181173 ], [ 79.476979132095863, 11.313160654386751 ], [ 79.479545476203782, 11.332446813902912 ], [ 79.483973629026153, 11.351392355160549 ], [ 79.490221684509478, 11.36981798604908 ], [ 79.49823051385718, 11.387549334656628 ], [ 79.506287154857233, 11.403296404656603 ], [ 79.517330120329675, 11.422241113389591 ], [ 79.530380710809453, 11.439863007826139 ], [ 79.545282042187395, 11.455950251175079 ], [ 79.566542248581754, 11.476516184029713 ], [ 79.562363096809179, 11.491513379909671 ], [ 79.559037934118862, 11.510033225294693 ], [ 79.553666840118808, 11.550926780294718 ], [ 79.551975055860566, 11.574844068423866 ], [ 79.553157602963879, 11.598791936549809 ], [ 79.555354868963931, 11.618811467549811 ], [ 79.560082752217397, 11.645298960463409 ], [ 79.565700035943919, 11.667866646384576 ], [ 79.567959331891529, 11.692166624803816 ], [ 79.570863122701795, 11.71226371996584 ], [ 79.589661950701796, 11.807804084965817 ], [ 79.593189644015467, 11.8226987543571 ], [ 79.597846113799307, 11.83728001238044 ], [ 79.604682050799255, 11.856160220380424 ], [ 79.612006976868074, 11.873730056309611 ], [ 79.617003122299451, 11.883092203074941 ], [ 79.624474992422506, 11.919188451153172 ], [ 79.630110317487294, 11.940446985001698 ], [ 79.638045705899245, 11.960958244366404 ], [ 79.653682034347383, 11.995585229455255 ], [ 79.654236274862328, 11.998356432029802 ], [ 79.659154999802055, 12.017814976731707 ], [ 79.660928253508757, 12.022703334773141 ], [ 79.66204577945787, 12.036159622208251 ], [ 79.663347862457854, 12.046657669208249 ], [ 79.666486192083582, 12.064958183072552 ], [ 79.6713081541414, 12.08288878826173 ], [ 79.677772188391017, 12.10029494182181 ], [ 79.685822581657263, 12.117026621020146 ], [ 79.694123362657265, 12.13240748102014 ], [ 79.705259329680075, 12.150639283839345 ], [ 79.718276480553342, 12.167579241888697 ], [ 79.729073534645323, 12.180175804794988 ], [ 79.744217182756017, 12.210503483974779 ], [ 79.743904483129342, 12.222140132978033 ], [ 79.745254348723407, 12.241430775739923 ], [ 79.748460917857471, 12.260500881918897 ], [ 79.753494213035353, 12.279172169366237 ], [ 79.76030717910848, 12.297270084400168 ], [ 79.768836123183931, 12.3146254336691 ], [ 79.779001310075046, 12.331075965902363 ], [ 79.787302091075048, 12.343160926902334 ], [ 79.799710523179627, 12.359384129582526 ], [ 79.813708846658642, 12.374257207013697 ], [ 79.829151072474204, 12.38762504731636 ], [ 79.845876153077114, 12.399348236785217 ], [ 79.863709661977708, 12.409304513839874 ], [ 79.874670408110163, 12.414709121367446 ], [ 79.88445321944603, 12.431578199989676 ], [ 79.900873611935481, 12.455659338336723 ], [ 79.903233637935443, 12.45862971533672 ], [ 79.916762471699741, 12.47397543113396 ], [ 79.931788170591176, 12.487858828022876 ], [ 79.935694420591176, 12.491114037022907 ], [ 79.935809670508789, 12.491202032782036 ], [ 79.941025935885762, 12.503493720722242 ], [ 79.94993934771891, 12.519998797088858 ], [ 79.976672412992116, 12.564386954821398 ], [ 79.986273807787839, 12.587945015601818 ], [ 79.987684730178046, 12.599363977563165 ], [ 79.990793754978, 12.614633149062559 ], [ 80.002186983977964, 12.661223318062515 ], [ 80.01088032655457, 12.688275494781067 ], [ 80.018285925554608, 12.706708111781097 ], [ 80.026651010989596, 12.724852039221846 ], [ 80.03597789498609, 12.7407000623407 ], [ 80.039250840713123, 12.757991397013278 ], [ 80.044923391383946, 12.777194546893176 ], [ 80.056981550427579, 12.811576595536241 ], [ 80.063944931052589, 12.855776774831865 ], [ 80.069284198138718, 12.966863192742265 ], [ 80.072554877180465, 12.994520807876919 ], [ 80.084238377921096, 13.056137365710388 ], [ 80.086469786503628, 13.083707005353043 ], [ 80.08935192874776, 13.105003872845993 ], [ 80.094502581638992, 13.125868533967653 ], [ 80.10186227273762, 13.146060073182396 ], [ 80.10576852273762, 13.155215346182429 ], [ 80.107377202819336, 13.158566745058581 ], [ 80.107429426646263, 13.160669496607975 ], [ 80.109765677160695, 13.179825662605287 ], [ 80.113937287807346, 13.198667489130216 ], [ 80.114504662448198, 13.200412171654754 ], [ 80.113808517240315, 13.209476784052551 ], [ 80.114220239609267, 13.229009335161546 ], [ 80.11653574688674, 13.248408523138945 ], [ 80.120622667665302, 13.266987913493688 ], [ 80.120788283499223, 13.268677947426731 ], [ 80.123732337636881, 13.288463637338999 ], [ 80.125533322526422, 13.29558297758291 ], [ 80.122942411940556, 13.296136196994842 ], [ 80.113533008421882, 13.297001429476845 ], [ 80.096606429448769, 13.29929034409821 ], [ 80.079936881524304, 13.303015176694547 ], [ 80.063645947415964, 13.308148759435175 ], [ 80.051194776416011, 13.312665361435142 ], [ 80.031876062183429, 13.32084351943983 ], [ 80.01352026826784, 13.331000281604926 ], [ 79.99632935199179, 13.343023899427362 ], [ 79.980492454257586, 13.356782084558624 ], [ 79.966183818548146, 13.37212346429072 ], [ 79.953560873834974, 13.388879247015444 ], [ 79.946236654834976, 13.399743504015481 ], [ 79.936130810022036, 13.416436889584302 ], [ 79.929407581916095, 13.43047104307634 ], [ 79.917330471573393, 13.444633076566344 ], [ 79.90009653483682, 13.468110051422935 ], [ 79.887075700836846, 13.488862004422936 ], [ 79.876975111105565, 13.506984537773207 ], [ 79.868806301181564, 13.526055947589395 ], [ 79.862657177288341, 13.545871002555183 ], [ 79.858593911397605, 13.566216468837686 ], [ 79.855094563397614, 13.590142250837678 ], [ 79.853192463266993, 13.610069777299829 ], [ 79.85329194759089, 13.63008762929938 ], [ 79.855392019724647, 13.649995265845179 ], [ 79.859471640920106, 13.669593250096327 ], [ 79.865489941093983, 13.688685247341864 ], [ 79.873386628268818, 13.707079991903001 ], [ 79.883082592584415, 13.724593203253214 ], [ 79.894480698828971, 13.741049432160366 ], [ 79.902334503311124, 13.751256542999418 ], [ 79.903600305353621, 13.755975365176337 ], [ 79.910493438387221, 13.774290645792673 ], [ 79.919143530718557, 13.791844582380614 ], [ 79.929467765328425, 13.808469111450467 ], [ 79.941367296759097, 13.824005067771347 ], [ 79.954728197472576, 13.838303708238142 ], [ 79.969422548606431, 13.851228135955807 ], [ 79.985309664684323, 13.862654610906619 ], [ 79.998861369959386, 13.870515411526107 ], [ 79.984584325621881, 13.899426426173099 ], [ 79.975627459025219, 13.920532120483481 ], [ 79.961385923025176, 13.960286352483488 ], [ 79.956886080857529, 13.974493721169287 ], [ 79.953456654727404, 13.988996718822387 ], [ 79.946205979420299, 14.025720275681488 ], [ 79.933391676169279, 14.034077233883156 ], [ 79.918264001260468, 14.046180787248248 ], [ 79.904378382720026, 14.059691233205276 ], [ 79.891865117135509, 14.074481795622564 ], [ 79.880841623532945, 14.090413686313955 ], [ 79.871411341567892, 14.107337407366607 ], [ 79.863662760892879, 14.1250941539642 ], [ 79.859675130892839, 14.135592200964199 ], [ 79.853674101956074, 14.154040521736345 ], [ 79.849488668692587, 14.172983463324407 ], [ 79.847158211099725, 14.19224279495922 ], [ 79.846704656038625, 14.211637309013932 ], [ 79.84813227092819, 14.230984525954334 ], [ 79.851427623593779, 14.250102411256355 ], [ 79.856559708648106, 14.268811088136536 ], [ 79.863480239215434, 14.286934529980693 ], [ 79.872124101254187, 14.304302216547041 ], [ 79.880506263254219, 14.319276174547026 ], [ 79.890988081234426, 14.336006129428833 ], [ 79.903068261224618, 14.351621159045271 ], [ 79.916629093981612, 14.365969110587372 ], [ 79.931538442785424, 14.37891017765171 ], [ 79.938624890176655, 14.383927546198388 ], [ 79.948877443897544, 14.39479514162786 ], [ 79.964310286403517, 14.408127248351882 ], [ 79.977621824764284, 14.417440486385761 ], [ 79.976156853011062, 14.459450706979185 ], [ 79.974416468697441, 14.46185483907845 ], [ 79.964714019595093, 14.478387218970024 ], [ 79.956638875371198, 14.495772533152579 ], [ 79.950265217753397, 14.513851072696305 ], [ 79.945651597885885, 14.532456760406813 ], [ 79.942840398453455, 14.551418676481253 ], [ 79.941857444336151, 14.570562628650704 ], [ 79.942711765370788, 14.589712752384839 ], [ 79.94350494760512, 14.595322405510924 ], [ 79.940959923528226, 14.598984830815446 ], [ 79.93126258584644, 14.616424229195335 ], [ 79.923351294936253, 14.634743138827231 ], [ 79.91730480195784, 14.653759208258874 ], [ 79.914782015957854, 14.663321383258916 ], [ 79.910698504761172, 14.6826079794452 ], [ 79.908533615940925, 14.702202905128706 ], [ 79.906383425947411, 14.737564809559341 ], [ 79.877088633389064, 14.880367653940279 ], [ 79.873848934991003, 14.902244949462345 ], [ 79.873714197516108, 14.905946852397399 ], [ 79.873602747949832, 14.906252957017344 ], [ 79.868376556221619, 14.922809854804768 ], [ 79.864606018413397, 14.939757627194084 ], [ 79.857607320413436, 14.979227028194046 ], [ 79.855487195651094, 14.994656960901706 ], [ 79.854574187248275, 15.010205085162436 ], [ 79.853027964248284, 15.088655606162472 ], [ 79.853518069919517, 15.107132791485325 ], [ 79.85571189072445, 15.125485822060678 ], [ 79.859590688878669, 15.143557941634842 ], [ 79.885188340309, 15.240701383676937 ], [ 79.891025271803414, 15.293770765172958 ], [ 79.89074128900495, 15.297017138928579 ], [ 79.890906841059376, 15.316187191874755 ], [ 79.89290704413925, 15.335253327431843 ], [ 79.896723520461791, 15.354040366738806 ], [ 79.90232120440119, 15.372375695259358 ], [ 79.909648664670073, 15.390090848757136 ], [ 79.934202665021701, 15.44222739437429 ], [ 79.935533999518881, 15.446583599208831 ], [ 79.943374204528496, 15.467844838049977 ], [ 79.953569192421014, 15.488082706354819 ], [ 79.965988082722163, 15.507037395889103 ], [ 79.979497197722139, 15.52530725288911 ], [ 79.98943543513009, 15.537687968600219 ], [ 80.00032437405072, 15.549241396380706 ], [ 80.003843477853479, 15.552690118178766 ], [ 80.007134856175611, 15.566070288696942 ], [ 80.011861006271047, 15.582294446153774 ], [ 80.017939883325596, 15.598061723460415 ], [ 80.024678727060945, 15.611923792241722 ], [ 80.028035150699225, 15.625276540965956 ], [ 80.034316473860883, 15.643012429813465 ], [ 80.078017645860882, 15.750108784813476 ], [ 80.085294720961585, 15.765934651595648 ], [ 80.093921225401374, 15.781067308420502 ], [ 80.110360027401356, 15.8071903554205 ], [ 80.120011441665682, 15.82117259027873 ], [ 80.130814735795582, 15.834285237794594 ], [ 80.142691949793544, 15.846433672943981 ], [ 80.222688694793561, 15.921588294943938 ], [ 80.237335880206729, 15.934077906598798 ], [ 80.253115905690976, 15.945101573662582 ], [ 80.286807311690978, 15.966301117662594 ], [ 80.304543630889427, 15.976240320103523 ], [ 80.323197387646815, 15.984327477991618 ], [ 80.342575811819216, 15.990479017674108 ], [ 80.343052117491993, 15.990603957705423 ], [ 80.351938556457057, 15.997019845287429 ], [ 80.35958829645709, 16.002024728287399 ], [ 80.376310952393951, 16.011842214470271 ], [ 80.393905765214285, 16.01999407427958 ], [ 80.412207330368631, 16.026403674066945 ], [ 80.418799436103129, 16.028016009792321 ], [ 80.423947144528455, 16.03288600790793 ], [ 80.439943345622396, 16.045215321829183 ], [ 80.457101432453854, 16.055868513252001 ], [ 80.475246439536903, 16.064736948805312 ], [ 80.494193337502452, 16.071730194739061 ], [ 80.513748919890972, 16.076776939100764 ], [ 80.533713773329154, 16.079825718922073 ], [ 80.553884311000047, 16.08084544500009 ], [ 80.560720248000052, 16.08084544500009 ], [ 80.56617329821259, 16.080584388373051 ], [ 80.572872849653038, 16.082276774556647 ], [ 80.575887678925895, 16.084080033778786 ], [ 80.593270660383254, 16.092323426146105 ], [ 80.611365255771517, 16.098858499198716 ], [ 80.630004035092966, 16.103624783650453 ], [ 80.649014532994627, 16.106578176885154 ], [ 80.668220844597059, 16.107691351039886 ], [ 80.687445253148937, 16.106954005870719 ], [ 80.693548768148887, 16.106425033870678 ], [ 80.696282097605049, 16.106056177485815 ], [ 80.698796336224845, 16.111389198105229 ], [ 80.708767637979847, 16.12810344903847 ], [ 80.72031631442151, 16.143769371143289 ], [ 80.733333001592555, 16.158238610862067 ], [ 80.747694433729436, 16.17137414701125 ], [ 80.763264610567617, 16.183051588348121 ], [ 80.778878237468575, 16.192541694302179 ], [ 80.785704648566963, 16.197583070540677 ], [ 80.80252946237961, 16.207624944492018 ], [ 80.82025614225455, 16.215972304128222 ], [ 80.838714550358034, 16.222545032828691 ], [ 80.857727525846002, 16.227280046596256 ], [ 80.877112585225447, 16.230131899527301 ], [ 80.896683673801789, 16.231073219994229 ], [ 80.916252951402043, 16.230094973353999 ], [ 80.935632595234651, 16.227206548661151 ], [ 80.954636602582582, 16.222435668553189 ], [ 80.973082576027622, 16.215828123173122 ], [ 80.990793474071566, 16.207447330683024 ], [ 81.000445811370653, 16.201661614124358 ], [ 81.009000499156485, 16.223351835068694 ], [ 81.029828735539681, 16.268039506886584 ], [ 81.037099202582837, 16.295241082325713 ], [ 81.04251433302602, 16.312374955920529 ], [ 81.048790426260709, 16.327386838262996 ], [ 81.048796074921754, 16.330138794336186 ], [ 81.050673649712664, 16.349232619971865 ], [ 81.054372140032314, 16.368058682594111 ], [ 81.059857510573053, 16.386443735613675 ], [ 81.067079282285903, 16.404218590826272 ], [ 81.075970996913355, 16.421219675364767 ], [ 81.086450828570605, 16.437290536976299 ], [ 81.09842233674712, 16.452283283772033 ], [ 81.109490044747162, 16.464856526771996 ], [ 81.123776096422517, 16.479502124172495 ], [ 81.139483634652763, 16.492611587869895 ], [ 81.15644828602089, 16.504047732309619 ], [ 81.214228234020851, 16.538837771309648 ], [ 81.23105524034527, 16.547903408771347 ], [ 81.248670803365385, 16.55532135079816 ], [ 81.266914034011975, 16.561023846743296 ], [ 81.28561831050888, 16.564958813726186 ], [ 81.288586705619323, 16.565436486302584 ], [ 81.291341994842483, 16.566207311305813 ], [ 81.313007291714271, 16.570990523121708 ], [ 81.335069084823147, 16.573344559790971 ], [ 81.340139737962417, 16.573602389653377 ], [ 81.345715558086795, 16.575424664032461 ], [ 81.363859104291578, 16.579535742333508 ], [ 81.382306147304234, 16.581943196958569 ], [ 81.400897079050253, 16.582626198054488 ], [ 81.413348251050252, 16.582504128054456 ], [ 81.433234749021295, 16.581316909482904 ], [ 81.452904477991922, 16.57815715447488 ], [ 81.472162273785457, 16.573056214300429 ], [ 81.488589102557413, 16.566899703176428 ], [ 81.508038713243693, 16.571079152009759 ], [ 81.527944615987977, 16.57330738290571 ], [ 81.547973568026876, 16.573533341339679 ], [ 81.564737891026894, 16.57288230033971 ], [ 81.583722626964047, 16.571236523542087 ], [ 81.602464558041191, 16.567791411153411 ], [ 81.620793540894226, 16.562578238660137 ], [ 81.638543180993636, 16.555644332386439 ], [ 81.650750211993639, 16.550191858386402 ], [ 81.668034902087967, 16.541443801346006 ], [ 81.676462793834602, 16.53609599027164 ], [ 81.687814612683354, 16.534842900419612 ], [ 81.706789560629829, 16.530859545510783 ], [ 81.716019215955114, 16.527964959596947 ], [ 81.776681261854691, 16.556439622988396 ], [ 81.798664212817371, 16.565211289876231 ], [ 81.817544420817356, 16.571477565876251 ], [ 81.838638656149286, 16.577219731293141 ], [ 81.858007146149319, 16.581370121293148 ], [ 81.858263374475612, 16.581415156960816 ], [ 81.872684157049207, 16.588887148057914 ], [ 81.890154569613557, 16.595942420984446 ], [ 81.908211371515165, 16.601322392761595 ], [ 81.909689266336201, 16.60161480021867 ], [ 81.911115876255266, 16.602775902187602 ], [ 81.927040727407032, 16.614478100438049 ], [ 81.944042727511345, 16.624551546747611 ], [ 81.961955876550633, 16.632897888436943 ], [ 81.980605278451648, 16.639435635513184 ], [ 81.999808848693505, 16.644100956302239 ], [ 82.016384131221685, 16.646427856801207 ], [ 82.0226029348607, 16.650398658453152 ], [ 82.037827314456351, 16.658369375519595 ], [ 82.087957523456325, 16.681928945519569 ], [ 82.09113075924077, 16.683197340441403 ], [ 82.095546854364628, 16.695877009921301 ], [ 82.103867219215246, 16.713824755925572 ], [ 82.113919972122432, 16.730862719913912 ], [ 82.117489150413974, 16.735737403646304 ], [ 82.117066884578961, 16.736178606572629 ], [ 82.105368409860844, 16.750970781445648 ], [ 82.092591716860809, 16.768793046445655 ], [ 82.08104102330887, 16.786881558037138 ], [ 82.071495107039937, 16.806103635336761 ], [ 82.064063892328136, 16.82623792998627 ], [ 82.058832951983888, 16.847052589153332 ], [ 82.054438420983942, 16.86959490715331 ], [ 82.051700802456551, 16.8883140022871 ], [ 82.050744109716064, 16.907208017657837 ], [ 82.051576902748749, 16.926107899498582 ], [ 82.053530027748749, 16.947429514498616 ], [ 82.056551937404748, 16.96826781632971 ], [ 82.061747942778126, 16.988672920821791 ], [ 82.069060450467035, 17.008418654347604 ], [ 82.078408407400232, 17.027286151859144 ], [ 82.103699189375448, 17.072218208759455 ], [ 82.104840554578701, 17.076977944764188 ], [ 82.110708259530412, 17.09684625201783 ], [ 82.118599747549851, 17.116000990631669 ], [ 82.128430346996311, 17.134236640031915 ], [ 82.14009458055267, 17.15135754100319 ], [ 82.152464372552686, 17.167633583003148 ], [ 82.165471353659115, 17.183065144911545 ], [ 82.179967329078124, 17.197107272851671 ], [ 82.1954314057472, 17.21064352212775 ], [ 82.211704179357582, 17.231849565423051 ], [ 82.230985111253148, 17.253520517672076 ], [ 82.248319095253152, 17.270366220672077 ], [ 82.263977774566882, 17.284073993152479 ], [ 82.280976111967121, 17.296080399353023 ], [ 82.291859555301301, 17.302180421863081 ], [ 82.292985425185705, 17.303854741867124 ], [ 82.308770599265145, 17.322117647258164 ], [ 82.331719818265142, 17.345636527258147 ], [ 82.34475002881544, 17.357848550192688 ], [ 82.358817638732404, 17.36884956116274 ], [ 82.373810487000441, 17.378551849137775 ], [ 82.617462830000392, 17.521211354137758 ], [ 82.633313894874121, 17.529562300921821 ], [ 82.649848698862655, 17.536461201332916 ], [ 82.666934552408662, 17.541852692631796 ], [ 82.677698885586281, 17.544726128531067 ], [ 82.690592369649991, 17.552763981330703 ], [ 82.709621752970008, 17.563237046437106 ], [ 82.729674659716451, 17.571584707982797 ], [ 82.750514564589778, 17.577708504773472 ], [ 82.757215939182558, 17.57928802012761 ], [ 82.770246392626078, 17.587840648952142 ], [ 82.78440654862608, 17.595897288952148 ], [ 82.801876614974177, 17.604734651014976 ], [ 82.820127034543589, 17.611821566562433 ], [ 82.838982921691212, 17.617090124838917 ], [ 82.850718296559847, 17.619159395928229 ], [ 82.851575572876612, 17.619682320903681 ], [ 82.870440750332662, 17.628330566035999 ], [ 82.876965219654622, 17.633856227900377 ], [ 82.900402719654622, 17.651312282900346 ], [ 82.917287283031399, 17.662601789048235 ], [ 82.935229809945454, 17.672120568246559 ], [ 82.953312613345005, 17.680566560186094 ], [ 82.974434493640615, 17.695179953950099 ], [ 82.989604641164277, 17.704700425095041 ], [ 83.005565670878553, 17.712825588303939 ], [ 83.0221895861999, 17.719490285303799 ], [ 83.033892845905399, 17.723584136003829 ], [ 83.038901149810371, 17.733524643672382 ], [ 83.045703575440612, 17.744267414413585 ], [ 83.049602944856119, 17.761024623048534 ], [ 83.055616475478217, 17.778972137196732 ], [ 83.063299740471578, 17.796270786094386 ], [ 83.068182553471573, 17.805995720094348 ], [ 83.077532907796083, 17.822596037311133 ], [ 83.088420431880181, 17.838231301204338 ], [ 83.100746321535951, 17.852759621887937 ], [ 83.114398719420265, 17.866049154976054 ], [ 83.129253730139169, 17.87797929806964 ], [ 83.145176544597476, 17.888441785222216 ], [ 83.162022663390275, 17.897341669452409 ], [ 83.179639208133665, 17.904598184386995 ], [ 83.197866308834875, 17.910145477215035 ], [ 83.216538554711008, 17.913933206301589 ], [ 83.23548649529053, 17.915926998037616 ], [ 83.240812030225271, 17.916231895288455 ], [ 83.24389712148627, 17.924458805317769 ], [ 83.25234156370901, 17.943804811434379 ], [ 83.252456532636174, 17.944006938223986 ], [ 83.255172965667654, 17.958871860848479 ], [ 83.259537009012476, 17.977606699934618 ], [ 83.265680735846075, 17.995835624491299 ], [ 83.273547310694354, 18.013389999161319 ], [ 83.28306396005631, 18.030107428832792 ], [ 83.294142645629975, 18.045833260952545 ], [ 83.306680878752744, 18.060422016213305 ], [ 83.320562668521504, 18.073738734379379 ], [ 83.335659594821934, 18.085660222800666 ], [ 83.351831996339826, 18.096076196064978 ], [ 83.368930262564817, 18.104890296245845 ], [ 83.38679621783362, 18.112020984307449 ], [ 83.405264584609498, 18.117402294420337 ], [ 83.408042487887727, 18.117928797257886 ], [ 83.408660371481659, 18.119005255478491 ], [ 83.414763887481712, 18.128363979478472 ], [ 83.42669673505965, 18.144776561578656 ], [ 83.440231240753292, 18.159895518491815 ], [ 83.455228078431546, 18.173565213520082 ], [ 83.486884979431508, 18.199606879520051 ], [ 83.49950816016468, 18.209178574246334 ], [ 83.512849310299529, 18.217721158447539 ], [ 83.674063502299518, 18.312162890447546 ], [ 83.695133156615711, 18.322886394496702 ], [ 83.951671810694918, 18.434888932955644 ], [ 83.953096856121064, 18.437380616438841 ], [ 83.957619344017587, 18.448588021911249 ], [ 83.962583536017576, 18.459248828911271 ], [ 83.970874800626902, 18.475150058644576 ], [ 83.980557088848258, 18.490244675918685 ], [ 83.991552556494128, 18.50441132220854 ], [ 84.003772801605606, 18.517536099740692 ], [ 84.012724624605568, 18.526325162740687 ], [ 84.032842648730607, 18.543612375548001 ], [ 84.03319277894083, 18.543874973189489 ], [ 84.042849423093358, 18.555214234545492 ], [ 84.044962805646193, 18.564552435329066 ], [ 84.051113164009138, 18.58309425491651 ], [ 84.059043117376959, 18.600947596933899 ], [ 84.068677008843736, 18.617942128901927 ], [ 84.077954352843733, 18.632590565901932 ], [ 84.089621629927265, 18.649102612810928 ], [ 84.102896371611536, 18.664352343329359 ], [ 84.117642918981147, 18.67818391548672 ], [ 84.133710572258352, 18.69045597993539 ], [ 84.150935130853156, 18.701043124445725 ], [ 84.169140571382798, 18.709837155534537 ], [ 84.188140846511999, 18.71674820412958 ], [ 84.207741786231509, 18.721705643970946 ], [ 84.211463785218868, 18.722255193037039 ], [ 84.215919585237771, 18.728266330810573 ], [ 84.229332540015449, 18.743025723004465 ], [ 84.244148754023669, 18.756375884661299 ], [ 84.260220899640487, 18.768184066107757 ], [ 84.272052358436213, 18.775999341679256 ], [ 84.278241050761608, 18.785987708965198 ], [ 84.290987043352132, 18.804211783761268 ], [ 84.305677537497289, 18.820908089072965 ], [ 84.36926921050518, 18.885550407136776 ], [ 84.372394860693632, 18.892063067325839 ], [ 84.383544552715009, 18.910104268265712 ], [ 84.466552365715003, 19.029733174265715 ], [ 84.478008546580512, 19.044687324676698 ], [ 84.490820878593127, 19.058497279163802 ], [ 84.504875693723861, 19.071040519023519 ], [ 84.520048300922539, 19.08220576354983 ], [ 84.520958591023927, 19.082751640048887 ], [ 84.520000498643014, 19.098859988047405 ], [ 84.520578011290141, 19.117067633465329 ], [ 84.521554574290192, 19.129681565465294 ], [ 84.524351574716505, 19.150931224721361 ], [ 84.529406457137853, 19.171759556233756 ], [ 84.536661169865383, 19.191927361595891 ], [ 84.546032397741371, 19.211203028068933 ], [ 84.549767290993145, 19.217163749322928 ], [ 84.55261843038457, 19.224154551762293 ], [ 84.562371918412808, 19.242406700824148 ], [ 84.567498871412809, 19.250910932824155 ], [ 84.578601435141778, 19.267411809146822 ], [ 84.591287949422465, 19.282728407861207 ], [ 84.605432961805946, 19.296709268544401 ], [ 84.620896597271823, 19.309216139414069 ], [ 84.637525941402785, 19.320125344451363 ], [ 84.655156552501197, 19.329329006389326 ], [ 84.673614087694801, 19.336736113472963 ], [ 84.692716026951686, 19.342273419442307 ], [ 84.712273477956259, 19.345886167838721 ], [ 84.717097831274401, 19.346288400563939 ], [ 84.71715376312774, 19.346356911468934 ], [ 84.729853135270858, 19.360485690733732 ], [ 84.743835745046653, 19.373345826044094 ], [ 84.867615042046651, 19.476780070044121 ], [ 84.885345601371185, 19.490002524152654 ], [ 84.904622126894367, 19.502782540994566 ], [ 84.904085091568348, 19.50764271128908 ], [ 84.902891190010365, 19.52707916801257 ], [ 84.903593143083143, 19.546539602560077 ], [ 84.906184296249592, 19.565839529403522 ], [ 84.910640085296649, 19.584795984632869 ], [ 84.916918269204842, 19.603229260459734 ], [ 84.924959330594348, 19.620964608852827 ], [ 84.934687039951754, 19.637833898154753 ], [ 84.940709175951767, 19.647192622154733 ], [ 84.951187718833836, 19.661907185549161 ], [ 84.951623602022622, 19.663358647758965 ], [ 84.959005563001824, 19.681364442606199 ], [ 84.968102492717904, 19.69856757795182 ], [ 84.978112257717854, 19.715453970951813 ], [ 84.987974704187238, 19.730504403890123 ], [ 84.999149949747732, 19.744607498183736 ], [ 85.008266914481339, 19.754198057394696 ], [ 85.00974219745892, 19.757171795237454 ], [ 85.009889442149131, 19.757872715860987 ], [ 85.015738736035885, 19.776477414644628 ], [ 85.02337225702297, 19.794423957853379 ], [ 85.032717420047859, 19.81154169671813 ], [ 85.050295545047859, 19.840309600718136 ], [ 85.062955616750543, 19.858647817440083 ], [ 85.077577158589037, 19.875463825358818 ], [ 85.103456064588983, 19.902075153358819 ], [ 85.120205373367682, 19.91744536114151 ], [ 85.141445607367686, 19.934820036141552 ], [ 85.155664205657885, 19.945434106556714 ], [ 85.17076756874674, 19.954746219717638 ], [ 85.180777334746736, 19.960320763717593 ], [ 85.195555685910534, 19.967767345615535 ], [ 85.210899068180439, 19.973966689581086 ], [ 85.223106099180441, 19.978320530581097 ], [ 85.234631693507609, 19.981953049347297 ], [ 85.240545803413553, 19.986706241348124 ], [ 85.27443731943157, 20.020795952858283 ], [ 85.288047157497488, 20.033276281614388 ], [ 85.302750054603976, 20.044448171101706 ], [ 85.326594455603939, 20.060886973101688 ], [ 85.345134155649447, 20.072233920306747 ], [ 85.364795751843374, 20.081501893319128 ], [ 85.38534700451379, 20.088581420303939 ], [ 85.40878450451379, 20.095254597303978 ], [ 85.429126197650589, 20.099914315096569 ], [ 85.449842702563956, 20.102429046444708 ], [ 85.470708469627525, 20.102771412371183 ], [ 85.491496324132797, 20.100937685388793 ], [ 85.504761298132834, 20.099065940388776 ], [ 85.520275626583043, 20.096249071546257 ], [ 85.535519829591124, 20.09221875989757 ], [ 85.562087663261934, 20.08406147179608 ], [ 85.592297645403647, 20.078666832332658 ], [ 85.609169854308931, 20.074894869625552 ], [ 85.625653267657469, 20.06967987006767 ], [ 85.641624713499041, 20.063060802630567 ], [ 85.654808307499039, 20.056916596630579 ], [ 85.6720889548683, 20.047810609044454 ], [ 85.688398909305903, 20.037062345479473 ], [ 85.703582598399777, 20.024774328189451 ], [ 85.717495192613697, 20.011063766360774 ], [ 85.730003986743085, 19.996061438113209 ], [ 85.740989665722878, 19.979910443073514 ], [ 85.746842581760561, 19.969186551020695 ], [ 85.760458140759113, 19.976454030815127 ], [ 85.777532771742628, 19.983626017006465 ], [ 85.795197603485008, 19.989187862803064 ], [ 85.813301168705792, 19.993091878101247 ], [ 85.844357375159774, 19.998297659758798 ], [ 85.956048720784509, 20.030631284223539 ], [ 85.962406241796558, 20.033748252837757 ], [ 85.962206649653581, 20.034339476703025 ], [ 85.952929305653583, 20.066362588703015 ], [ 85.948197487782338, 20.086562829685615 ], [ 85.945583785318235, 20.107144578774335 ], [ 85.945116324302788, 20.127886355851548 ], [ 85.946800135082057, 20.148564958739108 ], [ 85.950617098175158, 20.168957865076059 ], [ 85.956526139257889, 20.188845626880859 ], [ 85.96401311825791, 20.209963790880888 ], [ 85.971170555745928, 20.227474964275597 ], [ 85.979950456110799, 20.244231558638333 ], [ 85.990274267755893, 20.260083656864467 ], [ 86.002049626092244, 20.27488943415257 ], [ 86.015171179901742, 20.288516426875798 ], [ 86.029521533888371, 20.300842717701215 ], [ 86.044972298984916, 20.31175802635401 ], [ 86.061385241018158, 20.321164696267822 ], [ 86.078613517455878, 20.328978568293895 ], [ 86.09650299117061, 20.33512973365216 ], [ 86.114893609466378, 20.33956315938779 ], [ 86.133620836030687, 20.34223918073744 ], [ 86.152517123000052, 20.343133856000076 ], [ 86.158702019000032, 20.343133856000076 ], [ 86.178377363829142, 20.342163705032466 ], [ 86.197861828110007, 20.339262664058634 ], [ 86.216966383123889, 20.334458877555655 ], [ 86.235505685845439, 20.327798949504775 ], [ 86.25329987704994, 20.31934749126242 ], [ 86.270176326219215, 20.309186494732504 ], [ 86.285971306318373, 20.297414536921185 ], [ 86.300531582195148, 20.284145823591071 ], [ 86.313715897192225, 20.269509081292924 ], [ 86.31407000197612, 20.269028184968313 ], [ 86.314230774151795, 20.269369132876918 ], [ 86.322514495311268, 20.285086154061965 ], [ 86.332160328733565, 20.300006029690408 ], [ 86.343092157991791, 20.314011025236571 ], [ 86.355223718711855, 20.326990625603088 ], [ 86.368459279294996, 20.33884240720878 ], [ 86.384816701294994, 20.352229451208792 ], [ 86.402082415362671, 20.364879832247379 ], [ 86.420601166333, 20.375612627092469 ], [ 86.440160851070161, 20.384304908477173 ], [ 86.462865929070162, 20.392971900477203 ], [ 86.486883404657945, 20.400446756266636 ], [ 86.52270311331057, 20.409166800154072 ], [ 86.525046136961592, 20.445001276567268 ], [ 86.527898988342841, 20.468019490555751 ], [ 86.533397623741237, 20.490552620497652 ], [ 86.542674967741291, 20.520826057497658 ], [ 86.548989329863574, 20.538442650749165 ], [ 86.556922633320298, 20.55539193460023 ], [ 86.56640541896023, 20.571525511491529 ], [ 86.58398354396023, 20.59846236049151 ], [ 86.596073379566263, 20.615060056897885 ], [ 86.60980133819497, 20.630330643097096 ], [ 86.632506416194914, 20.653117101097081 ], [ 86.643650209010147, 20.663480587051872 ], [ 86.655549726594899, 20.672966758075741 ], [ 86.694989886482574, 20.702024527508801 ], [ 86.693422474375325, 20.70540399447458 ], [ 86.686967009837829, 20.723860154444033 ], [ 86.682344564161852, 20.74285846645288 ], [ 86.67959931670282, 20.762217352774194 ], [ 86.678757505359826, 20.781751789466245 ], [ 86.679827175805045, 20.801275074752063 ], [ 86.682798104586638, 20.820600613435051 ], [ 86.687641896840091, 20.839543700295916 ], [ 86.694312257674241, 20.857923285426033 ], [ 86.702745434637933, 20.875563704624902 ], [ 86.712172382913423, 20.891157549596723 ], [ 86.662580071829453, 20.998047824825917 ], [ 86.655723752858449, 21.014765120799211 ], [ 86.650404169742473, 21.032032984881457 ], [ 86.646664740532486, 21.049710478020316 ], [ 86.644535986178084, 21.067653317800836 ], [ 86.637781428178073, 21.160141924800843 ], [ 86.637358148664589, 21.181279720372217 ], [ 86.639168590654833, 21.202344094727128 ], [ 86.64319252311283, 21.223099661082617 ], [ 86.649384980045284, 21.243314483473714 ], [ 86.679088756045246, 21.324654001473707 ], [ 86.68595248075556, 21.341128035612062 ], [ 86.694257450282635, 21.35692461748426 ], [ 86.70393753536861, 21.371917965023052 ], [ 86.754637405368626, 21.443247718023038 ], [ 86.764560426641495, 21.45607366023382 ], [ 86.775489926681729, 21.46805352557725 ], [ 86.92156740068171, 21.615677223577269 ], [ 86.936438774160166, 21.629263840845486 ], [ 86.952601383827997, 21.64128565296572 ], [ 87.001917789827999, 21.674244636965724 ], [ 87.023472568309074, 21.686780489603386 ], [ 87.111363193309074, 21.730807182603364 ], [ 87.131650804333191, 21.739602618464222 ], [ 87.15278536350587, 21.746104715174127 ], [ 87.163283410505869, 21.748708882174142 ], [ 87.179383017591789, 21.752006933777793 ], [ 87.195699044662035, 21.753972068212004 ], [ 87.200941483585709, 21.754169653526958 ], [ 87.219281172954453, 21.758576865579823 ], [ 87.239335905071812, 21.761292774390622 ], [ 87.259562432964586, 21.761968059789943 ], [ 87.279753652945388, 21.760595807388086 ], [ 87.293779728656858, 21.758201263695401 ], [ 87.332956020010002, 21.773245767202503 ], [ 87.396455042620389, 21.797867836991166 ], [ 87.41939352823988, 21.805207057999105 ], [ 87.42779333276178, 21.807346631234836 ], [ 87.571528559747449, 21.844316403237066 ], [ 87.589265528410962, 21.848030770609544 ], [ 87.607265895562847, 21.850124419277627 ], [ 87.628017848562848, 21.851589263277624 ], [ 87.635441574861474, 21.851677319551015 ], [ 87.641291015712966, 21.855757258807813 ], [ 87.654879930406338, 21.864442640208523 ], [ 87.669124460612636, 21.872004902556629 ], [ 87.729753548157859, 21.901121989927677 ], [ 87.730863264283244, 21.902851082487768 ], [ 87.742966274679858, 21.919714934645196 ], [ 87.756751995291737, 21.935233513106493 ], [ 87.772071928966, 21.949239654704538 ], [ 87.788761052299279, 21.961582487953631 ], [ 87.791772119299324, 21.963576302953623 ], [ 87.809035490759769, 21.973800432374833 ], [ 87.814091365822804, 21.976145748567877 ], [ 87.822968042279172, 21.982196343234353 ], [ 87.84352554971511, 22.025627938202359 ], [ 87.844372881016653, 22.039433109537679 ], [ 87.847552117821351, 22.059047173066293 ], [ 87.851522345579468, 22.07396663230271 ], [ 87.844755388995154, 22.080489914301683 ], [ 87.818144060995152, 22.109420579301645 ], [ 87.802367381624521, 22.128891450615633 ], [ 87.789834829624539, 22.146510265615682 ], [ 87.779614817384143, 22.162420259188554 ], [ 87.770943069344412, 22.179224345942014 ], [ 87.763897105848031, 22.19677230719369 ], [ 87.758607392848063, 22.211990406193671 ], [ 87.753362022896354, 22.229670627235166 ], [ 87.74976750437547, 22.247758843250278 ], [ 87.740807050712618, 22.307028510373076 ], [ 87.738039899474828, 22.310938935589501 ], [ 87.728610329646216, 22.327366543463143 ], [ 87.720777127532727, 22.344612529438198 ], [ 87.714610553645372, 22.362522204312249 ], [ 87.710165919544593, 22.380934925874065 ], [ 87.70748309171907, 22.399685539796312 ], [ 87.706586134000062, 22.41860586100006 ], [ 87.706586134000062, 22.424750067000048 ], [ 87.707579700787207, 22.444660856534711 ], [ 87.710550529399001, 22.464373819077498 ], [ 87.715469102669076, 22.483693093179831 ], [ 87.722286551287013, 22.502426728950706 ], [ 87.730935139347622, 22.520388595207084 ], [ 87.741328937352364, 22.537400228811492 ], [ 87.753364675976357, 22.553292607822488 ], [ 87.766922772118036, 22.567907830840532 ], [ 87.781868517037168, 22.581100685863852 ], [ 87.798053414776149, 22.592740093066663 ], [ 87.815316657566513, 22.602710407164775 ], [ 87.833486723561506, 22.610912566428734 ], [ 87.852383081020221, 22.617265076928273 ], [ 87.871817982010953, 22.621704822228914 ], [ 87.891598327812346, 22.624187690495916 ], [ 87.911527587478147, 22.624689012774812 ], [ 87.932930582478164, 22.624160041774818 ], [ 87.953075766036591, 22.622641509874732 ], [ 87.972964981631407, 22.619098423260269 ], [ 87.992395292455782, 22.613566933316104 ], [ 88.01116844407305, 22.606103479819907 ], [ 88.029092887277798, 22.596784215067025 ], [ 88.045985732541254, 22.585704226861292 ], [ 88.061674616098784, 22.572976568300003 ], [ 88.074125787098737, 22.561786789299997 ], [ 88.089218334952619, 22.546691693760135 ], [ 88.10261612650865, 22.530074049778499 ], [ 88.114166545208732, 22.512123151808417 ], [ 88.123738018238072, 22.493043481629726 ], [ 88.13122151529393, 22.473052379061475 ], [ 88.136918130293964, 22.45494528306148 ], [ 88.142717795397914, 22.431747548687884 ], [ 88.143036977214805, 22.429214739024737 ], [ 88.159121705692272, 22.422930818781971 ], [ 88.176556594660127, 22.414068525530155 ], [ 88.193042512320062, 22.403545687799184 ], [ 88.208421805657011, 22.391462934327453 ], [ 88.222547404182421, 22.377935811155801 ], [ 88.224029581274479, 22.376208640011217 ], [ 88.226901848055377, 22.375278643900483 ], [ 88.242943145800226, 22.369315072995633 ], [ 88.258415880765256, 22.362001942067103 ], [ 88.291130724765253, 22.344790028067131 ], [ 88.307567282319354, 22.335114825757898 ], [ 88.323007486471155, 22.32391794852786 ], [ 88.337310920157961, 22.311301223567678 ], [ 88.350347504390868, 22.297379390516952 ], [ 88.361998681225444, 22.282279057993357 ], [ 88.372158491957279, 22.266137552182339 ], [ 88.380734540736768, 22.24910166795857 ], [ 88.387648834840036, 22.231326333896806 ], [ 88.39301992884009, 22.215294432896787 ], [ 88.400183398257141, 22.187373717315872 ], [ 88.405355061820714, 22.158794652045902 ], [ 88.405599950972913, 22.158235934359276 ], [ 88.412572837526426, 22.139939708123649 ], [ 88.414098184117748, 22.13434514848964 ], [ 88.42120493637151, 22.137193281618128 ], [ 88.424118831675102, 22.153822368160025 ], [ 88.429500058142196, 22.173025247138053 ], [ 88.436766930150725, 22.191596750322951 ], [ 88.43969661715073, 22.198107167322966 ], [ 88.446500595713943, 22.21135329832126 ], [ 88.450709377721012, 22.222807360934777 ], [ 88.458951011225111, 22.239981901643311 ], [ 88.463587451365541, 22.248569394896823 ], [ 88.466111299827801, 22.254512399227547 ], [ 88.467026188149291, 22.256205653271657 ], [ 88.470930067826203, 22.26974935263711 ], [ 88.47815884603024, 22.287927556521819 ], [ 88.487128996542239, 22.305312571062778 ], [ 88.497754696924474, 22.321738064120346 ], [ 88.509934285169393, 22.337046883832581 ], [ 88.523551232356738, 22.351092562174845 ], [ 88.538475257550843, 22.363740716301152 ], [ 88.554563574271057, 22.374870334259896 ], [ 88.57166225660967, 22.38437493278273 ], [ 88.589607711927087, 22.392163576069461 ], [ 88.608228246033875, 22.398161745821593 ], [ 88.627345705884949, 22.402312054200515 ], [ 88.646777184069194, 22.404574792888969 ], [ 88.666336768786834, 22.404928313002706 ], [ 88.686112159786887, 22.404317961002739 ], [ 88.705729543424013, 22.40274372478407 ], [ 88.725097228763147, 22.399249053834975 ], [ 88.744027678526308, 22.393867787050798 ], [ 88.762337589187169, 22.386652031232487 ], [ 88.779849665898908, 22.377671656536496 ], [ 88.796394339240038, 22.367013619922119 ], [ 88.811811407154963, 22.354781123147358 ], [ 88.825951586190328, 22.34109261346638 ], [ 88.838677957006496, 22.326080636704891 ], [ 88.849211553151491, 22.310839353580981 ], [ 88.861952066454208, 22.304384406528484 ], [ 88.878297606768342, 22.294003913592732 ], [ 88.89356272473222, 22.282091420348287 ], [ 88.899744323851365, 22.276221849167055 ], [ 88.914189060059954, 22.289790330495418 ], [ 88.929944798977218, 22.301886894851179 ], [ 88.946822764392735, 22.312360884610317 ], [ 88.964656467761031, 22.321108981672729 ], [ 88.983269992894293, 22.32804489258303 ], [ 89.00247973124435, 22.333100199751147 ], [ 89.022096193064201, 22.336225036340853 ], [ 89.041925876583022, 22.337388578168902 ], [ 89.061773176756887, 22.33657934776264 ], [ 89.081442314766718, 22.333805327576705 ], [ 89.100739269230374, 22.329093881252064 ], [ 89.119473690078863, 22.322491483694094 ], [ 89.136075252078868, 22.315696235694091 ], [ 89.154555327549076, 22.307005524760747 ], [ 89.172052832252234, 22.296475616163111 ], [ 89.18838533648433, 22.284216295161499 ], [ 89.203382556884165, 22.270355377941122 ], [ 89.21688813181477, 22.255037378995262 ], [ 89.228761251596197, 22.238422004411234 ], [ 89.23887812659305, 22.220682486768133 ], [ 89.24713327785031, 22.202003779006851 ], [ 89.253440636821296, 22.182580626103093 ], [ 89.257734442721855, 22.162615534648257 ], [ 89.25984724429965, 22.149586591141418 ], [ 89.271867929162497, 22.155293845112997 ], [ 89.267888516763847, 22.215882351619353 ], [ 89.267546661574258, 22.234926714373135 ], [ 89.26901803010945, 22.253917230224523 ], [ 89.277318811109453, 22.319997959224544 ], [ 89.280638931574387, 22.338980129191075 ], [ 89.285770481235332, 22.35755465945747 ], [ 89.292665820584304, 22.375549110596712 ], [ 89.301260935708186, 22.392796428433037 ], [ 89.311476032571491, 22.409136494914328 ], [ 89.323216277796234, 22.424417614591984 ], [ 89.336372679061725, 22.438497922908269 ], [ 89.350823096951046, 22.451246703217137 ], [ 89.366433378850644, 22.46254560031176 ], [ 89.383058604376131, 22.472289719192741 ], [ 89.400544430762295, 22.480388598876555 ], [ 89.418728525727275, 22.486767052203572 ], [ 89.437442074508482, 22.4913658638493 ], [ 89.456511347079783, 22.494142340058708 ], [ 89.475759311000047, 22.495070705000057 ], [ 89.483164910000028, 22.495070705000057 ], [ 89.502177229700607, 22.494164983420113 ], [ 89.503442735755755, 22.493983020306292 ], [ 89.511376772814771, 22.499566231784033 ], [ 89.528154383471758, 22.510168569910313 ], [ 89.545900205475704, 22.519055841398568 ], [ 89.564439487823506, 22.526140529333144 ], [ 89.583589665955088, 22.531352867640486 ], [ 89.603162159547878, 22.53464152810669 ], [ 89.622964229551073, 22.535974125829252 ], [ 89.642800876172842, 22.535337538125631 ], [ 89.66247675913003, 22.532738033758115 ], [ 89.681798121250779, 22.528201211202536 ], [ 89.700574696487593, 22.52177174656871 ], [ 89.701548797053576, 22.521325969143323 ], [ 89.708533720279945, 22.532559621227385 ], [ 89.720715657900115, 22.548380785110506 ], [ 89.73441447398811, 22.56290838878715 ], [ 89.749493622570284, 22.575997625160415 ], [ 89.765802798904119, 22.58751802437704 ], [ 89.783179437673923, 22.59735475431447 ], [ 89.801450333396531, 22.605409765195404 ], [ 89.820433366885169, 22.61160276692058 ], [ 89.839939320562635, 22.615872029378075 ], [ 89.842931982281712, 22.616219505985129 ], [ 89.844064304952298, 22.617309366325109 ], [ 89.859917634186729, 22.631041770063227 ], [ 89.87712192181813, 22.643038413232787 ], [ 89.90446567181813, 22.660046877232801 ], [ 89.92162341243494, 22.669584828836747 ], [ 89.939633554734073, 22.677394781348656 ], [ 89.958322588741709, 22.683401493572035 ], [ 89.977510464031425, 22.687547096753644 ], [ 89.997012324332601, 22.689791652091913 ], [ 90.016640288438438, 22.690113535507951 ], [ 90.03620526025621, 22.688509645972232 ], [ 90.055518750561859, 22.684995435379957 ], [ 90.074394692907845, 22.679604759687262 ], [ 90.092651236190108, 22.672389552742462 ], [ 90.110112496604145, 22.663419325954582 ], [ 90.126610252112272, 22.652780498619428 ], [ 90.141985563097109, 22.640575565354847 ], [ 90.156090303588186, 22.626922108666061 ], [ 90.168788588309724, 22.611951666154106 ], [ 90.179958081801374, 22.595808463280662 ], [ 90.189491176999795, 22.578648023897856 ], [ 90.197296031926683, 22.560635671929184 ], [ 90.203297454495754, 22.541944938636437 ], [ 90.207437626914384, 22.522755890816988 ], [ 90.209676662701042, 22.503253396037621 ], [ 90.209992990952287, 22.483625341617721 ], [ 90.208383564157117, 22.464060824520072 ], [ 90.204863887556797, 22.444748329587977 ], [ 90.199467869767034, 22.42587391367951 ], [ 90.192247496102013, 22.407619413193043 ], [ 90.184099786592455, 22.391770285800284 ], [ 90.19587695019429, 22.394793925522446 ], [ 90.215175589181058, 22.397782278142827 ], [ 90.227641756720956, 22.39848043498472 ], [ 90.235685578262732, 22.410063286250324 ], [ 90.24808834023284, 22.424700209351535 ], [ 90.252906753671979, 22.429390022780339 ], [ 90.25053425204591, 22.436063594972612 ], [ 90.245776420795423, 22.455302357489995 ], [ 90.242946009691806, 22.474917548398906 ], [ 90.242070811032903, 22.494716562735885 ], [ 90.242152191032886, 22.509812590735844 ], [ 90.243215352038902, 22.529357010138376 ], [ 90.246183875603194, 22.548703909346134 ], [ 90.256396657484459, 22.598775929698927 ], [ 90.243075406072364, 22.609001632096117 ], [ 90.228624223615853, 22.622568119158423 ], [ 90.215586891261722, 22.637498430966652 ], [ 90.204091463724012, 22.65364591966701 ], [ 90.194250850886874, 22.670851982104207 ], [ 90.18616170878613, 22.688947617646427 ], [ 90.17990349023853, 22.707755088135929 ], [ 90.175537664443794, 22.727089663660955 ], [ 90.17310711322456, 22.746761437001805 ], [ 90.172635709834424, 22.766577188929169 ], [ 90.174128084471079, 22.78634228603358 ], [ 90.177569578797815, 22.805862592445163 ], [ 90.182926389920027, 22.824946376666436 ], [ 90.190145902402435, 22.843406194789033 ], [ 90.199157205066186, 22.861060731597036 ], [ 90.209871787489504, 22.877736581473343 ], [ 90.22218440937084, 22.893269951616691 ], [ 90.235974134215581, 22.907508270840157 ], [ 90.251105517193182, 22.920311688149155 ], [ 90.25442853161799, 22.922600274920125 ], [ 90.265039821115749, 22.934560477175879 ], [ 90.273374401047278, 22.942280769356476 ], [ 90.271457667078408, 22.946613036296444 ], [ 90.26353268553116, 22.967647194367398 ], [ 90.258018002690619, 22.989437775163839 ], [ 90.25378623169064, 23.011247671163876 ], [ 90.253678768711225, 23.011805758280847 ], [ 90.252458065711224, 23.018194104280841 ], [ 90.249817933457734, 23.036631747083238 ], [ 90.248904458210376, 23.055235040700154 ], [ 90.2497255624708, 23.073842640175052 ], [ 90.252274124863945, 23.09229316320701 ], [ 90.256528041901205, 23.110426589807211 ], [ 90.261248093901187, 23.127028152807206 ], [ 90.267273301965659, 23.144951645961228 ], [ 90.274964273462871, 23.162226011260469 ], [ 90.284252259810117, 23.178696835425509 ], [ 90.28801929798091, 23.184109236284183 ], [ 90.28180666655183, 23.190147798810969 ], [ 90.273017603551835, 23.199628592810981 ], [ 90.261038387921516, 23.213818779481858 ], [ 90.26033163489663, 23.214833819419908 ], [ 90.16155009540455, 23.269801966119132 ], [ 90.146824763905158, 23.27885067109672 ], [ 90.132935645504006, 23.289136916260887 ], [ 90.119986462210036, 23.300583885360084 ], [ 90.108073916727264, 23.313106094017481 ], [ 90.0986338127273, 23.323929662017516 ], [ 90.086240461937479, 23.339665231734095 ], [ 90.075483209261151, 23.356561527569653 ], [ 90.066469950829642, 23.37444907828381 ], [ 90.059291090368163, 23.393148470268031 ], [ 90.054018632439053, 23.412472147078898 ], [ 90.050705460230105, 23.43222629064471 ], [ 90.049384805131723, 23.45221276527672 ], [ 90.050069913423442, 23.472231104986435 ], [ 90.051046476423437, 23.483787093986422 ], [ 90.053607835996061, 23.502973149600614 ], [ 90.058011877203469, 23.521821749387723 ], [ 90.064217349010946, 23.540156345443751 ], [ 90.072166127045691, 23.557805204348668 ], [ 90.081783758026432, 23.574603015730194 ], [ 90.092980157139976, 23.590392440665308 ], [ 90.105650451832474, 23.605025585416062 ], [ 90.119675964112133, 23.618365386695853 ], [ 90.134925322162303, 23.630286895490844 ], [ 90.151255690852963, 23.640678447411421 ], [ 90.168514109624908, 23.649442708611492 ], [ 90.186538925215061, 23.656497587478817 ], [ 90.205161305803074, 23.661777003556967 ], [ 90.224206822397036, 23.665231506496664 ], [ 90.243497082645618, 23.666828739239012 ], [ 90.262851401773659, 23.666553741092184 ], [ 90.282088494990063, 23.664409087862705 ], [ 90.292759801587806, 23.662158598599717 ], [ 90.293323833141443, 23.66363230423703 ], [ 90.302232334841406, 23.681392822891556 ], [ 90.312859159144466, 23.698181748725215 ], [ 90.325099419978741, 23.713833376120633 ], [ 90.338832306757638, 23.728193224522833 ], [ 90.353922276772551, 23.741119563152346 ], [ 90.370220392990717, 23.752484809878904 ], [ 90.387565794054055, 23.76217679044883 ], [ 90.405787281970518, 23.770099845637723 ], [ 90.424705011827186, 23.77617577540083 ], [ 90.444132266848001, 23.780344610702468 ], [ 90.463877301276355, 23.782565205406527 ], [ 90.483745232893284, 23.782815642386215 ], [ 90.498640337098436, 23.781519730155864 ], [ 90.524201614279221, 23.791268155261072 ], [ 90.540725522734249, 23.796758739989535 ], [ 90.557664372209359, 23.800791288780349 ], [ 90.574889772123939, 23.803335236317885 ], [ 90.59140995512395, 23.805044220317889 ], [ 90.61127274173127, 23.806104575636233 ], [ 90.631142620826623, 23.805186670442538 ], [ 90.650823052160931, 23.802299584073147 ], [ 90.653484530026887, 23.801633713793137 ], [ 90.655301189213759, 23.801466527082162 ], [ 90.674761883040674, 23.797705361654312 ], [ 90.693754720015193, 23.792036401144664 ], [ 90.712093159629291, 23.784515323953173 ], [ 90.729597088619954, 23.77521599927389 ], [ 90.746094589973879, 23.764229761579504 ], [ 90.761423631431896, 23.751664513568461 ], [ 90.769142286659346, 23.743939896251923 ], [ 90.782840540817574, 23.73898397289215 ], [ 90.800693322198413, 23.730445140117894 ], [ 90.817614835386721, 23.72018376303695 ], [ 90.833439404610047, 23.708300309116687 ], [ 90.848012094095225, 23.694911127313919 ], [ 90.853627329095275, 23.689214513313932 ], [ 90.865697931338289, 23.675810240884456 ], [ 90.876511730487564, 23.66137293830289 ], [ 90.885980763327382, 23.646020043626287 ], [ 90.894028005440447, 23.629876442657284 ], [ 90.900587997751344, 23.613073453079426 ], [ 90.905226668751297, 23.599401578079426 ], [ 90.91010833489716, 23.582642720037004 ], [ 90.913510141504418, 23.565522039587549 ], [ 90.915406176162804, 23.548169949228754 ], [ 90.915781996302897, 23.53071862416537 ], [ 90.914968194302915, 23.49393477016535 ], [ 90.913572724391258, 23.474365276212623 ], [ 90.91026659150485, 23.455026664184413 ], [ 90.905081609934768, 23.436105025884356 ], [ 90.89806767377739, 23.417782440656826 ], [ 90.88929227681291, 23.400235223271835 ], [ 90.878839863025561, 23.383632227281403 ], [ 90.86681101401507, 23.36813322017376 ], [ 90.857709005143775, 23.358520872996014 ], [ 90.860217378414816, 23.341475666280939 ], [ 90.861142257272675, 23.321568255478962 ], [ 90.860911221253545, 23.317234471907767 ], [ 90.86423857636106, 23.302664874445821 ], [ 90.866705187294968, 23.283421036528196 ], [ 90.867295614728036, 23.264028747783815 ], [ 90.86600430259837, 23.244670494239578 ], [ 90.864539826198452, 23.235801791327415 ], [ 90.864169774459285, 23.228369841186435 ], [ 90.860944302602164, 23.207667479019669 ], [ 90.855570715258764, 23.187416157407291 ], [ 90.848107986403988, 23.167838130284387 ], [ 90.839969965404009, 23.149446203284349 ], [ 90.83878214758299, 23.147108463273561 ], [ 90.838554805856745, 23.14074921105583 ], [ 90.837463122494199, 23.125843308919908 ], [ 90.835618451442016, 23.11345808222574 ], [ 90.874116310311891, 23.064950780288687 ], [ 90.884524076689218, 23.05056966552273 ], [ 90.89361562524762, 23.03532231140187 ], [ 90.901319328662069, 23.01932884346715 ], [ 90.906527661662054, 23.007162502467196 ], [ 90.912989217694374, 22.989913434062217 ], [ 90.917836449678333, 22.972143053951136 ], [ 90.918729615649198, 22.967066631995699 ], [ 90.923545847986659, 22.958024595471553 ], [ 90.931602488986655, 22.940568540471585 ], [ 90.939731805379537, 22.9200488389959 ], [ 90.945550583573507, 22.89875833045345 ], [ 90.948472742187519, 22.885154059264565 ], [ 90.952124193975948, 22.876986978565998 ], [ 90.952750390215115, 22.875388550556895 ], [ 90.955529678090713, 22.873038192488888 ], [ 90.96006756552363, 22.874419839913937 ], [ 90.979583495639844, 22.879304161835414 ], [ 90.99949138131646, 22.882203164564061 ], [ 91.019589790520442, 22.883087515401122 ], [ 91.039675363463019, 22.881948266305105 ], [ 91.053620106002043, 22.879736617434741 ], [ 91.056054791769967, 22.881915401972979 ], [ 91.072021643766334, 22.893583204510282 ], [ 91.089062725719941, 22.903617122218414 ], [ 91.107011427833669, 22.911919053990971 ], [ 91.125692266553912, 22.918407832260527 ], [ 91.144922600264508, 22.923020016569829 ], [ 91.164514414964472, 22.925710513825951 ], [ 91.184276162471534, 22.926453019173174 ], [ 91.215949394500868, 22.92607595692024 ], [ 91.222990551219681, 22.932196738442393 ], [ 91.239419574071079, 22.943801296221785 ], [ 91.256931113454442, 22.95369697919627 ], [ 91.27534804953811, 22.961783697838349 ], [ 91.293568846721072, 22.967683312755476 ], [ 91.297341464466925, 22.978688295153951 ], [ 91.305603349270712, 22.996726789165947 ], [ 91.315611843184925, 23.013857932043777 ], [ 91.327268451118044, 23.02991313363782 ], [ 91.34045845864091, 23.04473439229821 ], [ 91.355052060908804, 23.058175849792789 ], [ 91.370905640090271, 23.070105226719868 ], [ 91.387863178731919, 23.080405124289697 ], [ 91.405757795149455, 23.08897417966357 ], [ 91.424413385735548, 23.095728063480756 ], [ 91.443646358021738, 23.100600309756388 ], [ 91.463267437439569, 23.103542969983213 ], [ 91.483083530000044, 23.10452708500004 ], [ 91.490489129000082, 23.10452708500004 ], [ 91.510345949074491, 23.103538910519362 ], [ 91.530006549120259, 23.100584151965364 ], [ 91.549276648104978, 23.095692007508045 ], [ 91.567965823828075, 23.088910820070492 ], [ 91.585889394624402, 23.080307599616447 ], [ 91.602870244341332, 23.069967360974957 ], [ 91.618740572555353, 23.057992283745513 ], [ 91.633343552733066, 23.044500702585342 ], [ 91.646534881950927, 23.029625937856512 ], [ 91.658184206859929, 23.013514978188127 ], [ 91.668176411804183, 22.996327027972228 ], [ 91.676412756364343, 22.978231934146603 ], [ 91.682811851085333, 22.959408507810682 ], [ 91.687310461746122, 22.940042757259917 ], [ 91.689864134224194, 22.920326049899234 ], [ 91.690447633779783, 22.900453221199207 ], [ 91.689959351779734, 22.876486750199213 ], [ 91.688194386509409, 22.853740455597347 ], [ 91.686408880094149, 22.844534544936135 ], [ 91.694455919749942, 22.836659195295251 ], [ 91.706425699636057, 22.822552869223305 ], [ 91.834355387636109, 22.656822074223303 ], [ 91.843424544424622, 22.644071452014977 ], [ 91.851469166292802, 22.630650869667249 ], [ 91.856125331557195, 22.622145383662293 ], [ 91.858240711443827, 22.622567662754538 ], [ 91.877804723086257, 22.624504832151377 ], [ 91.897464405878551, 22.624511855265329 ], [ 91.900043455107394, 22.624385867193222 ], [ 91.905747155707942, 22.624736797578489 ], [ 91.925696119820785, 22.623970168733877 ], [ 91.945469272631968, 22.621218566134143 ], [ 91.964869599939377, 22.616509405983269 ], [ 91.983703802270654, 22.609889609044902 ], [ 92.001784220865488, 22.601425133136914 ], [ 92.018930707455283, 22.591200315946029 ], [ 92.034972419210547, 22.579317034710527 ], [ 92.049749520971361, 22.565893691143746 ], [ 92.063114777800493, 22.551064031712304 ], [ 92.074935021991436, 22.534975815023454 ], [ 92.085092479914479, 22.517789339599364 ], [ 92.093485945480353, 22.49967584670717 ], [ 92.100031788529662, 22.480815814158554 ], [ 92.10466478810055, 22.461397158078967 ], [ 92.107338782272222, 22.441613360563551 ], [ 92.108027128109526, 22.421661541875288 ], [ 92.106722967125762, 22.401740496393447 ], [ 92.103439293618678, 22.382048711881627 ], [ 92.098208825198981, 22.362782391810796 ], [ 92.07509684619896, 22.291859540810819 ], [ 92.06655974569145, 22.270078162226213 ], [ 92.055537571455119, 22.249442702133809 ], [ 92.044647197471647, 22.231644254862662 ], [ 92.048547367558541, 22.222916229145117 ], [ 92.053674320558542, 22.209691946145117 ], [ 92.059825069103283, 22.191200416009952 ], [ 92.064146976902066, 22.172198060698594 ], [ 92.066599010855285, 22.152865292560211 ], [ 92.06715789083799, 22.133385660952676 ], [ 92.065818310726343, 22.113944109586473 ], [ 92.063583877469853, 22.100629679187048 ], [ 92.074857519073305, 22.055696165700844 ], [ 92.078190287865297, 22.039655187712054 ], [ 92.078519207050462, 22.036992599395493 ], [ 92.09047665361804, 22.026262648185099 ], [ 92.103799697582247, 22.011691721902064 ], [ 92.115621152638838, 21.995878164631069 ], [ 92.125825814159029, 21.978976085573255 ], [ 92.134314233789226, 21.96115020199348 ], [ 92.141003688613537, 21.942574233987166 ], [ 92.1458289873204, 21.923429211511138 ], [ 92.14643485497848, 21.919369293311778 ], [ 92.157249144127988, 21.904498836371612 ], [ 92.167059734919249, 21.887832748712793 ], [ 92.175214797799242, 21.87029703889116 ], [ 92.181638081672205, 21.852055668498217 ], [ 92.186269527843208, 21.83327919716066 ], [ 92.186606261269532, 21.830974821592228 ], [ 92.195497807904161, 21.818036560639491 ], [ 92.204835376241022, 21.801172803865036 ], [ 92.208741626241022, 21.793238232865072 ], [ 92.216062199144275, 21.776474318987528 ], [ 92.221820477397102, 21.759111662863283 ], [ 92.225968290180901, 21.741295511616837 ], [ 92.228470939009711, 21.723174906081553 ], [ 92.228581570124646, 21.72075829376908 ], [ 92.231309447477457, 21.710759542287917 ], [ 92.233181192477474, 21.702173930287927 ], [ 92.236407446323156, 21.682887333856957 ], [ 92.237734827819821, 21.663377859898642 ], [ 92.237150647813777, 21.64383200996858 ], [ 92.235355833147779, 21.629852527494215 ], [ 92.235191372115622, 21.624629945926888 ], [ 92.232778390585452, 21.605712633996397 ], [ 92.228574609012512, 21.587111145049882 ], [ 92.222618248932449, 21.568994607159407 ], [ 92.219769940932437, 21.561548318159378 ], [ 92.217293797518437, 21.555857317166698 ], [ 92.217033460178016, 21.554419249087903 ], [ 92.212526995805902, 21.538391854027772 ], [ 92.215448482031135, 21.524418078692086 ], [ 92.217561906436529, 21.504976070547706 ], [ 92.217766408628464, 21.485420600155585 ], [ 92.216060033268221, 21.465938646287107 ], [ 92.212459095788859, 21.446716484788638 ], [ 92.206998026395979, 21.427937907513201 ], [ 92.204899101929001, 21.422695511262699 ], [ 92.21780094932015, 21.400684808331047 ], [ 92.226014846804304, 21.385144313154917 ], [ 92.232832510227595, 21.368942629055844 ], [ 92.238201277383723, 21.352204903958846 ], [ 92.243409610383708, 21.3331212449588 ], [ 92.247557781366098, 21.314447727068231 ], [ 92.249903020994466, 21.295463327051532 ], [ 92.2516933859945, 21.271659616051561 ], [ 92.251966913226951, 21.260434829323192 ], [ 92.259897684524816, 21.261033697132461 ], [ 92.279531706486438, 21.260584659755889 ], [ 92.299027028392615, 21.258212134365273 ], [ 92.318195668330659, 21.253938997826303 ], [ 92.336852794389742, 21.247806453479139 ], [ 92.354818506886303, 21.23987363383883 ], [ 92.371919573030723, 21.230217030415307 ], [ 92.38799109730914, 21.218929756150779 ], [ 92.402878111473882, 21.206120647586417 ], [ 92.416437068810993, 21.191913215415703 ], [ 92.428537228276682, 21.176444453543475 ], [ 92.439061915156302, 21.159863518134379 ], [ 92.447909646089911, 21.142330289387761 ], [ 92.453280739089863, 21.130245328387733 ], [ 92.460510061203834, 21.111493065547673 ], [ 92.465820893089131, 21.092109940811547 ], [ 92.469159607232044, 21.072291680349988 ], [ 92.474887413007309, 21.023405524868728 ], [ 92.483680056916256, 21.008414085422494 ], [ 92.493219988406906, 20.986522895859729 ], [ 92.535475632452119, 20.871206682246303 ], [ 92.540927795804038, 20.874468070342864 ], [ 92.558745609946584, 20.882868295895516 ], [ 92.577303362363281, 20.889474967931793 ], [ 92.596421025091189, 20.894223995408673 ], [ 92.615913138501384, 20.897069308213613 ], [ 92.635590610434903, 20.897983304088715 ], [ 92.655262550577646, 20.896957116399065 ], [ 92.674738122279194, 20.894000700147572 ], [ 92.693828393850964, 20.889142735401922 ], [ 92.712348171384491, 20.88243034907045 ], [ 92.730117795309553, 20.873928657726029 ], [ 92.746964883264056, 20.863720135912981 ], [ 92.774796914264002, 20.84492130791298 ], [ 92.791748340018444, 20.832109581461051 ], [ 92.807244881417276, 20.817571755816822 ], [ 92.82111162467038, 20.801471923477948 ], [ 92.833192051974464, 20.783991807747828 ], [ 92.864244816720642, 20.733522458203719 ], [ 92.878799600909304, 20.7147411883868 ], [ 92.888081115890799, 20.701720995940473 ], [ 92.896292852352119, 20.688000962559279 ], [ 92.896810916259099, 20.687051178735256 ], [ 92.908354058419377, 20.681728046401936 ], [ 92.91562420154051, 20.677409097359064 ], [ 92.924702826390785, 20.688546678171445 ], [ 92.938733206512879, 20.702634498126496 ], [ 92.954093037849987, 20.71525962461109 ], [ 92.970630519865807, 20.726297284056482 ], [ 92.988182213354293, 20.735638391760734 ], [ 93.006574655702096, 20.743190629968009 ], [ 93.025626075211903, 20.748879360240885 ], [ 93.045148187544186, 20.752648361108733 ], [ 93.064948056522994, 20.75446038370206 ], [ 93.08483000091563, 20.754297519881419 ], [ 93.10459752834177, 20.75216137922277 ], [ 93.124055277198849, 20.748073073110117 ], [ 93.143010947412321, 20.742073006092628 ], [ 93.161277200928723, 20.734220476568254 ], [ 93.1786735131694, 20.724593090740267 ], [ 93.195027957147047, 20.713285995638593 ], [ 93.210178902612469, 20.70041093878589 ], [ 93.22397661343922, 20.68609516380171 ], [ 93.236284727459179, 20.670480152859419 ], [ 93.246981604123846, 20.653720228424106 ], [ 93.259351396123861, 20.632032402424102 ], [ 93.268437296915494, 20.614054755433845 ], [ 93.275668773857191, 20.595254353157742 ], [ 93.280972472765995, 20.575821901887089 ], [ 93.284294594327733, 20.555954519250452 ], [ 93.285601439822912, 20.535853734704734 ], [ 93.28487975295765, 20.515723445273878 ], [ 93.284088811676114, 20.509969056063067 ], [ 93.290263938538516, 20.494062115364873 ], [ 93.295603849330732, 20.474785798499742 ], [ 93.298991615326713, 20.455072501446484 ], [ 93.300393351156018, 20.43511940204267 ], [ 93.299795036270027, 20.415126076695174 ], [ 93.297202655179362, 20.395292504161855 ], [ 93.288088072179377, 20.345202986161862 ], [ 93.285166082725496, 20.332309892488027 ], [ 93.285504171613496, 20.331869583817607 ], [ 93.296101059204574, 20.31474291804539 ], [ 93.303448637973645, 20.299661098313891 ], [ 93.314876901587041, 20.301299323803686 ], [ 93.333832227000073, 20.302199611000059 ], [ 93.340668165000068, 20.302199611000059 ], [ 93.359717022633475, 20.301290396881431 ], [ 93.378592685363827, 20.298571021228685 ], [ 93.397123533000624, 20.294066208989189 ], [ 93.415141080460828, 20.287816918551844 ], [ 93.422565480989363, 20.284418669916072 ], [ 93.441570494421597, 20.279554268967299 ], [ 93.460387684019125, 20.272668313526292 ], [ 93.478421412247499, 20.263934033197046 ], [ 93.495490664204084, 20.253439098974901 ], [ 93.511424105989335, 20.241288854550984 ], [ 93.526061804483632, 20.227605258916999 ], [ 93.539256832688096, 20.212525662192679 ], [ 93.549916707580422, 20.197550135024962 ], [ 93.565208703384158, 20.195220076872481 ], [ 93.583788365986834, 20.190534210570299 ], [ 93.601834332359786, 20.184091827230418 ], [ 93.619180958033837, 20.175952061683663 ], [ 93.635669017809164, 20.166189629083291 ], [ 93.651147167288215, 20.154894139092335 ], [ 93.665473332070462, 20.142169273353822 ], [ 93.674270093883635, 20.13270158616908 ], [ 93.682084916460752, 20.134521792336496 ], [ 93.702159866986179, 20.137097278818235 ], [ 93.722392323289881, 20.137630646548001 ], [ 93.742575086420999, 20.136116433349954 ], [ 93.751282768421021, 20.135017800349985 ], [ 93.771850913491008, 20.131322335587594 ], [ 93.791921178539567, 20.125500865643442 ], [ 93.811274443913447, 20.117616947150815 ], [ 93.829699417893877, 20.107756653785476 ], [ 93.837105016893858, 20.103280742785433 ], [ 93.853168760796237, 20.092477155382479 ], [ 93.868112759234975, 20.080171129232756 ], [ 93.881797001377265, 20.066477959916412 ], [ 93.888144657377268, 20.059479261916451 ], [ 93.899349460067199, 20.045979918163574 ], [ 93.909328155311684, 20.031550589478702 ], [ 93.914699249311681, 20.023005667478703 ], [ 93.924390518960919, 20.005747298635189 ], [ 93.932328426940614, 19.987615513851026 ], [ 93.938435226998109, 19.968787901267092 ], [ 93.942651107301245, 19.949448864170517 ], [ 93.944934776253277, 19.929787814893569 ], [ 93.945263866915255, 19.909997319652433 ], [ 93.943723461969256, 19.891340728028784 ], [ 93.948235343097835, 19.887257046376881 ], [ 93.954583000097827, 19.880909390376878 ], [ 93.967206128618713, 19.867043109717688 ], [ 93.978475140312511, 19.85205556527508 ], [ 93.992716676312497, 19.831140851275123 ], [ 94.002638502638519, 19.814971366838201 ], [ 94.010983671745663, 19.797934553251942 ], [ 94.017677099046267, 19.780183697059321 ], [ 94.022658561287557, 19.761878509309987 ], [ 94.025883238402542, 19.743183688580604 ], [ 94.027322116772879, 19.724267439120549 ], [ 94.026962250275176, 19.705299957455775 ], [ 94.024806876762028, 19.686451901067425 ], [ 94.021995896851564, 19.673182341623473 ], [ 94.023334666713311, 19.672544090859123 ], [ 94.040871223753186, 19.663084054758052 ], [ 94.057379443759118, 19.651926017830259 ], [ 94.061736778015756, 19.648300046775098 ], [ 94.066606994751808, 19.646374135534625 ], [ 94.08338894716627, 19.63783340328445 ], [ 94.099293289390488, 19.627752236059138 ], [ 94.114179038164465, 19.616219997870122 ], [ 94.127914239499731, 19.60333891567608 ], [ 94.13458741649977, 19.596462287676093 ], [ 94.147472207865704, 19.581818929126605 ], [ 94.158386248423469, 19.566661035087265 ], [ 94.171946659309242, 19.559178295714563 ], [ 94.188008808123513, 19.548149739236166 ], [ 94.202921617519408, 19.535610608546577 ], [ 94.216543556852073, 19.52167990679304 ], [ 94.228745346533302, 19.506489843886516 ], [ 94.239411184964851, 19.490184581757966 ], [ 94.248439847558473, 19.472918866183466 ], [ 94.255438545558491, 19.457782147183469 ], [ 94.263078818705992, 19.438753050147795 ], [ 94.268730483042845, 19.41904165755404 ], [ 94.272334128230057, 19.398855175712807 ], [ 94.273851872721679, 19.378405805076532 ], [ 94.273267761975944, 19.357908509586679 ], [ 94.270587936169505, 19.337578756971148 ], [ 94.266356165169526, 19.31462953797115 ], [ 94.262602105595903, 19.298190775578306 ], [ 94.257476671012839, 19.282126660519413 ], [ 94.251016293761808, 19.266551378882635 ], [ 94.250189351690423, 19.264773453407983 ], [ 94.252464493271049, 19.238900038720359 ], [ 94.253224948230326, 19.219556580911981 ], [ 94.252630208661415, 19.209231302937035 ], [ 94.262121447412923, 19.196062054210959 ], [ 94.272100532954966, 19.178828838652656 ], [ 94.280316371263197, 19.160688665896387 ], [ 94.286687509311619, 19.141821380275452 ], [ 94.291150782703198, 19.122414034826722 ], [ 94.293661941890903, 19.102659036819428 ], [ 94.294196090874223, 19.082752240201241 ], [ 94.292747934021804, 19.062891003873535 ], [ 94.289331828573097, 19.043272235046274 ], [ 94.283981642298528, 19.024090437071067 ], [ 94.281536305554056, 19.017815928296155 ], [ 94.28339263033287, 19.016290691084684 ], [ 94.297364533865704, 19.002280336299354 ], [ 94.309883681656089, 18.986957964807186 ], [ 94.320827541252584, 18.970473545901026 ], [ 94.330088998499548, 18.952988422532744 ], [ 94.337577405928045, 18.934673732152444 ], [ 94.338126608906734, 18.932827664001159 ], [ 94.35415583439152, 18.924352789691973 ], [ 94.355702733859331, 18.923439222270119 ], [ 94.361064073729821, 18.921037788757861 ], [ 94.378417619070362, 18.912227267914062 ], [ 94.394832663786801, 18.901771785123557 ], [ 94.410153769383129, 18.889770346179375 ], [ 94.42423585616865, 18.876336595951294 ], [ 94.436945577056662, 18.861597742251849 ], [ 94.448162580264224, 18.845693351271152 ], [ 94.457780648955577, 18.828774025986924 ], [ 94.465708707038189, 18.810999980064178 ], [ 94.471871681586833, 18.792539520748715 ], [ 94.476211213729457, 18.773567455120315 ], [ 94.478686211263039, 18.754263434797235 ], [ 94.479273237766876, 18.734810254766483 ], [ 94.477966734528309, 18.715392122448652 ], [ 94.47477907317969, 18.696192913388078 ], [ 94.469740438548072, 18.677394430085585 ], [ 94.462898542826906, 18.659174680461458 ], [ 94.454318173776386, 18.641706192250343 ], [ 94.452909662023146, 18.639428955391317 ], [ 94.459418682049659, 18.581276001852967 ], [ 94.476192882992038, 18.56358612036076 ], [ 94.488462460527856, 18.549364991330631 ], [ 94.49934386182926, 18.534055577575803 ], [ 94.50355486249633, 18.526768116079538 ], [ 94.511786150480575, 18.521080016008195 ], [ 94.527620414938028, 18.507496352001233 ], [ 94.541953522270731, 18.49233713391612 ], [ 94.554629513988388, 18.475767309151308 ], [ 94.564557899988401, 18.461281632151326 ], [ 94.574790960002758, 18.444667800819463 ], [ 94.583356367573884, 18.427135867043585 ], [ 94.585592735590154, 18.421137258194879 ], [ 94.589937124280766, 18.414418418625061 ], [ 94.598717489451843, 18.397495941604568 ], [ 94.605846681196411, 18.379814322161888 ], [ 94.611259919215229, 18.361534226560433 ], [ 94.6149080154388, 18.342821759192656 ], [ 94.616757820981064, 18.323846953251554 ], [ 94.616792527350825, 18.304782225702631 ], [ 94.616009671311062, 18.296437390912157 ], [ 94.618363875548397, 18.289897934947341 ], [ 94.623726385173725, 18.272574985207878 ], [ 94.62518947454474, 18.265693877714419 ], [ 94.63020413698122, 18.257176325876106 ], [ 94.639369417342436, 18.23968779644078 ], [ 94.646765614639477, 18.221380767969361 ], [ 94.652320643494718, 18.202433665807622 ], [ 94.654447311389688, 18.193582974522897 ], [ 94.655468173521001, 18.191946227756993 ], [ 94.663899073238767, 18.175070452926327 ], [ 94.6735019382388, 18.153341936926331 ], [ 94.681747019753672, 18.131245658285522 ], [ 94.68733366332529, 18.108332423844203 ], [ 94.691646814325253, 18.084650783844253 ], [ 94.694225707800925, 18.065023697723561 ], [ 94.694851681116731, 18.045237809859838 ], [ 94.693518601718466, 18.025486959233451 ], [ 94.690833054718468, 18.002619120233437 ], [ 94.687795784414391, 17.984214462473879 ], [ 94.683057027383924, 17.966172826740035 ], [ 94.677348794714874, 17.950542660171941 ], [ 94.678148119403545, 17.947859897470593 ], [ 94.684251635403541, 17.921777540470643 ], [ 94.687624264019377, 17.903624925889908 ], [ 94.689308525113589, 17.885238645557454 ], [ 94.690814342332246, 17.851928145044958 ], [ 94.695717336479916, 17.833226931450664 ], [ 94.698809978378364, 17.813845047323671 ], [ 94.699987971504441, 17.794253360351405 ], [ 94.699239971140372, 17.774640549189321 ], [ 94.696573180938586, 17.755195495930359 ], [ 94.69201328354653, 17.736105467067148 ], [ 94.685604193268787, 17.717554310013316 ], [ 94.677407633148292, 17.699720682552385 ], [ 94.667502540539687, 17.682776332265654 ], [ 94.655984306899498, 17.666884442509112 ], [ 94.642963859114161, 17.6521980608685 ], [ 94.62856659121357, 17.638858625227414 ], [ 94.612931156757938, 17.626994601643151 ], [ 94.596208133528279, 17.616720247148368 ], [ 94.578558573380022, 17.608134509393381 ], [ 94.560152451225633, 17.60132007372621 ], [ 94.541167028083265, 17.596342566887479 ], [ 94.521785143956279, 17.593249924989031 ], [ 94.502193456984017, 17.592071931862954 ], [ 94.482580645821926, 17.592819932227012 ], [ 94.463135592562963, 17.595486722428799 ], [ 94.44404556369976, 17.600046619820855 ], [ 94.425494406645925, 17.606455710098604 ], [ 94.407660779184994, 17.614652270219104 ], [ 94.390716428898259, 17.624557362827698 ], [ 94.374824539141713, 17.636075596467894 ], [ 94.360138157501112, 17.649096044253223 ], [ 94.346798721860026, 17.663493312153822 ], [ 94.33493469827576, 17.679128746609454 ], [ 94.324660343780977, 17.695851769839113 ], [ 94.316074606025992, 17.713501329987366 ], [ 94.309260170358812, 17.731907452141755 ], [ 94.301458283358841, 17.756646769774417 ], [ 94.29696289251109, 17.773403268646931 ], [ 94.293936591999127, 17.790486309902807 ], [ 94.292402153886471, 17.807767348442692 ], [ 94.290961938620768, 17.839626654307853 ], [ 94.269005480909627, 17.882993142226329 ], [ 94.261798580480487, 17.898918762017651 ], [ 94.256009809382647, 17.915412849100907 ], [ 94.251683388730214, 17.932349403174019 ], [ 94.248590940730196, 17.947119910174056 ], [ 94.245363428221438, 17.96796213493435 ], [ 94.244348683490969, 17.989028351089246 ], [ 94.245557990885047, 18.010084294325761 ], [ 94.248977902446811, 18.030895814569668 ], [ 94.254570387462678, 18.051231479823109 ], [ 94.260031077937327, 18.065150113203401 ], [ 94.249641941736456, 18.069879494804137 ], [ 94.232246631219894, 18.080023061696568 ], [ 94.215959488238752, 18.091864419337504 ], [ 94.202043473238746, 18.103094888337502 ], [ 94.187229229836234, 18.116316898892748 ], [ 94.173799099499476, 18.130942731171618 ], [ 94.161885464154935, 18.146828217112848 ], [ 94.151605757510112, 18.163816772142884 ], [ 94.143061307499693, 18.181740938643205 ], [ 94.136336337487421, 18.200424036594185 ], [ 94.131497136069413, 18.219681905124943 ], [ 94.129706771069436, 18.228674418124953 ], [ 94.126605915881981, 18.250434799890197 ], [ 94.125911662299032, 18.272404040419293 ], [ 94.126237183299011, 18.286320056419289 ], [ 94.127926460195653, 18.307997238950989 ], [ 94.129716824195697, 18.321465662950985 ], [ 94.133938731659654, 18.343281099149749 ], [ 94.117134811967261, 18.363615927998598 ], [ 94.096464238967243, 18.392424521998652 ], [ 94.086198446999219, 18.408259141477149 ], [ 94.077470779989611, 18.424990832585014 ], [ 94.063473383989631, 18.45522357958497 ], [ 94.05612800737002, 18.473368978878096 ], [ 94.050591737077781, 18.492145554296481 ], [ 94.046917611976525, 18.511373421519114 ], [ 94.045140831109975, 18.53086837273586 ], [ 94.045278416486283, 18.550443641404645 ], [ 94.045670721197098, 18.554168055206297 ], [ 94.013287836059874, 18.584056903865676 ], [ 93.998872242590835, 18.598809691880874 ], [ 93.986052784293591, 18.614968762963439 ], [ 93.97496581344204, 18.6323622435416 ], [ 93.965729254963321, 18.650805130429379 ], [ 93.961744209665824, 18.661356306358247 ], [ 93.951119946255019, 18.659701655709089 ], [ 93.942403427886987, 18.659241314520266 ], [ 93.941405602264922, 18.65643343793748 ], [ 93.932209639264897, 18.633728359937479 ], [ 93.924503424574183, 18.616967795158541 ], [ 93.91528570083554, 18.600988563460916 ], [ 93.904634888358302, 18.585926609067712 ], [ 93.889742310358358, 18.566802260067675 ], [ 93.874832381226966, 18.549744170838931 ], [ 93.858088895344622, 18.534481796339954 ], [ 93.839726706961812, 18.521210985037207 ], [ 93.819056133961794, 18.507986702037208 ], [ 93.800705713104833, 18.497568294197976 ], [ 93.78135973173292, 18.489141303496112 ], [ 93.761233549875342, 18.482799539438084 ], [ 93.740551212775998, 18.478613598726483 ], [ 93.722403425775966, 18.475928051726484 ], [ 93.703488565640228, 18.474042150269785 ], [ 93.684480096849853, 18.473960464874178 ], [ 93.659089471849853, 18.475059096874215 ], [ 93.643798643170001, 18.476309703005345 ], [ 93.628648665373092, 18.478728717301511 ], [ 93.606187728373087, 18.483204629301486 ], [ 93.588839530890681, 18.487475386724739 ], [ 93.571941681793533, 18.493277284754409 ], [ 93.555629025632228, 18.500564024342147 ], [ 93.540031737127578, 18.509277457429036 ], [ 93.525274282378618, 18.519348050966116 ], [ 93.515508657378618, 18.526672269966113 ], [ 93.49899130694061, 18.540511355599875 ], [ 93.484058728969117, 18.556047161719786 ], [ 93.470884269473913, 18.573099339694462 ], [ 93.470523142449309, 18.573688337420077 ], [ 93.469319332429322, 18.574648185968755 ], [ 93.45587511057937, 18.586386306203561 ], [ 93.443530851573129, 18.599276218436938 ], [ 93.34733944457308, 18.70913949943694 ], [ 93.334029610206628, 18.726105848956301 ], [ 93.322623797431518, 18.744406563199593 ], [ 93.31798512543152, 18.75282941519956 ], [ 93.310626144452115, 18.76760361310787 ], [ 93.304510462836291, 18.782934300087359 ], [ 93.295477259836289, 18.808609756087403 ], [ 93.289956205509426, 18.827110373890555 ], [ 93.286244738922264, 18.846057139201569 ], [ 93.284377446758711, 18.865273489530246 ], [ 93.284371730076359, 18.884580350157957 ], [ 93.286227642148248, 18.903797802912155 ], [ 93.2899278879664, 18.922746762800859 ], [ 93.295437985411823, 18.941250646882864 ], [ 93.302706586588968, 18.959137019821668 ], [ 93.311665956330216, 18.976239200788378 ], [ 93.322232603411265, 18.9923978167391 ], [ 93.334308058595226, 19.00746228759202 ], [ 93.347779792254869, 19.021292229463992 ], [ 93.362522263021859, 19.033758762890034 ], [ 93.378398087690812, 19.04474571383464 ], [ 93.395259321475805, 19.054150696302795 ], [ 93.412948836689012, 19.061886066462026 ], [ 93.4272924034818, 19.066570362254524 ], [ 93.424060344365472, 19.071257008408864 ], [ 93.41466558100629, 19.088173756048491 ], [ 93.404749871201645, 19.108260580017234 ], [ 93.398230508929572, 19.115792447581594 ], [ 93.339636758929572, 19.191516730581593 ], [ 93.330263669595851, 19.204698934198237 ], [ 93.321986461110129, 19.218595448708449 ], [ 93.311244274110123, 19.238411529708436 ], [ 93.303270027374481, 19.254877438151716 ], [ 93.296833804401317, 19.272003143559171 ], [ 93.291989462660013, 19.289645340274909 ], [ 93.288164592660053, 19.30657242327495 ], [ 93.284255024724118, 19.330591573924519 ], [ 93.283291543958541, 19.354907741883032 ], [ 93.284186725958506, 19.39698130988301 ], [ 93.285637924700069, 19.417147063708473 ], [ 93.2891176490823, 19.437063266242102 ], [ 93.29459033948811, 19.456526392015185 ], [ 93.302000070001, 19.47533754559127 ], [ 93.308754628001012, 19.490230123591271 ], [ 93.318434738628014, 19.508896889690945 ], [ 93.330021204888638, 19.526444154377 ], [ 93.343385952099823, 19.54267795338869 ], [ 93.358381248785534, 19.557418841275062 ], [ 93.375308331785519, 19.572392800275093 ], [ 93.392130745525648, 19.585735381495621 ], [ 93.392252849741951, 19.585812469436291 ], [ 93.389161206179296, 19.587984041365271 ], [ 93.333985424179247, 19.630912101365279 ], [ 93.323198547080537, 19.640147586273123 ], [ 93.316876174881969, 19.637075903634816 ], [ 93.298713420143017, 19.630335547450311 ], [ 93.279983732862021, 19.625384095586718 ], [ 93.260862852786914, 19.622268007276876 ], [ 93.24153019020865, 19.621016520626355 ], [ 93.240955299519669, 19.621035072708136 ], [ 93.233487638835228, 19.618070903752859 ], [ 93.214869419906393, 19.612698338792768 ], [ 93.195818657219931, 19.609152782222058 ], [ 93.176514191015656, 19.607467518177323 ], [ 93.157137243191244, 19.60765836718139 ], [ 93.137869716070156, 19.609723537627165 ], [ 93.118892484782052, 19.613643642596443 ], [ 93.100383699286127, 19.619381881855851 ], [ 93.082517111977069, 19.626884387321347 ], [ 93.070558602368962, 19.633331986234204 ], [ 93.063258772028249, 19.631536660902213 ], [ 93.044175412456653, 19.628756005640604 ], [ 93.024912957000083, 19.627826239000047 ], [ 93.018565300000034, 19.627826239000047 ], [ 92.998739895692339, 19.628811281411334 ], [ 92.979109780025283, 19.631756705559685 ], [ 92.959868317963569, 19.636633497768035 ], [ 92.941205046069058, 19.643393619564829 ], [ 92.923303805485261, 19.65197048088331 ], [ 92.906340931024062, 19.662279596001937 ], [ 92.890483514193065, 19.674219415764561 ], [ 92.875887757273418, 19.687672327882687 ], [ 92.862697434661001, 19.702505815466399 ], [ 92.851042476627754, 19.718573762371928 ], [ 92.841037689453302, 19.735717892507626 ], [ 92.832781624534491, 19.753769328920612 ], [ 92.826355607612271, 19.772550257306371 ], [ 92.82098451461232, 19.791227015306397 ], [ 92.816918349490891, 19.808087013880634 ], [ 92.814328145699918, 19.825235894165921 ], [ 92.814325460410871, 19.82526100397336 ], [ 92.813589294535589, 19.826391297387648 ], [ 92.751903096535571, 19.934952495387666 ], [ 92.742464106348123, 19.95381554082627 ], [ 92.741132537653783, 19.957369846327836 ], [ 92.738207845527782, 19.961739120848929 ], [ 92.733352968237241, 19.970705942464178 ], [ 92.724968818652599, 19.977742665836967 ], [ 92.712181366508091, 19.990623200168592 ], [ 92.707054413508089, 19.996279124168588 ], [ 92.704750687433602, 19.999202520299491 ], [ 92.664723657416403, 20.028545451946833 ], [ 92.650028658125052, 20.040424856642865 ], [ 92.636520366959601, 20.053638082210245 ], [ 92.625696799959613, 20.065275452210262 ], [ 92.6135736778878, 20.079603159364456 ], [ 92.602846996598942, 20.095004184966388 ], [ 92.593611218809983, 20.111342902471058 ], [ 92.591251859366153, 20.116617459677219 ], [ 92.582540003622114, 20.125403479330497 ], [ 92.570296609371766, 20.140412060984723 ], [ 92.559920294150075, 20.155997078293272 ], [ 92.551517981159364, 20.16626657194859 ], [ 92.534770724042303, 20.190081894857077 ], [ 92.525574760042346, 20.205422063857089 ], [ 92.517904110926551, 20.21946238995692 ], [ 92.511380265621014, 20.234070916825729 ], [ 92.478971707132573, 20.315212345913995 ], [ 92.408345258198764, 20.37687872301932 ], [ 92.395893186193305, 20.388731951330787 ], [ 92.384505059078165, 20.401610758707324 ], [ 92.374265021765439, 20.415419985856829 ], [ 92.363522833765444, 20.431289126856825 ], [ 92.353144513095458, 20.448408070613208 ], [ 92.344529572779777, 20.466478781131073 ], [ 92.337764327580018, 20.485320204449135 ], [ 92.335026933508715, 20.496288013469325 ], [ 92.33393638128382, 20.497307971884425 ], [ 92.332682511318964, 20.498610369527519 ], [ 92.315771026058215, 20.509010864281613 ], [ 92.315176343366602, 20.509419118677851 ], [ 92.305072051215248, 20.514155395726434 ], [ 92.287982208215297, 20.523147908726443 ], [ 92.26978142435469, 20.533993080291836 ], [ 92.252830033583251, 20.546702786438601 ], [ 92.241021067718449, 20.557689439348746 ], [ 92.231474086134043, 20.562212182819902 ], [ 92.225289190134006, 20.565508080819935 ], [ 92.20929801557601, 20.575009850706046 ], [ 92.194258764402818, 20.585956184286857 ], [ 92.18030152662385, 20.598252395422584 ], [ 92.167547032797685, 20.611792121488904 ], [ 92.165882211128178, 20.613926163504825 ], [ 92.15983355289103, 20.620118313334636 ], [ 92.15177691289108, 20.629151516334638 ], [ 92.138781051951298, 20.645341463696816 ], [ 92.127533515691638, 20.662791384190736 ], [ 92.118155498226585, 20.681313251957828 ], [ 92.099790609818513, 20.72279705995177 ], [ 92.037155236324693, 20.829724590645281 ], [ 92.028604140804106, 20.845993311795116 ], [ 92.021582597432925, 20.862978318452171 ], [ 92.01614990183235, 20.880536175410377 ], [ 92.014432767241829, 20.887147558395526 ], [ 92.009305146143205, 20.891243255645797 ], [ 91.996716246024192, 20.902189089883208 ], [ 91.985083340139482, 20.914145978861388 ], [ 91.974487362015978, 20.927030735008305 ], [ 91.964721737015978, 20.939970189008296 ], [ 91.949300488981379, 20.963733842721386 ], [ 91.939243329193715, 20.981937302425173 ], [ 91.904345630207899, 21.020420819460742 ], [ 91.890710536750632, 21.037196162702571 ], [ 91.878965671500126, 21.055345158672512 ], [ 91.869248252040961, 21.07465576905966 ], [ 91.86216817404096, 21.090850430059703 ], [ 91.854229385020275, 21.112264484189694 ], [ 91.848783665137887, 21.134443984192163 ], [ 91.845902024686694, 21.157099717102554 ], [ 91.844437180686697, 21.178177191102534 ], [ 91.84404111643957, 21.197880253857864 ], [ 91.845586062796826, 21.217526645118895 ], [ 91.848448365532775, 21.239807705780755 ], [ 91.83613551166259, 21.260813578859317 ], [ 91.828569785546549, 21.267614869808042 ], [ 91.815334565267747, 21.282097661044968 ], [ 91.806312327443308, 21.294157900056049 ], [ 91.802326073860698, 21.295538911349571 ], [ 91.784246674183166, 21.303899275770149 ], [ 91.76708855037424, 21.314016546810418 ], [ 91.758380868374218, 21.319753851810386 ], [ 91.743559980557606, 21.330523918592807 ], [ 91.729786823977406, 21.342605028309535 ], [ 91.717176973685412, 21.355895804426218 ], [ 91.705836243050697, 21.370284719702955 ], [ 91.699976868050697, 21.378463430702983 ], [ 91.689594973296366, 21.394524896060826 ], [ 91.680794641454852, 21.411504547635886 ], [ 91.673656341530261, 21.42924712586786 ], [ 91.668245345139184, 21.447590395101749 ], [ 91.667280615063746, 21.451549428870287 ], [ 91.665714500711204, 21.455586910935359 ], [ 91.66075049791975, 21.472832315240211 ], [ 91.657352317378752, 21.490453259095812 ], [ 91.65554731828945, 21.508307873951338 ], [ 91.655350032938387, 21.526252409939815 ], [ 91.655594173938383, 21.533454557939848 ], [ 91.657295494641801, 21.553570306825488 ], [ 91.661016001012641, 21.573412072818229 ], [ 91.666717786872141, 21.592777699154041 ], [ 91.667712108150837, 21.595215220352721 ], [ 91.657173337828866, 21.628628841970468 ], [ 91.656463809548384, 21.631296832648577 ], [ 91.654253118539799, 21.635166811581875 ], [ 91.6457081965398, 21.651971824581885 ], [ 91.637970234060234, 21.669147191039546 ], [ 91.631882546684395, 21.686974398860858 ], [ 91.627499142742622, 21.705295289837377 ], [ 91.624858910619537, 21.723947325936056 ], [ 91.623985273746698, 21.7427650312931 ], [ 91.624885982796215, 21.761581460271476 ], [ 91.627553046918905, 21.780229678557834 ], [ 91.637134946005119, 21.830276673258467 ], [ 91.634546545496462, 21.848366716181218 ], [ 91.632830093973368, 21.865745623907554 ], [ 91.632636218734859, 21.883208013548828 ], [ 91.63396639794702, 21.900620746328467 ], [ 91.636810489903198, 21.917851062069523 ], [ 91.640472599903248, 21.935266427069557 ], [ 91.645675000119894, 21.954964145048304 ], [ 91.652854326729411, 21.974030406638303 ], [ 91.661936082540763, 21.992267368363532 ], [ 91.66917892054073, 22.00512544136355 ], [ 91.671577847383944, 22.009001399148332 ], [ 91.670187137184314, 22.010997131759449 ], [ 91.659444949184319, 22.028209045759478 ], [ 91.646518517309715, 22.052494549237718 ], [ 91.636752892309715, 22.074345135237689 ], [ 91.630631793131627, 22.089718765544077 ], [ 91.625802523667232, 22.105545784226887 ], [ 91.619935274311175, 22.128074517852642 ], [ 91.607111682506897, 22.146634978932624 ], [ 91.597464498258262, 22.162052786536623 ], [ 91.589257791828956, 22.178283218595695 ], [ 91.5825594279531, 22.195192058787374 ], [ 91.580050668610525, 22.203716798699116 ], [ 91.577014495760906, 22.203226780943492 ], [ 91.529354634760907, 22.197992124943521 ], [ 91.509636415241388, 22.196807794635042 ], [ 91.489897541880353, 22.197574409099303 ], [ 91.470330572726468, 22.200284489804851 ], [ 91.451126388856352, 22.204911599181376 ], [ 91.432472332278039, 22.211410598525358 ], [ 91.414550378359067, 22.219718088340329 ], [ 91.386580413524428, 22.23440273471186 ], [ 91.386386927647138, 22.21515050071277 ], [ 91.38393096166844, 22.19409240110506 ], [ 91.379259685747158, 22.173412591888237 ], [ 91.372425590465241, 22.153343449663058 ], [ 91.363505469753107, 22.134110489036626 ], [ 91.347297146753107, 22.103523832036611 ], [ 91.338953198964163, 22.089239195260237 ], [ 91.33369176018951, 22.081031178004867 ], [ 91.330938129394013, 22.075846873114674 ], [ 91.329753961124652, 22.073650601428049 ], [ 91.316914123124661, 22.050188158428078 ], [ 91.30598827493165, 22.032478170875482 ], [ 91.293281417688647, 22.015999287513555 ], [ 91.278931108785557, 22.000929899595143 ], [ 91.263092696708526, 21.987433139957066 ], [ 91.242337017708536, 21.971533166957077 ], [ 91.22396820400003, 21.95901755821264 ], [ 91.220335258425465, 21.956827484139747 ], [ 91.215006492232206, 21.951657557355265 ], [ 91.200864884270587, 21.940236936662497 ], [ 91.185744773769329, 21.930147441572164 ], [ 91.166630703769329, 21.91861247057216 ], [ 91.149172798193831, 21.909224265201924 ], [ 91.130871308461963, 21.901610308231298 ], [ 91.111906008673941, 21.895845390963267 ], [ 91.092463193484221, 21.891986141728641 ], [ 91.072733848143628, 21.890070469630388 ], [ 91.052911772466203, 21.890117192165494 ], [ 91.028202955466227, 21.891401543165532 ], [ 91.01065576018452, 21.893091586530119 ], [ 90.993325546077372, 21.896320206642372 ], [ 90.977212264077323, 21.900063696642349 ], [ 90.955254912125966, 21.906508932097623 ], [ 90.934177537484828, 21.915420197048626 ], [ 90.93122136743726, 21.917091176056758 ], [ 90.915962893092711, 21.917338795439004 ], [ 90.899200475335064, 21.919325495717054 ], [ 90.883942988885678, 21.906848579211694 ], [ 90.868446021428653, 21.895376436471512 ], [ 90.851916369745368, 21.885449872380942 ], [ 90.849606172025091, 21.884349928706492 ], [ 90.837243478512605, 21.869891424606397 ], [ 90.823396163651537, 21.856540084253606 ], [ 90.808330277426535, 21.844580757753643 ], [ 90.792185181702521, 21.834124070795525 ], [ 90.775110221205466, 21.825266749411409 ], [ 90.769441763735401, 21.822987528072058 ], [ 90.76638336605248, 21.818475032320141 ], [ 90.753624145058993, 21.803180649495037 ], [ 90.739406939114247, 21.78923120787589 ], [ 90.735553358847383, 21.786138717914408 ], [ 90.731378761143063, 21.780849739728644 ], [ 90.717388094143516, 21.766387759121638 ], [ 90.702015070531203, 21.75340477829344 ], [ 90.69436074416592, 21.74816077101023 ], [ 90.688025171813322, 21.740572479793773 ], [ 90.674473305220488, 21.727171611430485 ], [ 90.659707400928227, 21.715121531286687 ], [ 90.640176150928227, 21.700676544286697 ], [ 90.623724033121391, 21.689723509252563 ], [ 90.606271159215396, 21.680447823336664 ], [ 90.587987974481536, 21.6729400731559 ], [ 90.569053033030684, 21.667273579615664 ], [ 90.549651254048612, 21.66350368185574 ], [ 90.529972115869981, 21.661667196806675 ], [ 90.510207805527358, 21.661782059634572 ], [ 90.492548300527375, 21.662758622634566 ], [ 90.472462382928356, 21.664890900313626 ], [ 90.452693973469621, 21.669038270729629 ], [ 90.433444705328512, 21.675158431669228 ], [ 90.431662293052625, 21.675930735191418 ], [ 90.426487830444586, 21.672798823011089 ], [ 90.409791649451165, 21.663747279021834 ], [ 90.392312184406507, 21.656320219704249 ], [ 90.374207053287691, 21.650584617248981 ], [ 90.355639515904699, 21.646592191434301 ], [ 90.336777001734035, 21.644378943252168 ], [ 90.3240164564628, 21.644100637273258 ], [ 90.311737872007399, 21.6362278982199 ], [ 90.295216838471646, 21.626714362403831 ], [ 90.277865043059094, 21.618817077504936 ], [ 90.259840149350595, 21.612607800605776 ], [ 90.241305936898556, 21.608142951045505 ], [ 90.222344347898542, 21.604521531045503 ], [ 90.20509857632527, 21.602000961287541 ], [ 90.187698842692299, 21.600991417547043 ], [ 90.170277284887206, 21.601500566549273 ], [ 90.152966206535766, 21.603524541690579 ], [ 90.1325397745358, 21.606820440690601 ], [ 90.112144987753751, 21.61121342128337 ], [ 90.092318780220353, 21.617707041322763 ], [ 90.071862822919215, 21.625610479111245 ], [ 90.053977282314122, 21.62982379395357 ], [ 90.035925616196721, 21.635940207308295 ], [ 90.018538144886108, 21.643747191576434 ], [ 90.002424863886105, 21.651925902576405 ], [ 89.986188304672908, 21.661144549809595 ], [ 89.985281877203278, 21.661777764002103 ], [ 89.975107384262515, 21.665300870297564 ], [ 89.958058456895273, 21.673058788911842 ], [ 89.953250072279133, 21.675816519975847 ], [ 89.944481958823573, 21.679125500145904 ], [ 89.936769976369959, 21.682961254742224 ], [ 89.92461396332935, 21.674033830653155 ], [ 89.907866536297078, 21.664085554816889 ], [ 89.898345052297074, 21.659039981816928 ], [ 89.874648941190088, 21.648392504221693 ], [ 89.85633839419009, 21.641556567221688 ], [ 89.844036956645738, 21.637760650804076 ], [ 89.84352061341265, 21.637076549767794 ], [ 89.830310600584227, 21.62272796545831 ], [ 89.815765825680501, 21.609734281084215 ], [ 89.800024604533093, 21.598219062137012 ], [ 89.778296089533143, 21.583896145136997 ], [ 89.760580593099164, 21.573482920291031 ], [ 89.741890096577677, 21.564942463314082 ], [ 89.729994974181366, 21.560923572258005 ], [ 89.725225267240077, 21.556357698923133 ], [ 89.710151773850342, 21.543304388054267 ], [ 89.693853405785589, 21.53181690242706 ], [ 89.676492168468911, 21.522009427398096 ], [ 89.658240632220597, 21.513979449055274 ], [ 89.639280216912894, 21.507806785208182 ], [ 89.619799388660439, 21.503552792000839 ], [ 89.599991786471193, 21.501259754032947 ], [ 89.58005429747891, 21.500950464051897 ], [ 89.560185099889353, 21.502627996393354 ], [ 89.540581693093202, 21.50627567642243 ], [ 89.521438934526486, 21.511857246279192 ], [ 89.50294710279185, 21.519317225280997 ], [ 89.485290006293425, 21.52858146139927 ], [ 89.480281874685517, 21.531536450962889 ], [ 89.462499839556955, 21.525374925270018 ], [ 89.443304157195058, 21.520782496987639 ], [ 89.423749288617188, 21.518104487695215 ], [ 89.420276080265566, 21.517802469712144 ], [ 89.415993736586969, 21.51368879126716 ], [ 89.397834327322798, 21.499852384520175 ], [ 89.380663103322817, 21.488255704520149 ], [ 89.362707537667461, 21.477453904337651 ], [ 89.34372035641816, 21.468590035352101 ], [ 89.323700825418157, 21.460492704352113 ], [ 89.305821885455401, 21.454229020268482 ], [ 89.287430509857202, 21.449685064272067 ], [ 89.268691710750161, 21.446901605898471 ], [ 89.249241840750145, 21.444948480898471 ], [ 89.229405667385251, 21.443947712027995 ], [ 89.209568044250759, 21.444919319185168 ], [ 89.189924607661084, 21.447853720494084 ], [ 89.188833258108275, 21.448129639679522 ], [ 89.181851379859395, 21.443648112600123 ], [ 89.163321679852004, 21.434309007815987 ], [ 89.144848371851992, 21.426170986816008 ], [ 89.127296159795605, 21.419405402847353 ], [ 89.109185951531956, 21.414318789911722 ], [ 89.090677955973462, 21.410956145875193 ], [ 89.071935900990951, 21.409347217802857 ], [ 89.066692560586588, 21.409391544610251 ], [ 89.05946841580554, 21.400138694852359 ], [ 89.04612860126322, 21.386096968545001 ], [ 89.031493129058504, 21.37341139866977 ], [ 89.015699250916711, 21.362200950732387 ], [ 88.998895082115212, 21.352570756518109 ], [ 88.981238212455551, 21.344611128163969 ], [ 88.962894228383519, 21.338396711209871 ], [ 88.944035160116385, 21.333985784571382 ], [ 88.931828129116383, 21.331747829571384 ], [ 88.913672236879307, 21.329272647827583 ], [ 88.907962689933356, 21.329022164547641 ], [ 88.893720007173243, 21.326041548243335 ], [ 88.874064313798314, 21.323922215181959 ], [ 88.854295411768689, 21.323753789477859 ], [ 88.834606461965862, 21.325537916809552 ], [ 88.815189844062346, 21.32925716456457 ], [ 88.796235276790313, 21.334875192172575 ], [ 88.772472255790333, 21.343216664172559 ], [ 88.75460232633931, 21.350475187247255 ], [ 88.742096954072309, 21.357022296340549 ], [ 88.739324076903287, 21.357196475238879 ], [ 88.70473748790333, 21.361224795238911 ], [ 88.684363923832791, 21.36467235099407 ], [ 88.664454807515611, 21.370203611346863 ], [ 88.660467288628766, 21.371770226570501 ], [ 88.656108359720406, 21.368488992443929 ], [ 88.639030143712091, 21.358127300028734 ], [ 88.621003490753353, 21.349520912003623 ], [ 88.602208230286791, 21.342755683572282 ], [ 88.571202371286788, 21.333315579572261 ], [ 88.552149512025082, 21.32852338316081 ], [ 88.532718401048271, 21.325623638568779 ], [ 88.513096537206422, 21.32464432663458 ], [ 88.493473260003157, 21.325594897145301 ], [ 88.474037922580166, 21.328466177651773 ], [ 88.45497806457027, 21.333230461977351 ], [ 88.436477602449671, 21.339841777566292 ], [ 88.418715054851589, 21.348236329092021 ], [ 88.399672085851591, 21.358408855092041 ], [ 88.382255689554967, 21.368883188132525 ], [ 88.371305977253257, 21.377088851617462 ], [ 88.358978333850999, 21.371649929779174 ], [ 88.35084031285102, 21.368516791779165 ], [ 88.333992883620454, 21.362876128564434 ], [ 88.316711345432694, 21.358752854253233 ], [ 88.29913207250182, 21.356179506938389 ], [ 88.286273999501802, 21.354877423938404 ], [ 88.269282625840546, 21.353884713522852 ], [ 88.252268375675712, 21.354340283708506 ], [ 88.240549625675712, 21.355154085708545 ], [ 88.222487532557267, 21.357236830562396 ], [ 88.204689220171858, 21.360951276709127 ], [ 88.187301781352417, 21.366266726383987 ], [ 88.170468913297782, 21.373139250447291 ], [ 88.154329729997784, 21.381512051433525 ], [ 88.139017612536094, 21.391315932949787 ], [ 88.133890659536092, 21.394937351949743 ], [ 88.118109367449136, 21.407315719799691 ], [ 88.103647217825397, 21.421212460382399 ], [ 88.097368340512915, 21.428591696124315 ], [ 88.08855973879011, 21.429925393212987 ], [ 88.07208838906682, 21.433131276255065 ], [ 88.058915923180635, 21.436864333811144 ], [ 88.042983786381939, 21.437717878325941 ], [ 88.02354812160398, 21.44069251977594 ], [ 88.004498461344042, 21.4455611952732 ], [ 87.986018917500147, 21.452276849853249 ], [ 87.974300167500147, 21.457200351853245 ], [ 87.956796446943372, 21.465575350087658 ], [ 87.940186699583748, 21.475607155578491 ], [ 87.924627273317327, 21.487201338732813 ], [ 87.910264629345917, 21.500248763264374 ], [ 87.897233963534802, 21.514626613495732 ], [ 87.885657933811245, 21.530199550424765 ], [ 87.884696091593767, 21.531796285779325 ], [ 87.856863400588779, 21.518429650578703 ], [ 87.818202866287152, 21.491464230192292 ], [ 87.803607709139314, 21.48219537598013 ], [ 87.788266563623395, 21.474221698984167 ], [ 87.772294078058891, 21.467602788539956 ], [ 87.755809618931607, 21.462388109464744 ], [ 87.735871467931645, 21.457017015464746 ], [ 87.71568138881733, 21.452682136314454 ], [ 87.695151946900651, 21.450452229033871 ], [ 87.674502001671726, 21.450351066133354 ], [ 87.650055181077022, 21.451494777034945 ], [ 87.529872425186767, 21.420582876194477 ], [ 87.477264100379685, 21.400183730008997 ], [ 87.476955291592205, 21.40008111339305 ], [ 87.476657599230307, 21.399949689290423 ], [ 87.413506557230292, 21.375698387290385 ], [ 87.395702347108966, 21.369803173490894 ], [ 87.377424207904014, 21.365601617708787 ], [ 87.329084363904016, 21.356853244708784 ], [ 87.309321440721433, 21.354285664371542 ], [ 87.289401102971084, 21.353697663163661 ], [ 87.269521142476066, 21.355095079431475 ], [ 87.261486871085765, 21.356473088935548 ], [ 87.255460488778752, 21.355609900831759 ], [ 87.213791753768689, 21.334736951026414 ], [ 87.191672767153278, 21.319954460064817 ], [ 87.071252156415852, 21.198259202160223 ], [ 87.045578040041349, 21.16213823420733 ], [ 87.039847045331825, 21.146444729538636 ], [ 87.040811426446766, 21.133239681045868 ], [ 87.133583732170663, 20.93328010917422 ], [ 87.143016559920028, 20.908885177576483 ], [ 87.156525674920061, 20.86575366657647 ], [ 87.157478613253218, 20.862133157257063 ], [ 87.173012437278786, 20.850151238279214 ], [ 87.187326688998311, 20.836671795159926 ], [ 87.200248207971654, 20.821851959245933 ], [ 87.211652109918106, 20.805834961727932 ], [ 87.221428178067143, 20.788775604159682 ], [ 87.2294819283847, 20.770838762327337 ], [ 87.235735522745287, 20.752197792753055 ], [ 87.240128521224207, 20.73303285723372 ], [ 87.242618466239207, 20.713529181607871 ], [ 87.243181292895642, 20.693875265579486 ], [ 87.241811561569747, 20.674261060900452 ], [ 87.238522510481545, 20.654876135519238 ], [ 87.233345927749767, 20.635907841438929 ], [ 87.226331844165088, 20.617539503992031 ], [ 87.217548049651043, 20.599948650032339 ], [ 87.207079438085984, 20.583305292168138 ], [ 87.195027186818152, 20.567770285619279 ], [ 87.179320805818122, 20.54945973861928 ], [ 87.164928890798407, 20.534353213303138 ], [ 87.141003109798405, 20.51172951530312 ], [ 87.118381931020352, 20.493272215793944 ], [ 87.091038181020352, 20.474107176793915 ], [ 87.07319469565283, 20.462952677312941 ], [ 87.054277974755166, 20.453734732899367 ], [ 87.034497432494632, 20.446555389154213 ], [ 87.014225240312626, 20.440383563546291 ], [ 87.008515878200626, 20.436177157478653 ], [ 87.009251094783323, 20.430247814577001 ], [ 87.00978744602314, 20.411227520443699 ], [ 87.008513841471625, 20.39224233693086 ], [ 87.005441809136883, 20.373464108076568 ], [ 87.000599155462879, 20.355062804672642 ], [ 86.994029713639918, 20.337204985777138 ], [ 86.978404713639918, 20.300258371777094 ], [ 86.967725206470647, 20.27871631789225 ], [ 86.954537775329229, 20.258611502079948 ], [ 86.939239645689128, 20.238093727293951 ], [ 86.935855984405094, 20.22979799882043 ], [ 86.926562047375356, 20.212233509578574 ], [ 86.915570950818392, 20.195678016704147 ], [ 86.902991201188158, 20.180294959560641 ], [ 86.888946988461228, 20.166236202975483 ], [ 86.87357696010686, 20.15364053799798 ], [ 86.836386205106876, 20.126134026997967 ], [ 86.817653343393133, 20.113840224981423 ], [ 86.728379254393118, 20.062163792981401 ], [ 86.714430628754741, 20.054807935028744 ], [ 86.699945826084033, 20.048573891797425 ], [ 86.656949551384471, 20.032045965845857 ], [ 86.650431705255315, 20.014662017921047 ], [ 86.64096590817725, 19.995767325506904 ], [ 86.629559220211135, 19.977976929631833 ], [ 86.624090793877613, 19.971157036633212 ], [ 86.623275305211152, 19.964633790045696 ], [ 86.618929801101672, 19.945449743686478 ], [ 86.612720840009288, 19.926785343272009 ], [ 86.604708479823969, 19.908821125366995 ], [ 86.594970222311147, 19.891730853827543 ], [ 86.583600263454542, 19.875679839022329 ], [ 86.570708582319497, 19.860823338822403 ], [ 86.556419877250093, 19.847305056826599 ], [ 86.54087235969007, 19.835255752348797 ], [ 86.524216417294383, 19.824791975612371 ], [ 86.500191309831607, 19.811298882682063 ], [ 86.497947451306899, 19.809302323443802 ], [ 86.48226464302023, 19.797866350617955 ], [ 86.465547157413269, 19.788004422550351 ], [ 86.361706011413233, 19.733357612550343 ], [ 86.348233751803548, 19.726898399380485 ], [ 86.334316895997674, 19.721462929001291 ], [ 86.190184447686093, 19.671289295115741 ], [ 86.179767874547778, 19.665986996395532 ], [ 86.161061390934634, 19.65764192938553 ], [ 86.141599458019073, 19.651253984507811 ], [ 86.121586218181278, 19.646890166939997 ], [ 86.101231596634378, 19.644596250147067 ], [ 86.090570789634413, 19.643945208147109 ], [ 86.070937253768648, 19.643711833997251 ], [ 86.064276323080932, 19.644288292471469 ], [ 86.058165314197026, 19.643207254455049 ], [ 86.05460614277203, 19.642738942486019 ], [ 85.944459909071952, 19.61085261381173 ], [ 85.921908859294305, 19.605716523898842 ], [ 85.916395166391396, 19.604792293780079 ], [ 85.910849025867577, 19.601493296502088 ], [ 85.896272089173067, 19.593620899070679 ], [ 85.881093616595379, 19.58698194622237 ], [ 85.861318225595383, 19.579291516222401 ], [ 85.844096955992981, 19.573480457800432 ], [ 85.826419255017015, 19.569256784647006 ], [ 85.808431114193795, 19.566655378022478 ], [ 85.797688927193789, 19.565597435022443 ], [ 85.779610039553106, 19.564993577798958 ], [ 85.779575730833599, 19.564979513630188 ], [ 85.756652459300213, 19.558634306044592 ], [ 85.749968891384611, 19.557205962828334 ], [ 85.711380851695068, 19.538536850192855 ], [ 85.700312153060892, 19.533848773073597 ], [ 85.693470237684608, 19.528385311846538 ], [ 85.676967924562803, 19.517680475018889 ], [ 85.640753731562768, 19.4966436910189 ], [ 85.629887876899176, 19.490772736758 ], [ 85.552983579899177, 19.452239207757994 ], [ 85.545105810039857, 19.44850452291837 ], [ 85.461935237039896, 19.411273077918395 ], [ 85.458919844116267, 19.409952911179495 ], [ 85.437983140473818, 19.400991219105411 ], [ 85.406299369744858, 19.376951786954312 ], [ 85.391888537823007, 19.366981510717213 ], [ 85.37666028190705, 19.358310945183085 ], [ 85.360731508740827, 19.351006653955121 ], [ 85.337775348023584, 19.341674203735881 ], [ 85.307141128854695, 19.319745243180158 ], [ 85.205504586708685, 19.225490958472243 ], [ 85.19317112246685, 19.214950751134843 ], [ 85.180023931628895, 19.205444874847505 ], [ 85.115606250283051, 19.162737020077373 ], [ 85.014953241136723, 19.078627898764633 ], [ 84.963301657579649, 19.015359894525137 ], [ 84.958117890672952, 19.003393356386763 ], [ 84.949581877283492, 18.987699081662111 ], [ 84.939679393533893, 18.972829159022545 ], [ 84.927875324182125, 18.956713423274255 ], [ 84.927276946521062, 18.955186112572186 ], [ 84.918637379262421, 18.936133597352793 ], [ 84.908054922622711, 18.918087764867966 ], [ 84.895645359381348, 18.901246054777822 ], [ 84.862130308401319, 18.860418032089509 ], [ 84.848951957765635, 18.83941335609552 ], [ 84.838193510546233, 18.823936884218654 ], [ 84.826025919598493, 18.809541916387627 ], [ 84.811540242598454, 18.793957606387618 ], [ 84.796346557995776, 18.779253243550368 ], [ 84.779685412975468, 18.766235079898482 ], [ 84.763635639528715, 18.75622859624858 ], [ 84.729335786149264, 18.70679645501454 ], [ 84.72711671272944, 18.700467232955017 ], [ 84.718879436498597, 18.682740315278458 ], [ 84.708951007675992, 18.665902185004306 ], [ 84.697426266667037, 18.650113686827112 ], [ 84.684415302502813, 18.635525638927128 ], [ 84.615588866626439, 18.565562070606365 ], [ 84.611458678515589, 18.556145577632808 ], [ 84.601429273349709, 18.538431016782042 ], [ 84.589651107564137, 18.521827720577832 ], [ 84.576246201376421, 18.506507696941572 ], [ 84.567294378376459, 18.497271042941566 ], [ 84.551354260550795, 18.482518300463326 ], [ 84.533908398359657, 18.469581041892319 ], [ 84.530560187361047, 18.467369379570922 ], [ 84.523195714295497, 18.453002093749824 ], [ 84.512475594594079, 18.436373599947647 ], [ 84.50016500515828, 18.420885631705008 ], [ 84.486384413653155, 18.406689749544668 ], [ 84.47126867273461, 18.393924870029952 ], [ 84.452551224734592, 18.379642644029975 ], [ 84.452183975643976, 18.379363086909919 ], [ 84.417278997505363, 18.352856299236528 ], [ 84.392900190299741, 18.329928611343679 ], [ 84.385566114136822, 18.319948656490219 ], [ 84.372285295984284, 18.305198711171062 ], [ 84.357607898492773, 18.291837759835342 ], [ 84.341678472384942, 18.279997388152236 ], [ 84.325846503600474, 18.269407084799923 ], [ 84.321831012158043, 18.264605121331179 ], [ 84.312010112608149, 18.25485044895365 ], [ 84.305023937213548, 18.241875285816544 ], [ 84.304322746397006, 18.23959118290891 ], [ 84.297111215607714, 18.219859577497679 ], [ 84.287869706998251, 18.200993286207382 ], [ 84.276700187314916, 18.183200471408345 ], [ 84.263725896131234, 18.166677451202879 ], [ 84.249089986076669, 18.151606533337539 ], [ 84.232953943353351, 18.138154003699562 ], [ 84.197228032353308, 18.111420605699585 ], [ 84.177996411541343, 18.098690597476008 ], [ 84.157427131384352, 18.088259247503419 ], [ 83.866033320108073, 17.961039251470801 ], [ 83.737088429711847, 17.885501368419092 ], [ 83.731174396563759, 17.875107874732286 ], [ 83.727620225416715, 17.870165592702154 ], [ 83.72175552263424, 17.860581965545091 ], [ 83.709530440718751, 17.8445067157351 ], [ 83.695746501994279, 17.829746318804993 ], [ 83.678005615994323, 17.812575094805013 ], [ 83.67687657532521, 17.811578263701172 ], [ 83.669815788396122, 17.803407791775442 ], [ 83.653177692961691, 17.788065421162283 ], [ 83.634912752454767, 17.774701046728921 ], [ 83.626233050441911, 17.769075313824946 ], [ 83.619984720952715, 17.758443677515931 ], [ 83.607856897384195, 17.741941339529589 ], [ 83.606544652999332, 17.740493234943905 ], [ 83.600126626345542, 17.724162645494452 ], [ 83.591361011507431, 17.706952048896582 ], [ 83.580976159783816, 17.690667224874719 ], [ 83.565595300783812, 17.668938708874723 ], [ 83.550261130275643, 17.649867401239394 ], [ 83.489225974275698, 17.582810109239379 ], [ 83.476903549588371, 17.57040716516487 ], [ 83.474546531801067, 17.568417000197442 ], [ 83.47403453174374, 17.567380795344185 ], [ 83.46418066200458, 17.551409044011553 ], [ 83.452873124490296, 17.536431220911023 ], [ 83.440211480821887, 17.522579204123492 ], [ 83.426307215375743, 17.509974959129401 ], [ 83.417677010029081, 17.503515431578624 ], [ 83.416380948365429, 17.500682186619084 ], [ 83.406161931456225, 17.483246062350158 ], [ 83.394235412907719, 17.466930275779347 ], [ 83.38072317640929, 17.451901430150947 ], [ 83.365763197683293, 17.43831298753857 ], [ 83.349508235591827, 17.426303701818064 ], [ 83.332124272290159, 17.415996201828317 ], [ 83.313788818355107, 17.407495739187535 ], [ 83.297756917355144, 17.401026012187568 ], [ 83.288996283217529, 17.397943703921008 ], [ 83.284703095163763, 17.394992137188282 ], [ 83.269676499726614, 17.385613252538153 ], [ 83.253878997466629, 17.377600701754666 ], [ 83.237434504800248, 17.371017335696344 ], [ 83.179784680151158, 17.350851178494406 ], [ 83.167025534359482, 17.342023630050011 ], [ 83.152800431397523, 17.333042226403723 ], [ 83.137870843054642, 17.325288094753542 ], [ 83.124273071722328, 17.318936940868234 ], [ 83.114382656318085, 17.309437450928488 ], [ 83.102097606233229, 17.298570475517735 ], [ 83.088963435433982, 17.288746669352005 ], [ 83.075068475687942, 17.280032100870358 ], [ 83.06880219968798, 17.276451371870337 ], [ 83.05240192158324, 17.268057138494743 ], [ 83.035298785251896, 17.261207685705823 ], [ 83.033335299351251, 17.260624388813913 ], [ 83.010848173468418, 17.245018774722631 ], [ 82.993716411278257, 17.23436799639105 ], [ 82.975598887456385, 17.225497162981945 ], [ 82.956679918980342, 17.218496521110605 ], [ 82.937151976251826, 17.213437291169139 ], [ 82.920564456887959, 17.210886259345497 ], [ 82.903557340150257, 17.203936614836199 ], [ 82.883539864410338, 17.198101850226617 ], [ 82.874292217258699, 17.195922177912614 ], [ 82.863953596350157, 17.189477037669416 ], [ 82.846684879928546, 17.179862497861055 ], [ 82.828551500949061, 17.171999387193988 ], [ 82.809730553591436, 17.165964498368322 ], [ 82.796229946074305, 17.162360640176495 ], [ 82.606861886600413, 17.051484818935744 ], [ 82.596993474145478, 17.036404154547974 ], [ 82.585036776807527, 17.021470335148404 ], [ 82.572829744807478, 17.007635699148391 ], [ 82.559072036973802, 16.993512516921577 ], [ 82.553899204767745, 16.989156529934139 ], [ 82.55743656690845, 16.974515132645312 ], [ 82.562807660908447, 16.94713069264532 ], [ 82.565422463560381, 16.929816451577725 ], [ 82.566512786211206, 16.912339857711284 ], [ 82.567407969211217, 16.864000013711287 ], [ 82.567294735411679, 16.852616728876168 ], [ 82.565422990411662, 16.803910673876199 ], [ 82.563312381064918, 16.781621702288291 ], [ 82.558723804417752, 16.759708284238744 ], [ 82.549171712308777, 16.724146882713267 ], [ 82.544745329483305, 16.684132377329316 ], [ 82.542264127696015, 16.667861756409575 ], [ 82.538453493529687, 16.651850243842873 ], [ 82.530640993529687, 16.624140283842834 ], [ 82.525354262984976, 16.608035804849063 ], [ 82.518722887016949, 16.592436810769826 ], [ 82.509949821007169, 16.574010388561021 ], [ 82.509865213127782, 16.573442502557324 ], [ 82.508888651127776, 16.568600380557367 ], [ 82.505966488463258, 16.557071576871252 ], [ 82.503479688651012, 16.540455738183809 ], [ 82.498650859519515, 16.521325464318373 ], [ 82.491960594242371, 16.502764071065997 ], [ 82.483474003312367, 16.484952200211577 ], [ 82.473273679286635, 16.468063199094932 ], [ 82.461458892985746, 16.452261433572936 ], [ 82.448144627377644, 16.437700688390606 ], [ 82.433460458549177, 16.424522670528845 ], [ 82.417549294655501, 16.412855630094505 ], [ 82.400565985120181, 16.402813112174417 ], [ 82.382675813621347, 16.3944928518005 ], [ 82.364052889530385, 16.387975822780284 ], [ 82.36189874712764, 16.387339371599634 ], [ 82.341227762109298, 16.367697396058784 ], [ 82.322543966331438, 16.351997596122501 ], [ 82.302087122616996, 16.338690248980758 ], [ 82.286869023617015, 16.330063946980776 ], [ 82.268234634393636, 16.320748386105748 ], [ 82.248732296048772, 16.313421795136726 ], [ 82.238718357475051, 16.310809791945779 ], [ 82.223558110551394, 16.303684968296729 ], [ 82.205443897315462, 16.29099129584041 ], [ 82.191387196664394, 16.281991411119638 ], [ 82.1766290162644, 16.274194945929406 ], [ 82.154574980264414, 16.263696898929407 ], [ 82.137623267015954, 16.256564139122514 ], [ 82.120088017940361, 16.251018700963311 ], [ 82.11458215795362, 16.249820367814184 ], [ 82.111296669010144, 16.247400410844687 ], [ 82.095113680214368, 16.236652512325431 ], [ 82.077964273459472, 16.227525393563237 ], [ 82.060010256163054, 16.220105170395129 ], [ 82.041421027372934, 16.214461853823018 ], [ 82.040139208918745, 16.214205264386827 ], [ 82.027611522604971, 16.208035814805214 ], [ 82.020287303604974, 16.204861986805213 ], [ 82.004124637684953, 16.198674246453894 ], [ 81.987487541103519, 16.193906970749929 ], [ 81.970500592398395, 16.190595857041899 ], [ 81.953290989799171, 16.188765698941001 ], [ 81.931898656998143, 16.187423351116596 ], [ 81.889038383619464, 16.167304810120736 ], [ 81.886848255706653, 16.165576456169358 ], [ 81.872467989927841, 16.155227808058058 ], [ 81.857228319034647, 16.14619237820288 ], [ 81.84124883122449, 16.138541069104072 ], [ 81.824654920159475, 16.132333921839244 ], [ 81.807576800981806, 16.127619644911213 ], [ 81.762248024981844, 16.11724366791119 ], [ 81.740076643284183, 16.113465844294208 ], [ 81.717621290000068, 16.112201239000047 ], [ 81.711599155000044, 16.112201239000047 ], [ 81.694258291686552, 16.112954421059225 ], [ 81.67704803664445, 16.115208294404617 ], [ 81.66150441664449, 16.117934531404607 ], [ 81.641842269566212, 16.122415341704571 ], [ 81.622731305624981, 16.128853411749947 ], [ 81.610325919670245, 16.134480016747517 ], [ 81.608840697743773, 16.134617474494313 ], [ 81.590770864050441, 16.137984550913373 ], [ 81.575697263209392, 16.142256442775107 ], [ 81.57052970908731, 16.142630564389261 ], [ 81.553042959305913, 16.144673501780741 ], [ 81.535803624182677, 16.148246362764755 ], [ 81.528012358007061, 16.150222408577488 ], [ 81.527626371968907, 16.150217597709648 ], [ 81.506038211504588, 16.152297114477825 ], [ 81.493947822041676, 16.154804955788155 ], [ 81.476738912330077, 16.149386894128337 ], [ 81.457666771582069, 16.144400745703184 ], [ 81.438196409490942, 16.141316393442118 ], [ 81.418516984629889, 16.140163802461874 ], [ 81.409443324930749, 16.140527889450279 ], [ 81.406482570339335, 16.131120738340908 ], [ 81.399793512843615, 16.114958519931395 ], [ 81.381824171602872, 16.076404702441707 ], [ 81.376262525415171, 16.048133000535572 ], [ 81.372099108298272, 16.03099679276805 ], [ 81.366442382837562, 16.014293945232279 ], [ 81.359336327762577, 15.998154315744207 ], [ 81.355519775147698, 15.991216864092038 ], [ 81.355435267727415, 15.983351631541916 ], [ 81.35395915780073, 15.961151919378816 ], [ 81.350026427206828, 15.939253523302483 ], [ 81.34368574408856, 15.91792743931517 ], [ 81.337989129088584, 15.902058298315174 ], [ 81.330169679770236, 15.883324763969849 ], [ 81.32049150789949, 15.865480378691837 ], [ 81.309054320203956, 15.848708979396402 ], [ 81.295975945192296, 15.833183348853202 ], [ 81.281391119258117, 15.819063435638895 ], [ 81.265450098595053, 15.806494706310533 ], [ 81.248317111223258, 15.79560664677601 ], [ 81.243633597648682, 15.793259471770261 ], [ 81.227192447002906, 15.777374922556731 ], [ 81.218294076253628, 15.769698012374871 ], [ 81.217684341918115, 15.760802940081213 ], [ 81.214475982657859, 15.74162065950158 ], [ 81.209419643430138, 15.722840699677528 ], [ 81.202563138679835, 15.704640650227381 ], [ 81.193971305822615, 15.687192616941864 ], [ 81.183725392120593, 15.670661594293843 ], [ 81.171922286380791, 15.655203905195087 ], [ 81.15867360274207, 15.640965722754208 ], [ 81.152163185742054, 15.634618066754205 ], [ 81.137845280838846, 15.621935517731966 ], [ 81.122381333179916, 15.61067870764558 ], [ 81.105912779684118, 15.600950593939665 ], [ 81.102938119072562, 15.599557852473954 ], [ 81.101925716956032, 15.598689186473662 ], [ 81.086328196946155, 15.586589780085715 ], [ 81.069613879515501, 15.576086930080756 ], [ 81.051945594819671, 15.567282954768078 ], [ 81.03349546652197, 15.560263622093395 ], [ 81.004442732521966, 15.550823518093431 ], [ 80.985686338262738, 15.54572218079147 ], [ 80.966523320402374, 15.542465692750838 ], [ 80.947134686085107, 15.541084813615178 ], [ 80.927703573549124, 15.54159258668439 ], [ 80.90841352226694, 15.543984215712189 ], [ 80.908156496945026, 15.544041848130878 ], [ 80.900298487584564, 15.539397495660827 ], [ 80.882435934087212, 15.531091263526825 ], [ 80.863842884306251, 15.524582591653676 ], [ 80.844699720717401, 15.519934624622817 ], [ 80.825192162784745, 15.517192455187182 ], [ 80.805509465183377, 15.516382686799002 ], [ 80.785842581724722, 15.517513175513539 ], [ 80.766382312797646, 15.52057295377273 ], [ 80.747317454297843, 15.525532336808121 ], [ 80.728832966004134, 15.532343210630861 ], [ 80.711108177171269, 15.540939498814733 ], [ 80.694315046747846, 15.551237803543733 ], [ 80.678616495097984, 15.563138214704969 ], [ 80.664164823411937, 15.576525279177375 ], [ 80.651100236139627, 15.591269120912612 ], [ 80.639549480782094, 15.607226700941544 ], [ 80.629624618236932, 15.624243205082209 ], [ 80.621421935627467, 15.642153545886279 ], [ 80.615021012162799, 15.660783964252735 ], [ 80.612103556959994, 15.673110631090022 ], [ 80.608336004641757, 15.672209672810782 ], [ 80.60261634677029, 15.671406904320175 ], [ 80.584022784726955, 15.661754265195356 ], [ 80.567836698993702, 15.654248119341336 ], [ 80.562199369221176, 15.652222326933003 ], [ 80.55608538335369, 15.647761929454528 ], [ 80.546889420353722, 15.641658413454532 ], [ 80.527961867949216, 15.63054164268619 ], [ 80.50793004698248, 15.62156606576333 ], [ 80.487035258180953, 15.614839801325996 ], [ 80.477787673107699, 15.612414061649453 ], [ 80.438969697909016, 15.575945699682222 ], [ 80.414690551932992, 15.516445967351327 ], [ 80.41337146428981, 15.50793726360064 ], [ 80.410951368273032, 15.498507325129184 ], [ 80.410951433938294, 15.48683775177361 ], [ 80.409028021489519, 15.46730652440289 ], [ 80.405199607097543, 15.448057846492496 ], [ 80.399503055364477, 15.429277067584064 ], [ 80.391993219577287, 15.411145031721972 ], [ 80.382742413513938, 15.393836336068251 ], [ 80.371839715118981, 15.377517649670027 ], [ 80.368897256170953, 15.373549788568837 ], [ 80.358657487290714, 15.355128243301349 ], [ 80.350436952854594, 15.341625280992279 ], [ 80.341175627191888, 15.328813761780841 ], [ 80.33018929819184, 15.314816365780862 ], [ 80.312847892949364, 15.295457305619424 ], [ 80.302341493079766, 15.285161033534189 ], [ 80.302205243330064, 15.284808048242969 ], [ 80.289479724691773, 15.257787417246552 ], [ 80.2811685403599, 15.182222128804558 ], [ 80.279006064541548, 15.167574219191827 ], [ 80.275765824121478, 15.15312643736527 ], [ 80.253500370154569, 15.068628730891596 ], [ 80.254188902217351, 15.033694766611477 ], [ 80.255422123599246, 15.026739971699083 ], [ 80.26134686305025, 15.01046722898279 ], [ 80.266839598367255, 14.992907314528759 ], [ 80.27069538249269, 14.97491693749898 ], [ 80.27288158385447, 14.956648350785683 ], [ 80.273354836248544, 14.939174239081886 ], [ 80.30067064071568, 14.80601833546209 ], [ 80.309020187567427, 14.796500568071906 ], [ 80.316995447567393, 14.786368732071935 ], [ 80.328137117575977, 14.770723108588028 ], [ 80.337726585780999, 14.754080859811941 ], [ 80.345675407955085, 14.736595478179702 ], [ 80.35191027164538, 14.718428232391087 ], [ 80.356373672338549, 14.699746680018961 ], [ 80.357024084785394, 14.696299494260517 ], [ 80.360550700848634, 14.688540940077056 ], [ 80.368126470599137, 14.669288087093747 ], [ 80.368608444720934, 14.667555926002134 ], [ 80.369134577643791, 14.66675716376889 ], [ 80.378218903758167, 14.649518290203751 ], [ 80.385582524648711, 14.631477202926998 ], [ 80.391155540455131, 14.612805158647685 ], [ 80.394885048803403, 14.593679403493253 ], [ 80.396735646986585, 14.574281490484076 ], [ 80.396689768028267, 14.554795556124432 ], [ 80.394747847438722, 14.535406572469503 ], [ 80.393852665438757, 14.529425127469471 ], [ 80.38974605044092, 14.50918782604729 ], [ 80.38566275573487, 14.496149428940383 ], [ 80.383746114736567, 14.483529407064077 ], [ 80.376699462879245, 14.450862810394421 ], [ 80.378600056593811, 14.396360489082319 ], [ 80.378028205014957, 14.372751338580079 ], [ 80.374284716014969, 14.327910843580062 ], [ 80.371731217195205, 14.308658431136747 ], [ 80.367322455437844, 14.289744453213611 ], [ 80.361100002692467, 14.271347257151668 ], [ 80.353122532914725, 14.253640317352389 ], [ 80.343465268806511, 14.236790599519315 ], [ 80.335417996004921, 14.225460575759065 ], [ 80.335463375308024, 14.222076557402158 ], [ 80.333807963739261, 14.202554081878146 ], [ 80.330250317006474, 14.183287255783215 ], [ 80.325839636092979, 14.167983038268604 ], [ 80.342988249155084, 14.081127946823004 ], [ 80.348320686981666, 14.066242826953713 ], [ 80.41647856637826, 13.928223121827026 ], [ 80.422983920604054, 13.913604180818677 ], [ 80.428299800358772, 13.89851198110353 ], [ 80.440425451358735, 13.85912396110354 ], [ 80.44518622427357, 13.84052879053834 ], [ 80.448142462203421, 13.821562874151363 ], [ 80.449266934846975, 13.802400909524282 ], [ 80.448549284536981, 13.783219400065217 ], [ 80.444724414537021, 13.738541665065167 ], [ 80.442115161658279, 13.719212838397285 ], [ 80.437635596950003, 13.700230076718158 ], [ 80.43623103468812, 13.696120087105669 ], [ 80.446595263103191, 13.662315831029527 ], [ 80.470512117642031, 13.609089104650819 ], [ 80.491982664262167, 13.561349669843768 ], [ 80.499576036639581, 13.54178034754081 ], [ 80.505076528887017, 13.521522947300527 ], [ 80.505172323548734, 13.520929856155149 ], [ 80.512450471231645, 13.505243514209777 ], [ 80.519449169231606, 13.487909529209784 ], [ 80.527262789208109, 13.464485733877458 ], [ 80.537272555208162, 13.426888077877456 ], [ 80.541933102862387, 13.404145482896977 ], [ 80.545757971862358, 13.377778294896983 ], [ 80.547732387667068, 13.355302231052249 ], [ 80.547162682147217, 13.332746805998772 ], [ 80.544884036147238, 13.304914774998769 ], [ 80.542232656344311, 13.284953358632427 ], [ 80.534899778602849, 13.245201439043802 ], [ 80.53382821633582, 13.231003243310592 ], [ 80.534002876269639, 13.229046701305711 ], [ 80.533797873386604, 13.209184964351449 ], [ 80.532414410386636, 13.186154365351468 ], [ 80.530314741782902, 13.166877596003584 ], [ 80.526358180812039, 13.147894759808194 ], [ 80.520581919389016, 13.129384296585741 ], [ 80.513560798352074, 13.112753227843891 ], [ 80.513645167716717, 13.111649914391423 ], [ 80.513314340632704, 13.092872348186555 ], [ 80.51122365810042, 13.074208600286228 ], [ 80.507391555049665, 13.055823241292016 ], [ 80.501851821665952, 13.037878387066494 ], [ 80.494653305440195, 13.020532269250532 ], [ 80.485859480447999, 13.003937840030327 ], [ 80.480081485448039, 12.994172215030327 ], [ 80.479357065186804, 12.993090281759306 ], [ 80.479224161819701, 12.992104977123196 ], [ 80.468152810892136, 12.933716780822543 ], [ 80.462963590861449, 12.825752175257835 ], [ 80.460757526825915, 12.804229405443467 ], [ 80.449282916825865, 12.731394119443481 ], [ 80.445660267676018, 12.713661521617935 ], [ 80.440449396616117, 12.696329025106971 ], [ 80.429034741834883, 12.663781833241933 ], [ 80.426815312849143, 12.64768187810458 ], [ 80.423526400725009, 12.629845714122675 ], [ 80.418635215511003, 12.612380835200907 ], [ 80.412181980564327, 12.595430866254839 ], [ 80.405671564564358, 12.580416217254873 ], [ 80.398122847424048, 12.564881633342253 ], [ 80.389261997650962, 12.550056257491994 ], [ 80.38532514131424, 12.544072235954776 ], [ 80.383054603240083, 12.534787356962546 ], [ 80.382655532571746, 12.530046019084558 ], [ 80.380538575806767, 12.513343570264523 ], [ 80.377024347652423, 12.49687834925143 ], [ 80.373362238652419, 12.482677502251446 ], [ 80.364906511896677, 12.457135435481838 ], [ 80.341224870896681, 12.39902996748183 ], [ 80.33482173570917, 12.384911176263671 ], [ 80.327344247281175, 12.371330764911265 ], [ 80.305552106988387, 12.335146625503388 ], [ 80.302792026312517, 12.326821745050822 ], [ 80.292670902069531, 12.305279467518218 ], [ 80.27159342906954, 12.266583178518189 ], [ 80.263096616942534, 12.252410901494279 ], [ 80.253458877129631, 12.238988412020909 ], [ 80.24466981412958, 12.227757943020912 ], [ 80.232178887570129, 12.213280427306902 ], [ 80.218362490261143, 12.20006192236257 ], [ 80.207722018577158, 12.191672699802952 ], [ 80.198738579554103, 12.176182026010419 ], [ 80.189295498945214, 12.161427932983596 ], [ 80.186256468289798, 12.157487429075708 ], [ 80.18236790860378, 12.149087622497863 ], [ 80.172610447210047, 12.132437651538021 ], [ 80.115074640210082, 12.044302885538025 ], [ 80.104813753651271, 12.030001855124217 ], [ 80.096155017303346, 12.019936280259783 ], [ 80.075916333639185, 11.979404943246307 ], [ 80.068013704784136, 11.965076938908977 ], [ 80.059955345214007, 11.952933382880586 ], [ 80.058637288504372, 11.942395794835473 ], [ 80.05361029780228, 11.921234958047059 ], [ 80.046315222192476, 11.900745118590581 ], [ 80.044117957192526, 11.895496095590605 ], [ 80.038429881337521, 11.883632406516242 ], [ 80.035136073439318, 11.871277140117074 ], [ 80.027258723100815, 11.850944233633689 ], [ 80.011692935603222, 11.816473462994457 ], [ 79.999081389577555, 11.75554768584691 ], [ 79.993930761866096, 11.735801423727489 ], [ 79.98679476428039, 11.716682810494106 ], [ 79.977747690375182, 11.698390891861422 ], [ 79.974917634556334, 11.693890819612362 ], [ 79.965300454582149, 11.645013895742236 ], [ 79.962579472108587, 11.61574822319635 ], [ 79.960611539220736, 11.600756216721068 ], [ 79.957516598782718, 11.585955731536755 ], [ 79.957428971359093, 11.585603684485051 ], [ 79.959304351855252, 11.583685727197658 ], [ 79.966628570855249, 11.575384946197655 ], [ 79.979508912249727, 11.559166422548598 ], [ 79.990642939021228, 11.541702827510777 ], [ 79.999911254402704, 11.523181433562613 ], [ 80.007214468755947, 11.503800856587096 ], [ 80.01247426538562, 11.483768925995964 ], [ 80.015634240375533, 11.463300456051764 ], [ 80.020923953375501, 11.411298503051762 ], [ 80.020998470759011, 11.409956369906363 ], [ 80.021897917895316, 11.407747608215915 ], [ 80.027674324691219, 11.387911123800725 ], [ 80.031373495169817, 11.367584561691107 ], [ 80.032955954281661, 11.34698483323209 ], [ 80.034487757216269, 11.285712715847971 ], [ 80.051596391187573, 11.198253378838801 ], [ 80.054569253071591, 11.177131198531418 ], [ 80.055275693714762, 11.155812536511096 ], [ 80.052183246714733, 11.002939815511102 ], [ 80.05100032115574, 10.984893236399813 ], [ 80.048192011182522, 10.967027298820373 ], [ 80.042680380150841, 10.939995994297821 ], [ 80.041623116869772, 10.934781114247091 ], [ 80.047116146071531, 10.819126052583814 ], [ 80.047126967736219, 10.818895393943775 ], [ 80.049649754736251, 10.764452034943771 ], [ 80.049863506495626, 10.755693403393314 ], [ 80.050214337129091, 10.615080471518931 ], [ 80.054530984538658, 10.596331207448012 ], [ 80.058065411614862, 10.576424824309086 ], [ 80.059572043237665, 10.556263318274469 ], [ 80.063722433237615, 10.383533825274506 ], [ 80.063097128229046, 10.362214723310577 ], [ 80.056017050229045, 10.27676550531057 ], [ 80.053646951390533, 10.258467637356434 ], [ 80.049600690095971, 10.240466051045573 ], [ 80.043912702996906, 10.222913953081733 ], [ 80.036631399035741, 10.205960724693124 ], [ 80.031260305035744, 10.194893015693093 ], [ 80.021429641236566, 10.177018704773774 ], [ 80.009829365141059, 10.16023876031376 ], [ 79.996580158174595, 10.144727749504245 ], [ 79.981819856123892, 10.130647038409098 ], [ 79.965702015186707, 10.118143113221509 ], [ 79.948394314477085, 10.107346056320715 ], [ 79.930076811605204, 10.098368192982926 ], [ 79.910940069479906, 10.091302922825138 ], [ 79.891183173820977, 10.086223748138696 ], [ 79.885081624188871, 10.084983002308283 ], [ 79.875981083201268, 10.082049770291544 ], [ 79.861476347257337, 10.077971002243263 ], [ 79.846705710644414, 10.074995769875237 ], [ 79.841677505635332, 10.074178686593442 ], [ 79.825042699947005, 10.068737791227678 ], [ 79.812347387947, 10.065279132227632 ], [ 79.79390610233348, 10.061179795628934 ], [ 79.775160305313008, 10.058838712611301 ], [ 79.756277249499561, 10.058276770643737 ], [ 79.737425412149236, 10.059498983450808 ], [ 79.718772991982661, 10.062494446279484 ], [ 79.552130361008281, 10.097400341252495 ], [ 79.548820888325892, 10.097643684799836 ], [ 79.534010486339014, 10.099289323819022 ], [ 79.519363721340909, 10.102033118615367 ], [ 79.512527784340904, 10.103579342615404 ], [ 79.493799945929112, 10.108783808837137 ], [ 79.489144239885988, 10.110580413344513 ], [ 79.470015137440825, 10.108559757595808 ], [ 79.465234908641875, 10.108570845672336 ], [ 79.46644395458739, 10.105751917386469 ], [ 79.472286992280743, 10.087454037513741 ], [ 79.476347766481808, 10.068680023286337 ], [ 79.478588821269497, 10.049603043159458 ], [ 79.478989485518753, 10.030399060096505 ], [ 79.477546063567715, 10.011245208515321 ], [ 79.474271869305767, 9.992318160429109 ], [ 79.469197103368515, 9.9737924958525 ], [ 79.462368574571997, 9.955839092503892 ], [ 79.453849268155722, 9.938623549657141 ], [ 79.443717764817109, 9.922304660680789 ], [ 79.432067515895923, 9.907032948353839 ], [ 79.41900598139425, 9.892949276468123 ], [ 79.404653638782975, 9.880183550523574 ], [ 79.389142871737121, 9.868853519501018 ], [ 79.367697341402433, 9.854715860747344 ], [ 79.352250568958141, 9.839300230909956 ], [ 79.312927319063689, 9.786140009765447 ], [ 79.300162787621574, 9.760661599032836 ], [ 79.291704460861979, 9.745466488091729 ], [ 79.28195809533544, 9.731063604800248 ], [ 79.280038183705827, 9.728698596227165 ], [ 79.279995177505114, 9.728571917064961 ], [ 79.271642278619552, 9.710260214305469 ], [ 79.261491227030533, 9.692880757197109 ], [ 79.249644824817324, 9.676609551576522 ], [ 79.233368782817308, 9.656467949576498 ], [ 79.222813206441188, 9.644425447299207 ], [ 79.211328007653464, 9.633266044871798 ], [ 79.188231451996302, 9.612556294421402 ], [ 79.171284224920768, 9.589179579125348 ], [ 79.170784087197987, 9.587269330492123 ], [ 79.163872434821698, 9.565864494066625 ], [ 79.1546010005234, 9.545371117892232 ], [ 79.143087053567186, 9.526048411392821 ], [ 79.138611141567154, 9.519415924392774 ], [ 79.127150460563968, 9.504154804414229 ], [ 79.142443897932807, 9.490747816371696 ], [ 79.204101364124085, 9.489513192856213 ], [ 79.212869698191554, 9.49403307130879 ], [ 79.235818916191505, 9.504693878308812 ], [ 79.253774410854035, 9.511999078069886 ], [ 79.272352780065617, 9.517531702181765 ], [ 79.29137949596354, 9.521239776380696 ], [ 79.310675818852076, 9.523088466486278 ], [ 79.330060476308788, 9.523060405638736 ], [ 79.349351366083638, 9.521155857445693 ], [ 79.368367266793641, 9.517392713505801 ], [ 79.386929540342493, 9.5118063253325 ], [ 79.40792563434249, 9.504360036332471 ], [ 79.425687638774988, 9.497083414572165 ], [ 79.442670280975918, 9.488137583723219 ], [ 79.45762051516202, 9.478324729279072 ], [ 79.456722369247842, 9.484421512920454 ], [ 79.45577233200008, 9.503892320000091 ], [ 79.45577233200008, 9.544867255000042 ], [ 79.456594694037477, 9.562985437459508 ], [ 79.459055017356434, 9.580954622864564 ], [ 79.463133069191983, 9.598627039456009 ], [ 79.466062756191931, 9.609125086456007 ], [ 79.472390257248506, 9.628083438892039 ], [ 79.480578343930432, 9.646315598204614 ], [ 79.490545246647656, 9.66363949057715 ], [ 79.502191431824031, 9.679882112519042 ], [ 79.515400595880422, 9.694881258549442 ], [ 79.53004082668987, 9.708487141047675 ], [ 79.545965920906241, 9.720563886093817 ], [ 79.563016844010704, 9.730990890361369 ], [ 79.581023318495667, 9.739664025511498 ], [ 79.599805524325731, 9.746496678061327 ], [ 79.619175894694337, 9.751420614341663 ], [ 79.638940989142725, 9.754386661906405 ], [ 79.648583622193158, 9.754859334146817 ], [ 79.648981601765442, 9.756471931600906 ], [ 79.655240756522701, 9.774352757358132 ], [ 79.659350905080302, 9.783279912606689 ], [ 79.659374588652923, 9.783417390953769 ], [ 79.665628738706147, 9.804944470007221 ], [ 79.671895014706109, 9.822726046007226 ], [ 79.679664628810926, 9.841631203356304 ], [ 79.689323201669296, 9.859644638566476 ], [ 79.7007698562782, 9.876578213971438 ], [ 79.713885040377932, 9.892255070281349 ], [ 79.728531775091255, 9.906511473753771 ], [ 79.744557085571614, 9.919198526277492 ], [ 79.761793598717702, 9.930183720508625 ], [ 79.780061291267984, 9.939352323816637 ], [ 79.799169370016983, 9.946608576586023 ], [ 79.818918264516242, 9.951876692358166 ], [ 79.825416230549308, 9.953258722473965 ], [ 79.835596405720551, 9.962587044260998 ], [ 79.852436272737435, 9.976408455537207 ], [ 79.870679538932492, 9.988316258413862 ], [ 79.890109742237215, 9.998169163079467 ], [ 79.907850627237238, 10.005981663079467 ], [ 79.927231378422718, 10.013342256627283 ], [ 79.947269960902887, 10.018657053526001 ], [ 79.96775106418994, 10.021868947365318 ], [ 79.988454623000052, 10.02294342700004 ], [ 79.988536004000082, 10.02294342700004 ], [ 80.005969395321685, 10.02218217038854 ], [ 80.064344669078693, 10.017074333561204 ], [ 80.085411504291386, 10.019408085014939 ], [ 80.10782506380886, 10.020623705710285 ], [ 80.122798189194413, 10.019752657359099 ], [ 80.124845682937206, 10.020222215666168 ], [ 80.131806579898907, 10.02138232364026 ], [ 80.152639912898948, 10.024840982640249 ], [ 80.175583367902362, 10.027300606117832 ], [ 80.217005894902371, 10.029335112117861 ], [ 80.240261693699381, 10.029123519952082 ], [ 80.263335697808273, 10.026213660279453 ], [ 80.283273848808236, 10.022510860279411 ], [ 80.303927469512374, 10.017527373121512 ], [ 80.32393589318832, 10.010381033187864 ], [ 80.343073321177158, 10.001152488209614 ], [ 80.361123784162913, 9.989945883976235 ], [ 80.374958419162937, 9.980302328976267 ], [ 80.390507031636886, 9.968287361443879 ], [ 80.404801559305398, 9.954804584526501 ], [ 80.417704017523619, 9.939984147063434 ], [ 80.42908985925115, 9.923969110290921 ], [ 80.438849177300909, 9.906914066876341 ], [ 80.446887765269835, 9.888983648639854 ], [ 80.451091447737397, 9.87643193106684 ], [ 80.544046145279296, 9.768283270982744 ], [ 80.566737557289287, 9.755448440810474 ], [ 80.580475424256036, 9.746927342529757 ], [ 80.593480217635985, 9.737324558878608 ], [ 80.869603264635984, 9.515644871878603 ], [ 80.883136319813389, 9.503738496028216 ], [ 80.895542433078873, 9.490662039246301 ], [ 80.906720834112448, 9.476521716808035 ], [ 80.913424914086917, 9.466261959643258 ], [ 80.921511981934742, 9.458726282879155 ], [ 80.932668642883229, 9.447472172879115 ], [ 80.942899265254269, 9.435370088706794 ], [ 80.951338105036371, 9.424545267374386 ], [ 80.963972932240949, 9.41325469580792 ], [ 80.976653533190003, 9.399596677637369 ], [ 80.988007735629509, 9.38481759824321 ], [ 80.997936945597857, 9.369045791429118 ], [ 81.006354943023467, 9.352418211325004 ], [ 81.013188630414945, 9.335079243148904 ], [ 81.019214384394388, 9.317419148868252 ], [ 81.022517395040964, 9.310910275037335 ], [ 81.022664925278846, 9.310618964629686 ], [ 81.060669482278868, 9.235423652629681 ], [ 81.068063815289605, 9.218917605918357 ], [ 81.072464513127997, 9.211655084879871 ], [ 81.081001515351062, 9.193787723433479 ], [ 81.087729786193123, 9.175163723232428 ], [ 81.089324907456714, 9.168854311779736 ], [ 81.101324272129162, 9.157734724277162 ], [ 81.114351471232538, 9.143036238408168 ], [ 81.125874159490877, 9.127130860115859 ], [ 81.135781213998882, 9.110171978245418 ], [ 81.142399508211057, 9.0957587765983 ], [ 81.168149334331247, 9.06493437826953 ], [ 81.178174686419212, 9.051876479335721 ], [ 81.187092152992008, 9.038038300301757 ], [ 81.194209711199406, 9.025925805840378 ], [ 81.203074625111242, 9.019522459808417 ], [ 81.217723062111247, 9.007803709808417 ], [ 81.232740773717353, 8.994500924961098 ], [ 81.246350185673435, 8.979760516120496 ], [ 81.258414354718838, 8.963730807083142 ], [ 81.268811886435387, 8.946573095091694 ], [ 81.275375448275483, 8.932791213381762 ], [ 81.282899800173936, 8.926764434492043 ], [ 81.297290874699186, 8.912635326354371 ], [ 81.310185838817432, 8.897128727012579 ], [ 81.321453571787259, 8.880402313276273 ], [ 81.330979499152534, 8.862626165476794 ], [ 81.337862180784995, 8.848063141390284 ], [ 81.339634893168224, 8.846440020109865 ], [ 81.352705912884815, 8.831879613194701 ], [ 81.364291585879585, 8.816111633386729 ], [ 81.374281020750672, 8.799287002724432 ], [ 81.377954692545245, 8.791441541893661 ], [ 81.381518777623498, 8.787197590496001 ], [ 81.392307826352578, 8.771543399170183 ], [ 81.401585170352575, 8.756610131170133 ], [ 81.410688203390023, 8.740305452239896 ], [ 81.418230872591479, 8.723222832217886 ], [ 81.424147423273865, 8.705511192160513 ], [ 81.427437475341364, 8.69139564711781 ], [ 81.433232709638062, 8.688001662792118 ], [ 81.433341334790853, 8.688192076286555 ], [ 81.445466985790816, 8.68127475828652 ], [ 81.462072521203027, 8.670685415099255 ], [ 81.477556044447311, 8.658514198914837 ], [ 81.491767412574674, 8.644879133406659 ], [ 81.502835120574659, 8.633160383406659 ], [ 81.516498461326634, 8.617071053910408 ], [ 81.528389992431144, 8.599631303564308 ], [ 81.536690773431147, 8.585959428564308 ], [ 81.545561225155197, 8.569696119090285 ], [ 81.552888842260288, 8.552681825793247 ], [ 81.558610757428198, 8.535062522865843 ], [ 81.562677879466463, 8.516989375183099 ], [ 81.567675041360189, 8.488729562948453 ], [ 81.579827963779607, 8.448662896749713 ], [ 81.584109015302062, 8.431999348126116 ], [ 81.586942097740561, 8.415029524945965 ], [ 81.587672146004621, 8.405851119416452 ], [ 81.592381713885004, 8.391267304418994 ], [ 81.596563344372456, 8.372003798109434 ], [ 81.601005296921002, 8.345238185486476 ], [ 81.605227076965448, 8.330596693743413 ], [ 81.60632101962338, 8.326904636537703 ], [ 81.61021641291785, 8.311549175494193 ], [ 81.612884245723876, 8.295933576213459 ], [ 81.612945418201008, 8.295464195236491 ], [ 81.632263294253576, 8.230681397990116 ], [ 81.634663534941765, 8.220463901422461 ], [ 81.639372894332553, 8.212846517075855 ], [ 81.6457620419351, 8.201296865043144 ], [ 81.647471025935104, 8.198204418043115 ], [ 81.655750077910895, 8.181411424155678 ], [ 81.658719883820368, 8.173625264716465 ], [ 81.674265794835435, 8.163978305402631 ], [ 81.689632351928225, 8.152245686427841 ], [ 81.703794272382495, 8.139084173067271 ], [ 81.716619218211889, 8.124616754867514 ], [ 81.727987344970757, 8.108978624580043 ], [ 81.737792421656835, 8.092315914834211 ], [ 81.745041921052604, 8.076722181060472 ], [ 81.745097581974591, 8.076745574782457 ], [ 81.745724474907021, 8.075254002016516 ], [ 81.745942823401222, 8.07478433258107 ], [ 81.746050844304918, 8.074477467970002 ], [ 81.74745760797461, 8.071130340782453 ], [ 81.747695653821481, 8.070561502428701 ], [ 81.750543961821492, 8.063725564428649 ], [ 81.756884464349881, 8.046265498089488 ], [ 81.761177118977457, 8.029826547912547 ], [ 81.7661974588557, 8.021598767639427 ], [ 81.775568131930996, 8.004400083930696 ], [ 81.783211640987489, 7.986367308090565 ], [ 81.789054683964025, 7.96767337634865 ], [ 81.789901218222042, 7.963601430569418 ], [ 81.800488933875002, 7.949867369148298 ], [ 81.810715356824446, 7.93357530349814 ], [ 81.819329349761801, 7.91637616819531 ], [ 81.819407918432532, 7.916172454723051 ], [ 81.833759810403407, 7.907848813453425 ], [ 81.849590169904602, 7.896473968236907 ], [ 81.864237990603698, 7.883612058020928 ], [ 81.877096063603716, 7.871160886020929 ], [ 81.890705885964238, 7.856599242505697 ], [ 81.902798742221634, 7.840755267181073 ], [ 81.913254529535791, 7.823786317944577 ], [ 81.921969403973904, 7.805860925617562 ], [ 81.927234979481128, 7.793499028634367 ], [ 81.936760847065685, 7.777502541001425 ], [ 81.946227189534241, 7.756378348516368 ], [ 81.948424454534191, 7.750600353516408 ], [ 81.948826675025273, 7.749533519447405 ], [ 81.950831462303398, 7.744169834447342 ], [ 81.964009791371268, 7.723366585274973 ], [ 81.975201731184413, 7.705727115621351 ], [ 81.984460050391377, 7.68950761115154 ], [ 81.992165088089749, 7.672495227607457 ], [ 81.998249658508229, 7.654838308210047 ], [ 82.002660705896517, 7.636690816352421 ], [ 82.019587788896501, 7.549491923352428 ], [ 82.02117060360618, 7.538560980933522 ], [ 82.021191768832111, 7.538514487326305 ], [ 82.024284216832129, 7.530620606326274 ], [ 82.030018296188899, 7.513824815721011 ], [ 82.031732463555969, 7.506826947583887 ], [ 82.033900764490795, 7.503022099197614 ], [ 82.041563253920359, 7.486092908159087 ], [ 82.047621429425149, 7.468525615737367 ], [ 82.07260515242514, 7.38344260773734 ], [ 82.077341498469011, 7.363630966367258 ], [ 82.080038087863869, 7.34344031226048 ], [ 82.080666947936862, 7.323080090193111 ], [ 82.076419168314757, 7.111460099921573 ], [ 82.080768907607037, 7.096460403142236 ], [ 82.085447404513914, 7.076584466081402 ], [ 82.088074916374367, 7.056335086121094 ], [ 82.089702520374388, 7.035501753121109 ], [ 82.090206544737583, 7.013489301967914 ], [ 82.08828781386724, 6.991554842362588 ], [ 82.082591198867263, 6.95180061036258 ], [ 82.076689950727655, 6.924432853799379 ], [ 82.035064612338743, 6.780987228424599 ], [ 82.0347683436094, 6.774419941442742 ], [ 82.031485600535646, 6.746255008758983 ], [ 82.028067632535695, 6.728188602758981 ], [ 82.02356171806629, 6.709394831626589 ], [ 82.017262883951304, 6.69112371268509 ], [ 82.009229946987077, 6.673545856663634 ], [ 82.004440941693275, 6.664278996335661 ], [ 82.003712115499837, 6.661797479465642 ], [ 81.998015500499804, 6.644707635465645 ], [ 81.992112517807982, 6.629180229386303 ], [ 81.984941333023258, 6.614196249507903 ], [ 81.984830981044141, 6.614007673508095 ], [ 81.983330944002958, 6.603082523070859 ], [ 81.979230574861347, 6.585363972439183 ], [ 81.973537605375242, 6.568091156744718 ], [ 81.96255127737524, 6.539241872744729 ], [ 81.954426217405654, 6.520767398411699 ], [ 81.944480619637716, 6.503205852738566 ], [ 81.850323717637707, 6.354931113738579 ], [ 81.83743504032627, 6.336921793441716 ], [ 81.82263424910056, 6.320447868606204 ], [ 81.791221489100536, 6.289157178606155 ], [ 81.778789723578925, 6.277776136880719 ], [ 81.765443841142655, 6.267482239332265 ], [ 81.707419753142688, 6.226507304332314 ], [ 81.689080946689913, 6.214992080452308 ], [ 81.669604684459017, 6.205527017714422 ], [ 81.654087117746755, 6.199967183843237 ], [ 81.485327226801758, 6.067903875673946 ], [ 81.471570228155556, 6.058047500853935 ], [ 81.457029207595681, 6.049389449258933 ], [ 81.419919832595681, 6.02936991825893 ], [ 81.406038346799434, 6.022560311563049 ], [ 81.391672293977052, 6.016843414015562 ], [ 81.271148204977038, 5.974200184015552 ], [ 81.270162257680425, 5.973913047054978 ], [ 81.265577410119391, 5.971337481426281 ], [ 81.247295896716636, 5.963347677024784 ], [ 81.243493009404418, 5.962120153637113 ], [ 81.237328695720436, 5.958414638965397 ], [ 81.214559679810307, 5.94664399367203 ], [ 81.192831163810254, 5.937122509672026 ], [ 81.173920174726902, 5.929952143157224 ], [ 81.154381711295798, 5.924728340823846 ], [ 81.061928078168407, 5.904958154119115 ], [ 81.022727195393415, 5.891553981650188 ], [ 81.008314588367739, 5.887224160409568 ], [ 80.993617216293146, 5.883990300895984 ], [ 80.985859926673783, 5.882587144027716 ], [ 80.985811056947199, 5.882544864976706 ], [ 80.970269694634311, 5.871500117681757 ], [ 80.953747241743002, 5.86198544817601 ], [ 80.93639385448428, 5.854087325867596 ], [ 80.91836724060876, 5.847877528968142 ], [ 80.899831226157005, 5.843412492171693 ], [ 80.882805430892589, 5.840995577724218 ], [ 80.868692750061484, 5.830612464015891 ], [ 80.865622665642931, 5.827063558921811 ], [ 80.851542260826605, 5.812369738653489 ], [ 80.836041512750597, 5.799182890548138 ], [ 80.819280918545232, 5.787639553259791 ], [ 80.801434019981471, 5.77785924827864 ], [ 80.782685606592736, 5.769943242387124 ], [ 80.76322980233563, 5.763973499128099 ], [ 80.743268055600652, 5.760011830141692 ], [ 80.723007053384535, 5.758099255158078 ], [ 80.711833113385936, 5.758185087757797 ], [ 80.707267443309945, 5.755132878354854 ], [ 80.689048433379739, 5.745503851757039 ], [ 80.669935320679144, 5.737800644700716 ], [ 80.650131015018346, 5.732105036449473 ], [ 80.643132317018328, 5.730477432449509 ], [ 80.640975242302204, 5.729988344047581 ], [ 80.633976544302186, 5.728442120047544 ], [ 80.614768371198778, 5.725170485567999 ], [ 80.595332997317186, 5.723783493058587 ], [ 80.575854892296888, 5.724294307072233 ], [ 80.556518931357274, 5.726698079249576 ], [ 80.537508640566102, 5.730971994336859 ], [ 80.519004454913173, 5.737075486735496 ], [ 80.512271718805877, 5.739666269926865 ], [ 80.50516555958761, 5.738826723749701 ], [ 80.48456775503881, 5.7374659401579 ], [ 80.463939400906597, 5.73823554395915 ], [ 80.44350025170985, 5.741127336539448 ], [ 80.426980069709884, 5.744341854539498 ], [ 80.40802257700426, 5.749001237207037 ], [ 80.389609645363336, 5.75548663040353 ], [ 80.37220205802933, 5.7636031935193 ], [ 80.356610510185888, 5.765840651431297 ], [ 80.356210091151766, 5.765898526785371 ], [ 80.349781054151734, 5.766834399785374 ], [ 80.332075691746567, 5.770232902621939 ], [ 80.32726343302555, 5.771615722078017 ], [ 80.316110674254503, 5.772487282566461 ], [ 80.297691965663859, 5.775677192930384 ], [ 80.279651523964887, 5.780572784578339 ], [ 80.262146943399912, 5.78713129153657 ], [ 80.245331137137924, 5.795295421253599 ], [ 80.229351001485057, 5.804993855085565 ], [ 80.222449231080589, 5.810121593908756 ], [ 80.219921240699136, 5.810638950223658 ], [ 80.219076266127345, 5.810813775244056 ], [ 80.206625094127347, 5.813417941244024 ], [ 80.188494766503425, 5.818105581075688 ], [ 80.170882348556191, 5.82446840128327 ], [ 80.153942249563286, 5.832450618585056 ], [ 80.153115470198642, 5.832939509243621 ], [ 80.147689107245682, 5.834242774751628 ], [ 80.129171327640421, 5.840663135380217 ], [ 80.111370877681438, 5.848865157897142 ], [ 80.094458699180279, 5.858770076395326 ], [ 80.078597203673581, 5.870282771666255 ], [ 80.059961135673547, 5.885256729666239 ], [ 80.040048652072983, 5.903607902750482 ], [ 79.967346316140919, 5.980341187795358 ], [ 79.961764778394766, 5.985058185113415 ], [ 79.950145820093795, 5.99663746894059 ], [ 79.942912696588351, 6.005137151024177 ], [ 79.942827021840174, 6.005065542306165 ], [ 79.940548376840184, 6.007791779306154 ], [ 79.939751168070771, 6.008852280079752 ], [ 79.939514856310751, 6.009129971291757 ], [ 79.938782434310752, 6.010065843291772 ], [ 79.938817983786521, 6.010093664637146 ], [ 79.928152146988978, 6.024282078775185 ], [ 79.917520574327369, 6.041961619319081 ], [ 79.90876677785586, 6.06064229217735 ], [ 79.906770090412337, 6.066377547181626 ], [ 79.897527116165364, 6.083428034070604 ], [ 79.851384538165419, 6.180433243070635 ], [ 79.842510584082135, 6.20234036087256 ], [ 79.836283078674256, 6.225141392600409 ], [ 79.834329953674256, 6.234418735600359 ], [ 79.832297704533303, 6.247372009463094 ], [ 79.827731370094256, 6.261415288680635 ], [ 79.823727992578725, 6.278956153053716 ], [ 79.821237916674662, 6.292687486317244 ], [ 79.819220835600973, 6.296284316748284 ], [ 79.811145661183375, 6.312333669689787 ], [ 79.80454335649722, 6.329042940905096 ], [ 79.799467200519103, 6.34627729068109 ], [ 79.794895618586025, 6.364837268734136 ], [ 79.788350214298163, 6.376404473154954 ], [ 79.785583287298181, 6.381897637154927 ], [ 79.777920167642279, 6.399077815822964 ], [ 79.771905104087836, 6.416901983471476 ], [ 79.767591312194128, 6.43521244882395 ], [ 79.765016956287496, 6.453847218304474 ], [ 79.764204811819596, 6.472641429202769 ], [ 79.765162063871969, 6.491428808222593 ], [ 79.767016825790265, 6.504130381319703 ], [ 79.76251744187762, 6.515624901504935 ], [ 79.676840613246782, 6.734210654319856 ], [ 79.670606387727531, 6.752732304889092 ], [ 79.666209578152646, 6.771773974280085 ], [ 79.652619083152686, 6.847294808280059 ], [ 79.652414874684183, 6.848448962823508 ], [ 79.651112791684142, 6.855935941823528 ], [ 79.648895927822736, 6.873006356103903 ], [ 79.648155144000029, 6.890204169000071 ], [ 79.648155144000029, 6.962144273000092 ], [ 79.649083210098937, 6.981389145898563 ], [ 79.65185879532882, 7.000455413655885 ], [ 79.654219345885537, 7.010062608223545 ], [ 79.621307997889303, 7.126203843360612 ], [ 79.616577582582536, 7.14711000995836 ], [ 79.614111697882223, 7.168402357020912 ], [ 79.613938667225511, 7.189836318184897 ], [ 79.616060478062565, 7.211165700490983 ], [ 79.620452759028453, 7.232145512184705 ], [ 79.627044556028451, 7.256925786184671 ], [ 79.62814812279079, 7.260390319034073 ], [ 79.590284010802193, 7.535375302679273 ], [ 79.590087720111683, 7.535851677868534 ], [ 79.58436242867927, 7.55496404066039 ], [ 79.580569850975806, 7.574551733935421 ], [ 79.578747728968523, 7.594419830091424 ], [ 79.578914195567151, 7.614370611087293 ], [ 79.581067594173618, 7.634205536040901 ], [ 79.585186495167733, 7.653727217015504 ], [ 79.589583688125501, 7.667561939949796 ], [ 79.588411159693607, 7.67489024104828 ], [ 79.586510870901193, 7.69085951812924 ], [ 79.585899772303847, 7.706929846890262 ], [ 79.585935776823007, 7.723239936100704 ], [ 79.569400509233034, 7.803725204892841 ], [ 79.568264642704889, 7.806078627060802 ], [ 79.561487792467602, 7.821806603342591 ], [ 79.556081327749538, 7.838056682613528 ], [ 79.552084890768967, 7.854709713224187 ], [ 79.545614307485408, 7.887871451750779 ], [ 79.536290205589864, 7.911135318042105 ], [ 79.530885676066575, 7.92637716310456 ], [ 79.526730236647609, 7.942005825987589 ], [ 79.501583752647662, 8.054758103987606 ], [ 79.497990521314307, 8.076394055879613 ], [ 79.49678795700008, 8.09829336100006 ], [ 79.49678795700008, 8.13031647300005 ], [ 79.497780794702905, 8.15021997405951 ], [ 79.500749450544319, 8.169925865656273 ], [ 79.50198873733278, 8.174795426735432 ], [ 79.500060136755735, 8.183031537684737 ], [ 79.497482752436952, 8.202405197811567 ], [ 79.496808641224263, 8.221937918838332 ], [ 79.498044240569911, 8.241443172256158 ], [ 79.501177751068013, 8.260734691859206 ], [ 79.506179249133439, 8.279628252501343 ], [ 79.513000972758263, 8.297943429361617 ], [ 79.521577777617026, 8.315505320918376 ], [ 79.531827759165083, 8.332146219178419 ], [ 79.543653034789372, 8.347707211211253 ], [ 79.556940678542404, 8.36203969669455 ], [ 79.557551169103746, 8.362581051610617 ], [ 79.561219138627763, 8.372602469912525 ], [ 79.569820515251052, 8.392643262878199 ], [ 79.580552817248332, 8.411628382218041 ], [ 79.610093833248328, 8.457811650218034 ], [ 79.62157481994852, 8.473941876752356 ], [ 79.634594398319877, 8.488857903123044 ], [ 79.649024977384983, 8.502413553292046 ], [ 79.662848071273856, 8.513033832604343 ], [ 79.664029836164559, 8.516266668136605 ], [ 79.668358680489973, 8.525187757866842 ], [ 79.668855678128892, 8.535997504471171 ], [ 79.671379848153194, 8.554194587127963 ], [ 79.675563127056989, 8.57208328269647 ], [ 79.681341122057006, 8.592509714696435 ], [ 79.688128377663858, 8.612434601162457 ], [ 79.696972150084463, 8.631535795594457 ], [ 79.707774479518264, 8.649601719821034 ], [ 79.720415711819172, 8.666432263046696 ], [ 79.734755823868554, 8.68184099841881 ], [ 79.744812090834046, 8.691566071076306 ], [ 79.744968232150171, 8.691976057937339 ], [ 79.74515095600789, 8.692341044182445 ], [ 79.74544122267659, 8.693056046254146 ], [ 79.747097546761879, 8.711230025711059 ], [ 79.739982412652054, 8.729570726655933 ], [ 79.734150545129808, 8.746918932231798 ], [ 79.729928986303293, 8.764727619903097 ], [ 79.727353088658134, 8.782847654859498 ], [ 79.72644442346413, 8.80112729498355 ], [ 79.727210600131613, 8.819413461580565 ], [ 79.728796221078497, 8.831227491820243 ], [ 79.729177454680865, 8.846511498548161 ], [ 79.727971400489039, 8.847814724579443 ], [ 79.721879591211632, 8.851939389456922 ], [ 79.708581206903233, 8.862710257923165 ], [ 79.692649000855042, 8.87678475590376 ], [ 79.692319568131623, 8.876820883282084 ], [ 79.674992152375708, 8.879494173328457 ], [ 79.657965435170397, 8.883674689763113 ], [ 79.641370260799917, 8.889330306799618 ], [ 79.63022117179996, 8.893684148799618 ], [ 79.611442185763622, 8.902156671988649 ], [ 79.59363441781872, 8.912516081554955 ], [ 79.576986823504512, 8.924652455366406 ], [ 79.561676047932878, 8.938437016191344 ], [ 79.547864551433648, 8.953723498134343 ], [ 79.535698885712648, 8.970349698641568 ], [ 79.533258550770739, 8.974527679418907 ], [ 79.522571805864303, 8.969068716224179 ], [ 79.504646461692303, 8.961994755949311 ], [ 79.486123518257415, 8.956678794685057 ], [ 79.467174942046753, 8.953170185666641 ], [ 79.44797665111021, 8.95150150272174 ], [ 79.428706881842132, 8.951688237855993 ], [ 79.409544534239743, 8.953728657425655 ], [ 79.390667511000501, 8.957603818232693 ], [ 79.372251065878501, 8.963277743392904 ], [ 79.354466176633522, 8.970697756344306 ], [ 79.338190134633507, 8.978428876344323 ], [ 79.322382321009343, 8.986824274632358 ], [ 79.307388399975665, 8.996599345784391 ], [ 79.293328461476079, 9.007675798889018 ], [ 79.246828431327756, 9.047807607890499 ], [ 79.230669698754767, 9.056532168030335 ], [ 79.207526663534438, 9.059436759369381 ], [ 79.186520198711179, 9.063221115902421 ], [ 79.183885309885653, 9.063993114058011 ], [ 79.18187668558889, 9.063339587945825 ], [ 79.162705138547196, 9.059125434178524 ], [ 79.143212823224161, 9.056810925311886 ], [ 79.12358750290835, 9.056418356275424 ], [ 79.118881370455753, 9.056555307174081 ], [ 79.106314341411689, 9.054729426903751 ], [ 79.086980785261105, 9.053811028388967 ], [ 79.067648990158702, 9.054765778292653 ], [ 79.048500012791621, 9.057584734669497 ], [ 79.029713197622456, 9.062241495889435 ], [ 79.011464497194595, 9.068692447908623 ], [ 79.007969285472925, 9.070121816846756 ], [ 79.007160504139037, 9.06973060102232 ], [ 78.988834822952867, 9.062981992931704 ], [ 78.969938328056301, 9.058052816253793 ], [ 78.959440281056303, 9.055855550253797 ], [ 78.941014156417864, 9.052888600650483 ], [ 78.922391694010386, 9.051652173126721 ], [ 78.909278041036785, 9.052007037723689 ], [ 78.894891892922416, 9.044984794574008 ], [ 78.878368927725802, 9.038659409074009 ], [ 78.863195469614652, 9.034343461916587 ], [ 78.854544276867458, 9.028356585829345 ], [ 78.836513648354611, 9.017242787811488 ], [ 78.81740879482723, 9.008098136771286 ], [ 78.804469341827229, 9.002727043771278 ], [ 78.783756235385923, 8.995434422978112 ], [ 78.769813491353446, 8.992189342935673 ], [ 78.768495954656601, 8.991105252745017 ], [ 78.752663687469578, 8.980435664519298 ], [ 78.735886203253557, 8.971324307838268 ], [ 78.721726047253554, 8.964488370838263 ], [ 78.703312056093708, 8.956708195614596 ], [ 78.684213381493294, 8.950805075638419 ], [ 78.668262860493314, 8.946736065638396 ], [ 78.642285649373591, 8.94191037680763 ], [ 78.519954580509577, 8.927461235097265 ], [ 78.513324222833845, 8.925946153370102 ], [ 78.507507213180631, 8.923363601680574 ], [ 78.495103543967957, 8.915356538383792 ], [ 78.403022337960536, 8.840526953158388 ], [ 78.405647818870122, 8.830775850894316 ], [ 78.410612011870157, 8.80794870189435 ], [ 78.413957220394309, 8.787529308434227 ], [ 78.415174805514255, 8.766873569865366 ], [ 78.414251734745278, 8.746202575943814 ], [ 78.411197888222674, 8.72573757971206 ], [ 78.406045952949128, 8.705697629305769 ], [ 78.398851072927798, 8.686297223360835 ], [ 78.38969025892564, 8.667744015116249 ], [ 78.378661564184625, 8.650236589787003 ], [ 78.365883034903987, 8.633962338997083 ], [ 78.355303607904006, 8.621836687997064 ], [ 78.341624437173778, 8.607723310473045 ], [ 78.342304021905335, 8.589056580217225 ], [ 78.340572700842415, 8.566521540897414 ], [ 78.326493924842453, 8.461459691897376 ], [ 78.322720002758231, 8.441251700546147 ], [ 78.316891645981002, 8.421537856181679 ], [ 78.309070431887292, 8.40252643823221 ], [ 78.304106239887304, 8.392028391232211 ], [ 78.294104344938901, 8.373474989146112 ], [ 78.282205401308858, 8.356077237221903 ], [ 78.273497718308846, 8.34468400822194 ], [ 78.262845426941311, 8.33188772845709 ], [ 78.257426994372608, 8.326382923783962 ], [ 78.254796408111119, 8.317338717198183 ], [ 78.24720493427661, 8.295877330754639 ], [ 78.237223808831658, 8.27541764556862 ], [ 78.224982342641951, 8.256224727901277 ], [ 78.218146404641899, 8.246743933901264 ], [ 78.205935364335417, 8.231446111861564 ], [ 78.19228741728169, 8.217415202919392 ], [ 78.177333287906947, 8.204785599633125 ], [ 78.1612162116718, 8.193678272404881 ], [ 78.144090563115881, 8.184199610787116 ], [ 78.126120377208906, 8.176440404449268 ], [ 78.107477778170917, 8.170474973565101 ], [ 78.094998903793964, 8.167791897913999 ], [ 78.089650513328479, 8.165602400558628 ], [ 77.937999453448199, 8.074541643738124 ], [ 77.928737661296623, 8.06210266720716 ], [ 77.916618988496865, 8.047352341774401 ], [ 77.903149195199916, 8.033824629501533 ], [ 77.888451002783441, 8.021642779457787 ], [ 77.872658324395374, 8.010917778752383 ], [ 77.85591504489021, 8.001747341346688 ], [ 77.840045903890157, 7.994016221346727 ], [ 77.822396608241689, 7.986443561132837 ], [ 77.804102348605412, 7.980598658741602 ], [ 77.785331817639019, 7.976535410429983 ], [ 77.728274208395831, 7.967025808539306 ], [ 77.723252549302956, 7.959852038329586 ], [ 77.710366258520466, 7.944849276197613 ], [ 77.696061220019104, 7.931192584241137 ], [ 77.680477315389595, 7.919015504204533 ], [ 77.663766931594679, 7.908437109470631 ], [ 77.646093470855661, 7.899560840703535 ], [ 77.627629752826351, 7.892473494355747 ], [ 77.608556324678872, 7.887244373930436 ], [ 77.589059695626005, 7.883924612298239 ], [ 77.534697716625985, 7.877414195298281 ], [ 77.51445122020985, 7.876026438657332 ], [ 77.494168320073229, 7.876697592641479 ], [ 77.474057852244584, 7.87942074694048 ], [ 77.412859935244569, 7.890895356940473 ], [ 77.392184090637869, 7.895923741476079 ], [ 77.258069507637884, 7.936206944476081 ], [ 77.233002080818125, 7.945607236486728 ], [ 77.226003382818107, 7.948781064486729 ], [ 77.20682152222102, 7.958763375560434 ], [ 77.188829478376618, 7.97075823565295 ], [ 77.172237573919006, 7.984625427755446 ], [ 77.169050654027757, 7.987935510397079 ], [ 77.164660517883078, 7.989422640617947 ], [ 77.145106514720837, 7.998495973789692 ], [ 77.126642619260522, 8.009621124527767 ], [ 77.112970744260522, 8.018898468527764 ], [ 77.091022918340386, 8.036145706278413 ], [ 77.002421810764076, 8.116379761004724 ], [ 76.992856747047469, 8.12334194222896 ], [ 76.878547843071843, 8.206128561183181 ], [ 76.862535056357729, 8.219030938497854 ], [ 76.847931785557066, 8.233509376281122 ], [ 76.814647280557082, 8.270089780281127 ], [ 76.799547451282024, 8.288837420142961 ], [ 76.729406983369742, 8.387539529794894 ], [ 76.691434044118012, 8.422314444953416 ], [ 76.678899801198654, 8.434859123797054 ], [ 76.667526040033692, 8.448464775924519 ], [ 76.657402180056522, 8.463024434986945 ], [ 76.648607814095783, 8.478423634323276 ], [ 76.641212082624023, 8.494541306886303 ], [ 76.640866200430168, 8.495392793909621 ], [ 76.590454993072328, 8.553664732122265 ], [ 76.578340451733453, 8.569144787560072 ], [ 76.567804035034612, 8.585739309287352 ], [ 76.56771485284365, 8.585916018856661 ], [ 76.562364313365123, 8.59069852170895 ], [ 76.547743374787046, 8.605188010399896 ], [ 76.534689185998118, 8.621103577700236 ], [ 76.523340029082675, 8.638276631148514 ], [ 76.498565932654188, 8.680318385952718 ], [ 76.430481675785501, 8.737119740767842 ], [ 76.41653600441434, 8.749921069781051 ], [ 76.403863108460001, 8.763983554718894 ], [ 76.39257652305858, 8.779181211264337 ], [ 76.377928085058585, 8.800991107264316 ], [ 76.367292394884259, 8.818747361455067 ], [ 76.358548782019241, 8.837507737315844 ], [ 76.355764792781457, 8.845567171332739 ], [ 76.355052983199059, 8.84667078514207 ], [ 76.346314475509544, 8.863547276956742 ], [ 76.339722678509489, 8.87791088395675 ], [ 76.331930347834586, 8.897571179920677 ], [ 76.326257575678042, 8.917944380719675 ], [ 76.324123122715747, 8.927549419348161 ], [ 76.316737570387758, 8.942589163588472 ], [ 76.310113938079652, 8.960015384815678 ], [ 76.303424226802107, 8.980433980893872 ], [ 76.280526361469271, 9.027620402365788 ], [ 76.280034973571873, 9.028788233983059 ], [ 76.278478961747041, 9.030806372203831 ], [ 76.26825209266309, 9.047096535045918 ], [ 76.259637354541709, 9.064293759931996 ], [ 76.180047510541712, 9.244306780931975 ], [ 76.171668681691116, 9.266827246239794 ], [ 76.120480530691097, 9.434633236239828 ], [ 76.116664579795525, 9.449047882668292 ], [ 76.11393318504318, 9.463706770607081 ], [ 76.093181232043179, 9.603924869607061 ], [ 76.091284803013309, 9.623038900809185 ], [ 76.091230702251323, 9.642246704040389 ], [ 76.093019428759177, 9.661371114863764 ], [ 76.09421510364119, 9.667610564591602 ], [ 76.08144339355546, 9.765027701747909 ], [ 76.069791482359875, 9.800925003429164 ], [ 76.067866306678923, 9.804308809516817 ], [ 76.059315729256809, 9.823984850511097 ], [ 76.052921921606426, 9.844463575744618 ], [ 76.048758453909798, 9.86550934729615 ], [ 76.044244096374456, 9.897166277978521 ], [ 76.039904852953171, 9.915104583824185 ], [ 76.037485152219119, 9.932163026437113 ], [ 76.028722729436424, 9.950685576418143 ], [ 75.996496167436476, 10.031862334418113 ], [ 75.990069734749326, 10.050746029519045 ], [ 75.985556311071676, 10.070175954491971 ], [ 75.983000792893208, 10.08995883356927 ], [ 75.981780089893206, 10.105461763569295 ], [ 75.981508111489603, 10.116896114397786 ], [ 75.976184523558302, 10.127010930667733 ], [ 75.965362719682346, 10.151391663984962 ], [ 75.950388761682362, 10.192285218984987 ], [ 75.942583052564018, 10.219385129591599 ], [ 75.927696236456043, 10.289270460553405 ], [ 75.927687350405975, 10.289295670976998 ], [ 75.909997819246286, 10.312914987964705 ], [ 75.899883440777103, 10.327766329327153 ], [ 75.891142808269151, 10.343465511963293 ], [ 75.883846472391554, 10.359885818746148 ], [ 75.878053326065114, 10.376894711941247 ], [ 75.873089134065125, 10.393943864941264 ], [ 75.868551201918848, 10.412940284722287 ], [ 75.867142430658504, 10.423174331249719 ], [ 75.861009388869476, 10.430429168168054 ], [ 75.850348581869511, 10.444101043168054 ], [ 75.839984377491547, 10.45869518437695 ], [ 75.830966540864253, 10.474157535833861 ], [ 75.823367306141833, 10.490364241904093 ], [ 75.817247544275375, 10.507185484566611 ], [ 75.812656275427983, 10.524486523274863 ], [ 75.809646285693461, 10.538294484842558 ], [ 75.760422039458476, 10.636279846336166 ], [ 75.751318143198134, 10.657331693226267 ], [ 75.748551279320779, 10.666489152547413 ], [ 75.743215195346991, 10.676023216055501 ], [ 75.735742162894482, 10.692838020791097 ], [ 75.729846137393395, 10.710268475622314 ], [ 75.725577026322384, 10.728167038776819 ], [ 75.72415831196929, 10.738083201885777 ], [ 75.709468010180856, 10.773944822258827 ], [ 75.702352110004128, 10.794412935614391 ], [ 75.697492419989629, 10.815530774344349 ], [ 75.684926048069869, 10.887876157565177 ], [ 75.643865427728031, 11.031059197974601 ], [ 75.563991387670342, 11.21978332301321 ], [ 75.560078055378099, 11.225825092345934 ], [ 75.550239175743002, 11.245436168931814 ], [ 75.547390868743037, 11.251987275931821 ], [ 75.540733113782622, 11.269501289699326 ], [ 75.536561071258888, 11.284602402544596 ], [ 75.534110273420183, 11.288819108797457 ], [ 75.532466194065137, 11.292308157792036 ], [ 75.529530593317162, 11.293540752812572 ], [ 75.511100576329866, 11.303674665382445 ], [ 75.493836696635313, 11.315687998309542 ], [ 75.477929876217104, 11.329447895631413 ], [ 75.46355602928233, 11.344802186055297 ], [ 75.450874116818753, 11.36158106582695 ], [ 75.443224377818765, 11.372892914826988 ], [ 75.433486640408134, 11.388852173167262 ], [ 75.425281648008436, 11.405650969444698 ], [ 75.418681096142038, 11.423142515165678 ], [ 75.413742660671545, 11.441173968566714 ], [ 75.413564570399259, 11.442188243144738 ], [ 75.40893022573843, 11.449348304820525 ], [ 75.400051565484546, 11.466491615559724 ], [ 75.392867191084974, 11.484411115426951 ], [ 75.387444047206927, 11.50293982885996 ], [ 75.383832667208168, 11.521905103587979 ], [ 75.383266101413142, 11.528073002369917 ], [ 75.35547648041117, 11.594477754394806 ], [ 75.351379918022985, 11.600054757684688 ], [ 75.287170378250451, 11.670031992194803 ], [ 75.280615666025298, 11.672323777663188 ], [ 75.26282063939523, 11.680581674554741 ], [ 75.245920250989926, 11.690543235957788 ], [ 75.230077106136193, 11.702112617746826 ], [ 75.215443638002128, 11.715178506319971 ], [ 75.202160640977226, 11.729615189591179 ], [ 75.198905431977195, 11.733521439591179 ], [ 75.186919044698442, 11.749457958970796 ], [ 75.180076192548597, 11.76074218638785 ], [ 75.176968010362913, 11.764140805408973 ], [ 75.165521304072428, 11.777837437344528 ], [ 75.155341398891736, 11.792500122698536 ], [ 75.146509384079991, 11.80801206408715 ], [ 75.140071802686691, 11.82059320196659 ], [ 75.136605270644225, 11.82173976733506 ], [ 75.118935415576232, 11.829547136739182 ], [ 75.102101213173555, 11.839022812155831 ], [ 75.086259717620436, 11.850078390556634 ], [ 75.071558721672446, 11.862610729255911 ], [ 75.056747523672428, 11.876526745255907 ], [ 75.044202875342933, 11.88942359638351 ], [ 75.032867984829934, 11.903395612264422 ], [ 75.022834578876484, 11.918329725418252 ], [ 75.014183852060413, 11.934105082665292 ], [ 75.006985809733337, 11.950594023121726 ], [ 74.999580210733356, 11.96988113212173 ], [ 74.993191778905228, 11.989483816533573 ], [ 74.988855387869449, 12.009640031707997 ], [ 74.98711378421153, 12.020408538607299 ], [ 74.960531154583975, 12.081265667266347 ], [ 74.959139671783319, 12.08517953542875 ], [ 74.956005260161291, 12.088377357737318 ], [ 74.943795322982595, 12.103537697308697 ], [ 74.933117012497533, 12.119813204889471 ], [ 74.924071483930703, 12.137049703222193 ], [ 74.916744425226383, 12.155083911620974 ], [ 74.91120524532991, 12.173744992723146 ], [ 74.907506416679453, 12.192856170825026 ], [ 74.905763628276787, 12.211379224457698 ], [ 74.904130729427393, 12.215192127502915 ], [ 74.846310802097179, 12.312836260149076 ], [ 74.837159813371969, 12.330176278654335 ], [ 74.832646139818394, 12.341234930104951 ], [ 74.829508437930258, 12.345182654365217 ], [ 74.818797682456719, 12.361793838686557 ], [ 74.809778816854518, 12.379381100856111 ], [ 74.802539922009302, 12.397772678515222 ], [ 74.799284714009261, 12.407416233515191 ], [ 74.797245093767174, 12.414339030969646 ], [ 74.792223596435676, 12.421405266705351 ], [ 74.77972291464404, 12.441395196362562 ], [ 74.769661484824951, 12.462717296703556 ], [ 74.701543172925369, 12.632316496549908 ], [ 74.693144192101002, 12.642944555954875 ], [ 74.682910931159299, 12.658749390836551 ], [ 74.674209275368113, 12.675446505007255 ], [ 74.667116345857025, 12.692887915101878 ], [ 74.661695005918887, 12.710919041201295 ], [ 74.660787136886128, 12.714550516712579 ], [ 74.65153454428058, 12.729866937420676 ], [ 74.643000683915091, 12.747804409393142 ], [ 74.636288268902447, 12.766499947850189 ], [ 74.63146351380577, 12.78576913080531 ], [ 74.630211427685282, 12.792086474264895 ], [ 74.62915181945678, 12.794651468854086 ], [ 74.623435440921426, 12.813625143718722 ], [ 74.576153539921464, 13.004298971718724 ], [ 74.572181147699936, 13.024883682042688 ], [ 74.570385354333695, 13.045771126244146 ], [ 74.570738619007685, 13.06425795956569 ], [ 74.567961039660986, 13.07431207862432 ], [ 74.564739949179156, 13.092103803532947 ], [ 74.564703951446987, 13.092508719165723 ], [ 74.562895699908253, 13.097064804711076 ], [ 74.557484243721689, 13.112515933018358 ], [ 74.553354637006109, 13.12835788909713 ], [ 74.542368309006108, 13.178894999097123 ], [ 74.538921864083392, 13.200260740483209 ], [ 74.536180320393441, 13.226076938572549 ], [ 74.527510720973353, 13.258404913164759 ], [ 74.52689034553498, 13.259390215361263 ], [ 74.518995154514016, 13.273104621502933 ], [ 74.512208954954502, 13.287400301711122 ], [ 74.505535777954464, 13.303025301711122 ], [ 74.498454651770132, 13.322285970609281 ], [ 74.493384448781114, 13.342170858240172 ], [ 74.490378547541269, 13.362470618637261 ], [ 74.489468593856799, 13.382971538097985 ], [ 74.489469670508385, 13.382989986604342 ], [ 74.489124646359826, 13.384988162852801 ], [ 74.48497425535983, 13.417458865852803 ], [ 74.484275500181724, 13.423704342335819 ], [ 74.481834094181721, 13.449135658335857 ], [ 74.480918995237474, 13.468515548113972 ], [ 74.481743644846986, 13.485040630671557 ], [ 74.479589349922222, 13.49526516588822 ], [ 74.477442856466183, 13.514951582813744 ], [ 74.477253754498207, 13.534753771732349 ], [ 74.477509403617177, 13.541144994851594 ], [ 74.472828249224065, 13.580067925789846 ], [ 74.472684663063589, 13.58193884527692 ], [ 74.472482125856715, 13.582799628530569 ], [ 74.469954163629822, 13.597172827845153 ], [ 74.462709127419302, 13.614347054729215 ], [ 74.454975807312252, 13.636109641273237 ], [ 74.431050026312249, 13.718181581273285 ], [ 74.424933262302019, 13.746828511480198 ], [ 74.421174117110724, 13.774082313006806 ], [ 74.418376577013078, 13.77948193207796 ], [ 74.408345655136927, 13.802192756925807 ], [ 74.407547740537709, 13.804353097071051 ], [ 74.39443933064868, 13.820786801893668 ], [ 74.378612279400912, 13.843746474737708 ], [ 74.370898552080575, 13.856798798860069 ], [ 74.347356960942804, 13.886815840308113 ], [ 74.334028330931574, 13.906025230673059 ], [ 74.323032574735677, 13.926658853763776 ], [ 74.31367385073564, 13.947003905763815 ], [ 74.30664793336959, 13.964378918433786 ], [ 74.301279270304988, 13.982335311084178 ], [ 74.297615005729099, 14.000715402085969 ], [ 74.296108207241602, 14.015287422217966 ], [ 74.295386785199014, 14.016774846401024 ], [ 74.291073634199051, 14.026825301401022 ], [ 74.284499183463524, 14.044370438814024 ], [ 74.279595448063404, 14.062453818709402 ], [ 74.276405465050004, 14.080916734451216 ], [ 74.274957230930411, 14.099597148452245 ], [ 74.274763352106802, 14.105948985759319 ], [ 74.267351363217116, 14.117022919165628 ], [ 74.258212742973711, 14.134020492398299 ], [ 74.248528497973751, 14.15432485439829 ], [ 74.240489809498698, 14.173744369393592 ], [ 74.234533444066955, 14.193900256521061 ], [ 74.230725180513531, 14.214569925211185 ], [ 74.229750361676381, 14.227194264194811 ], [ 74.227000406754655, 14.233899546864844 ], [ 74.221567874064135, 14.251709423094651 ], [ 74.217815186215105, 14.269947335164355 ], [ 74.215774870014386, 14.288455204100449 ], [ 74.215764552464123, 14.288618160704873 ], [ 74.212951262251124, 14.294439618343635 ], [ 74.206309379169454, 14.312386969735885 ], [ 74.201413220576512, 14.330886960652101 ], [ 74.198809053576554, 14.343053301652112 ], [ 74.196969993556209, 14.35446942465877 ], [ 74.194289954741663, 14.356182645801994 ], [ 74.179447811310453, 14.367772590902096 ], [ 74.170170467310456, 14.375747850902119 ], [ 74.156298681158646, 14.388875232770113 ], [ 74.143742282557383, 14.403265905440836 ], [ 74.132615771612208, 14.418788642310876 ], [ 74.123020609475944, 14.435301893636051 ], [ 74.115044293138155, 14.452655077304444 ], [ 74.108759557551849, 14.470689951974366 ], [ 74.104223712373297, 14.489242060055821 ], [ 74.101478119363037, 14.508142227377078 ], [ 74.10141355776895, 14.509466062301289 ], [ 74.10079947034184, 14.510312846679058 ], [ 74.091191696040411, 14.526604638288276 ], [ 74.083165859367199, 14.543731160018053 ], [ 74.080391965068571, 14.551483325857715 ], [ 74.079834191062957, 14.551834068328899 ], [ 74.064558539119915, 14.563638473978074 ], [ 74.050492153012499, 14.576860664299373 ], [ 74.047052247093461, 14.580784609202116 ], [ 74.034788002717661, 14.588862868296401 ], [ 74.018715125069221, 14.602031261644196 ], [ 74.016045045718712, 14.604727828398063 ], [ 74.008450944224691, 14.608835487982894 ], [ 73.993607069214789, 14.618664499840289 ], [ 73.979696070807989, 14.629774595372215 ], [ 73.964803492808045, 14.642795429372189 ], [ 73.950981139195747, 14.656103104795481 ], [ 73.93849761539478, 14.670674079988157 ], [ 73.927467817163034, 14.686374246723648 ], [ 73.91799326047051, 14.703059103931167 ], [ 73.910161147167386, 14.720575087653527 ], [ 73.904043562396296, 14.738760984417878 ], [ 73.898916609396295, 14.756827390417881 ], [ 73.894418506097495, 14.776355146173341 ], [ 73.89387537650326, 14.780637448226463 ], [ 73.892958227735164, 14.781489467960562 ], [ 73.880170442718054, 14.795899324388582 ], [ 73.868828465190248, 14.811472729722006 ], [ 73.859037540595963, 14.82806517389124 ], [ 73.85088852171684, 14.845522690874706 ], [ 73.845191906716806, 14.859438706874702 ], [ 73.838009558326036, 14.880157266402588 ], [ 73.835416606834286, 14.891538546965114 ], [ 73.831990193235953, 14.896384494480019 ], [ 73.821895995562144, 14.900929201068946 ], [ 73.804429275312771, 14.911021854123554 ], [ 73.78806810321251, 14.922822701951418 ], [ 73.772978932902404, 14.936211686278215 ], [ 73.759315277060068, 14.951052591606839 ], [ 73.747216145607979, 14.967194431032862 ], [ 73.736804631468246, 14.984472982339872 ], [ 73.728186658252397, 15.002712458746872 ], [ 73.721449902626318, 15.021727297310091 ], [ 73.71666290231434, 15.041324046784526 ], [ 73.713874358816952, 15.061303335738689 ], [ 73.713112641936505, 15.081461900899551 ], [ 73.714385501151284, 15.101594655091912 ], [ 73.717679986774726, 15.121496773733597 ], [ 73.722962581701566, 15.140965778659108 ], [ 73.732402686701576, 15.169896442659081 ], [ 73.733973644925825, 15.174154770596084 ], [ 73.728682131998312, 15.191390643392975 ], [ 73.725919412841705, 15.19283985024577 ], [ 73.709516200457628, 15.203616586360486 ], [ 73.692507736457671, 15.216027067360503 ], [ 73.676702423205924, 15.22884089009826 ], [ 73.662280831916689, 15.243194275929717 ], [ 73.634774321916666, 15.273508403929704 ], [ 73.6222160229472, 15.288805891892956 ], [ 73.611231202885463, 15.30526972313613 ], [ 73.601927437175831, 15.322738665708952 ], [ 73.594395838528825, 15.341041644505113 ], [ 73.588710164645221, 15.359999416617933 ], [ 73.58492609589949, 15.379426326684127 ], [ 73.58308069005632, 15.399132125025387 ], [ 73.583112949685628, 15.404867120834274 ], [ 73.582620078374262, 15.405563873891152 ], [ 73.573120931621816, 15.422152652033295 ], [ 73.565248918293861, 15.439572547424428 ], [ 73.559075953433663, 15.457664420022601 ], [ 73.554658430369955, 15.476262990915421 ], [ 73.552108188540316, 15.494682067478506 ], [ 73.549481381836813, 15.501711207976408 ], [ 73.542481823279743, 15.524500430590169 ], [ 73.541108888656524, 15.532100202478231 ], [ 73.5335102416783, 15.544271247577162 ], [ 73.526498169677012, 15.557657165367964 ], [ 73.517383586677028, 15.576781514368001 ], [ 73.512604481653668, 15.588395341977829 ], [ 73.505045238396008, 15.595247080765789 ], [ 73.492238769719521, 15.609289655302153 ], [ 73.480823028328089, 15.624484404002118 ], [ 73.470901098235061, 15.640694118459825 ], [ 73.46256257435499, 15.657772425140308 ], [ 73.455882753462518, 15.675565107130824 ], [ 73.450921954263407, 15.693911496717808 ], [ 73.448236407263408, 15.706118527717811 ], [ 73.445091048124141, 15.724433812106554 ], [ 73.443659230958602, 15.742961975155275 ], [ 73.443889398078724, 15.757504475384932 ], [ 73.440141814554551, 15.764482119105455 ], [ 73.40504250569704, 15.792195948727793 ], [ 73.389267101411789, 15.806056630777768 ], [ 73.370386893411805, 15.824489247777798 ], [ 73.359333373205061, 15.836185583681399 ], [ 73.349256020184654, 15.848732756216798 ], [ 73.330131671184674, 15.8746116622168 ], [ 73.319855629338903, 15.889951084981918 ], [ 73.31103795116536, 15.906172782747905 ], [ 73.303753784207942, 15.923138508152956 ], [ 73.303719676236412, 15.923243826601446 ], [ 73.297722449618533, 15.929680240812225 ], [ 73.286131520744902, 15.944773165217097 ], [ 73.276027537679397, 15.960899402393089 ], [ 73.267501978348079, 15.977912951033302 ], [ 73.260632030181043, 15.995659776423405 ], [ 73.257295441181029, 16.005669541423412 ], [ 73.25204401279359, 16.024421881600183 ], [ 73.248641206776938, 16.043596048425027 ], [ 73.24711928409387, 16.063010257488511 ], [ 73.247492673627704, 16.082480448614174 ], [ 73.248376166922256, 16.090024350575515 ], [ 73.244514205273475, 16.11737991427897 ], [ 73.241613895625676, 16.121836631295327 ], [ 73.233809547974104, 16.136303959976456 ], [ 73.230635719974103, 16.142814376976471 ], [ 73.221283845187727, 16.165409314393873 ], [ 73.21475936827575, 16.188976663840542 ], [ 73.212816868416141, 16.198139396953952 ], [ 73.194465640892773, 16.25294803408455 ], [ 73.192455101368097, 16.255636310004796 ], [ 73.182383131630758, 16.272251258854816 ], [ 73.173970875285349, 16.289765111739261 ], [ 73.167297723232409, 16.308012581190034 ], [ 73.162426653527902, 16.326821456212546 ], [ 73.15940363702606, 16.346014227531672 ], [ 73.159169125274644, 16.349981732810747 ], [ 73.155773694439318, 16.357422676716897 ], [ 73.149748700359865, 16.374622210444766 ], [ 73.145314337816316, 16.392298775239599 ], [ 73.142074979581224, 16.40826161204469 ], [ 73.137360561347506, 16.414875030803895 ], [ 73.127406707823923, 16.432304040016049 ], [ 73.11924987281806, 16.450642949601228 ], [ 73.112972205765146, 16.469707064017044 ], [ 73.110123898765181, 16.480083040017078 ], [ 73.105797559043623, 16.499627560694094 ], [ 73.10344661300708, 16.519506659180038 ], [ 73.103094611580957, 16.539521193870524 ], [ 73.103827032580909, 16.562063511870502 ], [ 73.105523033164317, 16.582352103622302 ], [ 73.109272882592762, 16.60236315063424 ], [ 73.11371445752404, 16.617407244573666 ], [ 73.112391701697874, 16.624410182532909 ], [ 73.110667953101682, 16.644788296795056 ], [ 73.110737290408196, 16.648658944702294 ], [ 73.103712034405945, 16.666328527049163 ], [ 73.09744498097028, 16.684621129855184 ], [ 73.092973713017358, 16.703433440693498 ], [ 73.090340025196312, 16.722589613710195 ], [ 73.089568535593045, 16.741910588840252 ], [ 73.090666455615491, 16.761215765550361 ], [ 73.091715196536839, 16.767992856587746 ], [ 73.090798305226542, 16.770135388289393 ], [ 73.083575899581945, 16.789801173278867 ], [ 73.078450290785412, 16.81011457715444 ], [ 73.073160576785455, 16.836929355154457 ], [ 73.070281190184758, 16.856662878188658 ], [ 73.06938134850185, 16.87658505386009 ], [ 73.070469998475645, 16.896497804543316 ], [ 73.071326641142633, 16.90200292125034 ], [ 73.069514739917622, 16.921820727277009 ], [ 73.069670872274614, 16.930735453814815 ], [ 73.068813081934195, 16.932611376985122 ], [ 73.062432126664618, 16.951208269914826 ], [ 73.05790797644093, 16.970341828955021 ], [ 73.055284352765881, 16.989827146904773 ], [ 73.055160594391012, 16.99331224400099 ], [ 73.054567723266373, 16.995792946781751 ], [ 73.051863867529605, 17.016277902538967 ], [ 73.05128798142799, 17.036932505014406 ], [ 73.051532122428043, 17.047186411014408 ], [ 73.052881449369735, 17.066099042404588 ], [ 73.056015681209402, 17.084798906042369 ], [ 73.057500081967675, 17.09035870158899 ], [ 73.057493757615731, 17.090389209246108 ], [ 73.055409291036483, 17.1105765313416 ], [ 73.055404385539205, 17.114144870303772 ], [ 73.052619431920618, 17.119788230055086 ], [ 73.04559691830562, 17.138544928909372 ], [ 73.04048557651258, 17.157909939481485 ], [ 73.039613920166147, 17.163385036570123 ], [ 73.036562286696153, 17.169647792219529 ], [ 73.035799170911318, 17.170528686140567 ], [ 73.02459669111704, 17.186319105653176 ], [ 73.014973468136716, 17.20311870330897 ], [ 73.008869953136767, 17.215081594308966 ], [ 73.000809261899306, 17.233005162227144 ], [ 72.994546592998461, 17.251633313192329 ], [ 72.990142417047636, 17.270786178887505 ], [ 72.987639259561988, 17.290278824494123 ], [ 72.987061290343703, 17.309923034371995 ], [ 72.987084216584535, 17.31025530383981 ], [ 72.980477411201491, 17.32758969610326 ], [ 72.976408400201478, 17.340040868103259 ], [ 72.971071297083753, 17.359717712633124 ], [ 72.967765156280151, 17.379835672602479 ], [ 72.96654445328015, 17.390699930602448 ], [ 72.965301408806354, 17.411288599330405 ], [ 72.966012416802982, 17.427861876607043 ], [ 72.959907670216296, 17.43693891797815 ], [ 72.949809201934698, 17.456177731608257 ], [ 72.94185735854667, 17.476398493173061 ], [ 72.936160743546637, 17.493569717173042 ], [ 72.931148755232869, 17.511401210372391 ], [ 72.927807906647459, 17.529619907013622 ], [ 72.926166852430498, 17.54806954434428 ], [ 72.926239667993343, 17.566591878821058 ], [ 72.927343223639625, 17.577983055141825 ], [ 72.923856897252136, 17.594833882741607 ], [ 72.922388584503167, 17.607763777664292 ], [ 72.918691632268889, 17.617423555373772 ], [ 72.912419523811295, 17.636680935311823 ], [ 72.908127176561933, 17.656473908349575 ], [ 72.90585860704239, 17.676599504462914 ], [ 72.905637078640581, 17.696851342694281 ], [ 72.907464863052894, 17.717021747517297 ], [ 72.908219770540654, 17.720911792283502 ], [ 72.904208273459332, 17.728202958555769 ], [ 72.894695810587038, 17.747992951928516 ], [ 72.887410091482622, 17.76870645198818 ], [ 72.882438932883332, 17.790093793332321 ], [ 72.881722940483144, 17.794180064634475 ], [ 72.849775205645301, 17.844443385129907 ], [ 72.840007659036388, 17.861632273970621 ], [ 72.831984901211314, 17.879701535804344 ], [ 72.825785327123043, 17.898474605544262 ], [ 72.821469516354057, 17.917768040794154 ], [ 72.819130583425604, 17.936974984604387 ], [ 72.816138328458436, 17.945968859302948 ], [ 72.812720359458439, 17.958094510302967 ], [ 72.808202707165449, 17.978154313039923 ], [ 72.805169539486812, 17.983954099817851 ], [ 72.798821883486809, 17.99795149581783 ], [ 72.791469686471771, 18.016595270834245 ], [ 72.786020262835777, 18.035881248378715 ], [ 72.782528330942839, 18.055615775468706 ], [ 72.781133748030882, 18.074203911458959 ], [ 72.780872655833562, 18.075138916573906 ], [ 72.778305537085274, 18.09044291129516 ], [ 72.770682555591335, 18.099099036664754 ], [ 72.759462072316524, 18.114609614565406 ], [ 72.749775929638758, 18.131121910340333 ], [ 72.741712871336617, 18.148484639461891 ], [ 72.735346770600287, 18.166538725790129 ], [ 72.730735953210512, 18.185118759017513 ], [ 72.727922663161735, 18.204054510146896 ], [ 72.726932675625477, 18.223172491117975 ], [ 72.727775060800042, 18.24229754429307 ], [ 72.73044210080991, 18.261254447239445 ], [ 72.733269206665554, 18.273034997394006 ], [ 72.726912928971515, 18.286873303357918 ], [ 72.724146001971533, 18.293790621357896 ], [ 72.718178415067257, 18.31092575208271 ], [ 72.713788332875055, 18.328531205123245 ], [ 72.711777254836406, 18.341519177166969 ], [ 72.711012291673029, 18.343119135283199 ], [ 72.703370652698993, 18.361371247343168 ], [ 72.697569995610436, 18.380289138827163 ], [ 72.693667099304093, 18.399687634678159 ], [ 72.69187673430406, 18.411609835678163 ], [ 72.689928696541429, 18.430928940804165 ], [ 72.689863230577274, 18.450345902157622 ], [ 72.691653595577307, 18.489937373157616 ], [ 72.692863577455256, 18.504644043770856 ], [ 72.695154612062026, 18.519221470742099 ], [ 72.69870983928088, 18.537433624981325 ], [ 72.694366193677396, 18.543791862484785 ], [ 72.685444550636205, 18.55983522177743 ], [ 72.67803148888558, 18.5766290184723 ], [ 72.672189460707884, 18.594031771091309 ], [ 72.662993496707927, 18.626258334091361 ], [ 72.658740858909383, 18.644287671424863 ], [ 72.65617455562213, 18.662633134634291 ], [ 72.652593826622109, 18.70116666263425 ], [ 72.651752655313274, 18.722262819003106 ], [ 72.652403697313289, 18.772515098003112 ], [ 72.652665031669443, 18.777152251799119 ], [ 72.649553450427646, 18.781093588144927 ], [ 72.649200349042971, 18.781353663969728 ], [ 72.634906003561369, 18.794168054499274 ], [ 72.621906100094989, 18.808293897031859 ], [ 72.610320412252548, 18.823601044205919 ], [ 72.600255683876142, 18.839948464800617 ], [ 72.591804645565034, 18.85718554311612 ], [ 72.586759072565073, 18.868863603116129 ], [ 72.579979017137447, 18.886895381946893 ], [ 72.574965248641234, 18.905495820782296 ], [ 72.571764284093476, 18.924492347448169 ], [ 72.570405821579058, 18.943708714924885 ], [ 72.570902464716184, 18.962966636541655 ], [ 72.573249605721855, 18.9820874400944 ], [ 72.57742546816219, 19.000893725540564 ], [ 72.58339130899104, 19.01921101089097 ], [ 72.591091778002308, 19.036869351028415 ], [ 72.596788393002285, 19.048384651028456 ], [ 72.603990571336311, 19.061222597258713 ], [ 72.604230388142653, 19.064517990481697 ], [ 72.604253468165453, 19.064651436471351 ], [ 72.604004971598613, 19.065119627318342 ], [ 72.596724199615196, 19.082691274323537 ], [ 72.593387611615228, 19.091968618323534 ], [ 72.588050945488021, 19.109214661450327 ], [ 72.58429113638249, 19.126871666982815 ], [ 72.582138817908103, 19.144795771815954 ], [ 72.581856749713268, 19.154448813844088 ], [ 72.581546210322173, 19.155461478690047 ], [ 72.577661562936015, 19.174673616680902 ], [ 72.57567618897103, 19.194173745442363 ], [ 72.572502360971086, 19.25463924044238 ], [ 72.572285148505344, 19.269928209727567 ], [ 72.573236597373679, 19.285189091357065 ], [ 72.575793256183061, 19.310542622119041 ], [ 72.575160849034518, 19.3120603995173 ], [ 72.568737062701786, 19.329788588676401 ], [ 72.564011393613285, 19.348042951808964 ], [ 72.552455403613308, 19.40330011280895 ], [ 72.54996555777538, 19.417876298752947 ], [ 72.548559493648824, 19.432596608282388 ], [ 72.548204399338744, 19.438685433758959 ], [ 72.541253696986885, 19.451734078383694 ], [ 72.533328163123045, 19.471378144250025 ], [ 72.527524726484529, 19.491750270647884 ], [ 72.515805976484529, 19.543060491647879 ], [ 72.512387473153666, 19.562327627038513 ], [ 72.510868176526685, 19.581836609814232 ], [ 72.511262630399884, 19.601400686008269 ], [ 72.512401617535176, 19.61100509417426 ], [ 72.496577848083703, 19.662600681914537 ], [ 72.494493292400065, 19.66682390072841 ], [ 72.487646235554735, 19.684919444226185 ], [ 72.482579697703144, 19.703591912625452 ], [ 72.479341092884852, 19.722666563887117 ], [ 72.477225207884828, 19.740244688887117 ], [ 72.477115308473131, 19.742015958312336 ], [ 72.471923232802553, 19.751092542764265 ], [ 72.464057134461669, 19.768521526182294 ], [ 72.457891455078411, 19.786622061087023 ], [ 72.453482555893501, 19.805228688241659 ], [ 72.450870739201775, 19.824171322157333 ], [ 72.44997555720181, 19.834181088157329 ], [ 72.449190771280243, 19.85401962517798 ], [ 72.450376801684669, 19.87383822179687 ], [ 72.453521960576481, 19.893441573949186 ], [ 72.458595253716908, 19.912636498715223 ], [ 72.463577592301689, 19.925965872995285 ], [ 72.46299286828399, 19.93238189115786 ], [ 72.462934674398667, 19.949888162831808 ], [ 72.464407591371099, 19.967332458462266 ], [ 72.467400333971653, 19.984581122937445 ], [ 72.469841739971656, 19.99573021093747 ], [ 72.474901802417875, 20.014445160509322 ], [ 72.481750088137431, 20.03258226480245 ], [ 72.490322248314513, 20.049971101432163 ], [ 72.500537736024128, 20.066448278990567 ], [ 72.508046971307749, 20.076286264503661 ], [ 72.508882303893856, 20.092135688856342 ], [ 72.512194083516476, 20.112926063389743 ], [ 72.514716869516462, 20.124726193389726 ], [ 72.51862880998992, 20.140037607876071 ], [ 72.523737444149518, 20.154992357919586 ], [ 72.533489838215004, 20.180233848410186 ], [ 72.536540232289809, 20.201685645936323 ], [ 72.54195397200003, 20.226989059548213 ], [ 72.54195397200003, 20.24555084800005 ], [ 72.542758842278388, 20.263475699329366 ], [ 72.545166974951812, 20.281256278857892 ], [ 72.547375629718118, 20.290934713242294 ], [ 72.550725970738924, 20.311900520222029 ], [ 72.555453770808612, 20.33364271878099 ], [ 72.562567418876313, 20.354725206842051 ], [ 72.571978870157253, 20.374887048932067 ], [ 72.580361032157285, 20.390512048932067 ], [ 72.588472233940763, 20.403673010847125 ], [ 72.589428284032593, 20.407736926721977 ], [ 72.595911171992242, 20.426610047445422 ], [ 72.604242558743621, 20.444743180570676 ], [ 72.614339500640597, 20.461955800547553 ], [ 72.626101476941457, 20.478076546052559 ], [ 72.635981997890752, 20.489113983541174 ], [ 72.637902936975408, 20.495504800344047 ], [ 72.643803403813166, 20.512364229748808 ], [ 72.651184563410027, 20.528629971409217 ], [ 72.661763990410009, 20.54942261440921 ], [ 72.669535970984981, 20.563302481055878 ], [ 72.678386476616367, 20.576520761210869 ], [ 72.687299797574696, 20.588751097527467 ], [ 72.687062441466537, 20.590358729431646 ], [ 72.686085878466486, 20.601100917431641 ], [ 72.685285286764739, 20.622090205216313 ], [ 72.686690421743052, 20.643047703742461 ], [ 72.690285785073527, 20.663742256438823 ], [ 72.696031720694236, 20.683945606968461 ], [ 72.698647449715466, 20.691591584614628 ], [ 72.695191478730493, 20.69473336293661 ], [ 72.681864531397565, 20.709523735821811 ], [ 72.670074085320863, 20.725565806654792 ], [ 72.659936972813227, 20.742700613490758 ], [ 72.651553643195456, 20.760758366391322 ], [ 72.645007167437214, 20.77956012988427 ], [ 72.640362415001377, 20.79891959604705 ], [ 72.637665411048133, 20.818644930644318 ], [ 72.636942880368721, 20.838540674026142 ], [ 72.638201982567594, 20.858409677950618 ], [ 72.640047509502693, 20.869640525657889 ], [ 72.633529842190967, 20.876148594951914 ], [ 72.625516773665694, 20.886008803556624 ], [ 72.61904917468749, 20.886282001728603 ], [ 72.598472213853412, 20.889313191481229 ], [ 72.578321325302696, 20.894464998843763 ], [ 72.570101924302733, 20.897028475843786 ], [ 72.551867801447912, 20.903702706512686 ], [ 72.534366824672418, 20.912113675732119 ], [ 72.517763953191775, 20.922182104105183 ], [ 72.502215680937113, 20.933813089497715 ], [ 72.487868561488085, 20.946897001558774 ], [ 72.474857826700543, 20.961310515065023 ], [ 72.460209388700491, 20.979214161065002 ], [ 72.448012814119934, 20.99579357449602 ], [ 72.437584782164151, 21.013538701453722 ], [ 72.429035734394091, 21.03226160623479 ], [ 72.422456212360061, 21.051763997652753 ], [ 72.41791589869122, 21.07183932910716 ], [ 72.415462879098357, 21.09227498608443 ], [ 72.41512313310605, 21.112854537923003 ], [ 72.415611415106099, 21.12681124392299 ], [ 72.417346037885977, 21.147008782712064 ], [ 72.421116330718505, 21.166926974931279 ], [ 72.42534440259368, 21.181174589927881 ], [ 72.418414696178758, 21.197574498020195 ], [ 72.414345685178745, 21.208642207020226 ], [ 72.408038866579616, 21.22912433180602 ], [ 72.403959879621297, 21.250163705893122 ], [ 72.402918924318612, 21.257664708327518 ], [ 72.401676944034975, 21.260933077473844 ], [ 72.398802564704866, 21.269539181840813 ], [ 72.391928290261163, 21.280878812357678 ], [ 72.383738493556208, 21.297790052850768 ], [ 72.377171895002434, 21.315395239828398 ], [ 72.375832866065466, 21.319575181077372 ], [ 72.360775900342432, 21.302764255108563 ], [ 72.333649037181047, 21.27584542052821 ], [ 72.332373668575599, 21.273239487823666 ], [ 72.324805309575595, 21.260137274823698 ], [ 72.311827123012847, 21.240448936396135 ], [ 72.304103235484263, 21.231293243416385 ], [ 72.30448239489786, 21.225010894702056 ], [ 72.304726535897856, 21.207921050702058 ], [ 72.30398782537867, 21.18765528946253 ], [ 72.30120068559647, 21.167568512128092 ], [ 72.296393771607185, 21.147867234257141 ], [ 72.289616504107357, 21.128754008022817 ], [ 72.280938561331496, 21.11042533973983 ], [ 72.270449162678432, 21.093069669549777 ], [ 72.258256151431539, 21.076865434036126 ], [ 72.244484886003661, 21.061979231687516 ], [ 72.230568870003665, 21.0483887366875 ], [ 72.213339519708782, 21.033386242488454 ], [ 72.194511660903672, 21.020446494554626 ], [ 72.181899657668254, 21.013754388605118 ], [ 72.181142156027022, 21.013138918545856 ], [ 72.163281272077668, 21.000194293125752 ], [ 72.14410350296798, 20.989295317270436 ], [ 72.079813137967946, 20.957312895270437 ], [ 72.057657452541662, 20.947908734568134 ], [ 72.034532516487175, 20.94123415834941 ], [ 72.016221969487177, 20.937124457349405 ], [ 71.999266316744354, 20.934079231379464 ], [ 71.983533035111094, 20.932634913761746 ], [ 71.92010130189793, 20.896750430370176 ], [ 71.916200486058969, 20.893517809679775 ], [ 71.903791685052965, 20.884027001556873 ], [ 71.890679967344184, 20.875533672412345 ], [ 71.865045201344131, 20.860315573412365 ], [ 71.847623976206918, 20.851102596832927 ], [ 71.82938061392413, 20.843648889342472 ], [ 71.810492247520031, 20.838026822345419 ], [ 71.791205138520084, 20.833306770345381 ], [ 71.772791075114228, 20.829706446913306 ], [ 71.764722181354117, 20.828903080132537 ], [ 71.747351852747968, 20.821974343887923 ], [ 71.73005486310953, 20.816132959213199 ], [ 71.696306953811558, 20.79308323403141 ], [ 71.679438029349356, 20.782746765689819 ], [ 71.66163040924674, 20.774127493297698 ], [ 71.643058342486725, 20.76730975712286 ], [ 71.625608692508237, 20.762800866308051 ], [ 71.621350386758948, 20.758165303594467 ], [ 71.607073295201801, 20.745342085111581 ], [ 71.588599987201789, 20.730286746111567 ], [ 71.573097638378172, 20.718849603086159 ], [ 71.556566816335888, 20.708957031012197 ], [ 71.539160898612437, 20.70070081590859 ], [ 71.521041382125048, 20.694157561221832 ], [ 71.436894247125025, 20.66827865522183 ], [ 71.411682450361312, 20.66228153954842 ], [ 71.379025221504776, 20.656719535392924 ], [ 71.225681400221035, 20.584675284858289 ], [ 71.207535061380653, 20.577213104165111 ], [ 71.188744859245674, 20.571564913504911 ], [ 71.16949163718246, 20.567785073006728 ], [ 71.164715519074321, 20.567326531093965 ], [ 71.164466465083464, 20.567257024786741 ], [ 71.15546027060536, 20.561956008236741 ], [ 71.138167907083485, 20.553887932569836 ], [ 71.12018535420458, 20.547504557827811 ], [ 71.101676307004155, 20.542863991820056 ], [ 71.088702930650598, 20.540900481180742 ], [ 71.07368430547001, 20.532181062292704 ], [ 71.054631370723854, 20.523636862427391 ], [ 71.034791436255347, 20.517125743163824 ], [ 71.014380766116332, 20.512718678578878 ], [ 70.993621845629676, 20.510463707623767 ], [ 70.984398316714817, 20.509946871311691 ], [ 70.851802364965749, 20.502228357753957 ], [ 70.829876132141791, 20.502155961607219 ], [ 70.809368319141797, 20.503213903607207 ], [ 70.791177212126314, 20.504988608510899 ], [ 70.77322408416471, 20.508416603309353 ], [ 70.755658873476563, 20.513469258593926 ], [ 70.740695850560556, 20.518524334283921 ], [ 70.722647089301446, 20.519267648448213 ], [ 70.704047678161501, 20.521794814734349 ], [ 70.685767097147405, 20.526054512138757 ], [ 70.66796636374832, 20.532009220749995 ], [ 70.650802268899668, 20.539606490800271 ], [ 70.641362164899647, 20.544326542800309 ], [ 70.627337604726463, 20.552055555120944 ], [ 70.61397633685894, 20.56088179103871 ], [ 70.602224358072462, 20.56933965465597 ], [ 70.468652843563774, 20.621591723582792 ], [ 70.451435423526462, 20.629281565437747 ], [ 70.435018746341072, 20.638558737996568 ], [ 70.404105734586025, 20.658005433788251 ], [ 70.397438417988084, 20.659936361969642 ], [ 70.378027032406806, 20.667841713528766 ], [ 70.359549557802993, 20.677735115659676 ], [ 70.347912188803022, 20.684774503659686 ], [ 70.327922034373302, 20.698591842041463 ], [ 70.309755194064351, 20.714731576465244 ], [ 70.295909191658239, 20.7286266776415 ], [ 70.265731219569602, 20.740076904113231 ], [ 70.249817888468897, 20.746917021285046 ], [ 70.23455607349247, 20.755108377294309 ], [ 70.220060246383255, 20.764589532607072 ], [ 70.206439133567088, 20.775289373507494 ], [ 70.182611553784355, 20.795735656157689 ], [ 70.160705057743797, 20.808864884050891 ], [ 70.145507811192672, 20.81894218900884 ], [ 70.13129156340915, 20.830361763296381 ], [ 70.025984934396249, 20.923159381049565 ], [ 69.937848451320789, 20.989072120993569 ], [ 69.919569972971217, 21.004530646530661 ], [ 69.903269410393079, 21.022062344742565 ], [ 69.816843629393077, 21.126961432742533 ], [ 69.806669689521328, 21.140586641495975 ], [ 69.778371668991213, 21.165872132588721 ], [ 69.76250048719379, 21.181742658939136 ], [ 69.695850096193737, 21.256327619939107 ], [ 69.68013296886015, 21.276346201372824 ], [ 69.650673121140869, 21.319229287048575 ], [ 69.647224968957957, 21.321713702608392 ], [ 69.632088249957903, 21.33371728260839 ], [ 69.615508397227615, 21.348433354393656 ], [ 69.508548594662244, 21.454533904555632 ], [ 69.471255507304591, 21.47520295659557 ], [ 69.456147441964021, 21.484474458581573 ], [ 69.441919646541166, 21.495047264491863 ], [ 69.428683885486592, 21.506838321133134 ], [ 69.413221646486605, 21.521893660133149 ], [ 69.399036008011009, 21.537228721891772 ], [ 69.380849956108577, 21.559074436143753 ], [ 69.378851436208819, 21.560583278855553 ], [ 69.365248881927343, 21.571828669033454 ], [ 69.352690675353429, 21.584229464607958 ], [ 69.34365597175865, 21.594881453090025 ], [ 69.336715903319103, 21.598996505094693 ], [ 69.322228371530059, 21.609438811054822 ], [ 69.303348163530075, 21.624372079054872 ], [ 69.28947720032582, 21.636419181949098 ], [ 69.276770250208045, 21.649688308787841 ], [ 69.247346119064773, 21.683384984965915 ], [ 69.232672573827273, 21.691328780405161 ], [ 69.216794760110787, 21.702003405962213 ], [ 69.202009590468691, 21.714146361033098 ], [ 69.119996119721108, 21.788349023773215 ], [ 69.099794003108599, 21.802085424990256 ], [ 69.079678409733063, 21.817725815615468 ], [ 69.06584377473304, 21.829973536615462 ], [ 69.052535624422191, 21.842904840266968 ], [ 69.040483228586666, 21.857013888195418 ], [ 69.012676524645713, 21.892802584652699 ], [ 69.008423846719239, 21.895635862288994 ], [ 68.987400352866302, 21.911750228913583 ], [ 68.971124311866333, 21.92603245491356 ], [ 68.956473839293125, 21.94027701161686 ], [ 68.943353289974752, 21.955942097887792 ], [ 68.931899623992791, 21.972864192257731 ], [ 68.922232401511152, 21.990866651861413 ], [ 68.919964709415709, 21.995662400862379 ], [ 68.904388866352093, 22.016367579569263 ], [ 68.889792481710586, 22.027714769104669 ], [ 68.871435727679426, 22.043879745123458 ], [ 68.853043800679444, 22.062190292123457 ], [ 68.840252567969642, 22.076193907223079 ], [ 68.828845333957233, 22.091346196894293 ], [ 68.818924683005065, 22.107510897781715 ], [ 68.81057983075091, 22.12454264199512 ], [ 68.804195510606988, 22.139306382357109 ], [ 68.787248632001095, 22.16454911242505 ], [ 68.778755407879586, 22.17838167449753 ], [ 68.771411874834612, 22.19285741806684 ], [ 68.76270419283459, 22.211900387066837 ], [ 68.755239995829598, 22.230678824778458 ], [ 68.749708804141108, 22.250114613373825 ], [ 68.746167083487038, 22.270009340681007 ], [ 68.744650989873307, 22.290159909406803 ], [ 68.744081328873321, 22.313353269406797 ], [ 68.744433982454694, 22.331109704420921 ], [ 68.746360456492297, 22.348764846639035 ], [ 68.749845559999116, 22.366179478490043 ], [ 68.754861811596669, 22.383216278919388 ], [ 68.76136965621626, 22.399740906218259 ], [ 68.768775255216298, 22.416342468218264 ], [ 68.770606182761853, 22.419774351376528 ], [ 68.773702148559352, 22.436135583394115 ], [ 68.780985669518572, 22.459075958257415 ], [ 68.787740226518537, 22.476613393257423 ], [ 68.794817553486581, 22.492814695929837 ], [ 68.8032979972851, 22.508327685270256 ], [ 68.812168440285134, 22.522976122270261 ], [ 68.8265642895105, 22.543680021759052 ], [ 68.836248534510517, 22.555887053759044 ], [ 68.851389784234129, 22.572887865825056 ], [ 68.868364995349438, 22.588057811826527 ], [ 68.882932052349403, 22.599654490826563 ], [ 68.898552190819615, 22.610905370484751 ], [ 68.915181629497866, 22.620602420972308 ], [ 68.944433589245705, 22.635822953170596 ], [ 68.960447612017902, 22.646807571748695 ], [ 68.976852563338838, 22.656933615340265 ], [ 68.994156240070311, 22.665433142282001 ], [ 69.012197865451824, 22.672227179392149 ], [ 69.030809806087973, 22.677252600013048 ], [ 69.049819129510794, 22.680462710551179 ], [ 69.06904921097825, 22.681827684329757 ], [ 69.088321374579365, 22.681334838722666 ], [ 69.10025015666605, 22.679872299716934 ], [ 69.039910218159605, 22.712744609216291 ], [ 69.026682633955673, 22.720625753637265 ], [ 68.947418320249639, 22.772086896029872 ], [ 68.791950916400197, 22.834266572330367 ], [ 68.775289320273018, 22.841832012306753 ], [ 68.759388928451642, 22.850888623564167 ], [ 68.584421480451681, 22.961443636564177 ], [ 68.568713505442958, 22.972457271246704 ], [ 68.548149319236344, 22.988399985110949 ], [ 68.54218676362342, 22.992000418959474 ], [ 68.526071388277842, 23.004100614862782 ], [ 68.511255515492124, 23.017761141098056 ], [ 68.497889570846155, 23.032843302320778 ], [ 68.494471602846204, 23.037115763320749 ], [ 68.492391430812162, 23.040012124540951 ], [ 68.485734032786965, 23.045691667527755 ], [ 68.472601638803241, 23.059230749323028 ], [ 68.45917390380319, 23.074448848323009 ], [ 68.448415311367626, 23.087747546095329 ], [ 68.447198695842204, 23.089546452461999 ], [ 68.431837149870006, 23.100026534056258 ], [ 68.417254427641922, 23.112149544692475 ], [ 68.403885454120427, 23.125599218348313 ], [ 68.391850424122921, 23.140254634665375 ], [ 68.38125753954175, 23.155984032960195 ], [ 68.370027070541752, 23.174498029960208 ], [ 68.361066529762581, 23.190963880009367 ], [ 68.353687004794708, 23.208196352848312 ], [ 68.347953327626144, 23.226044054521729 ], [ 68.343915870833925, 23.244350186050465 ], [ 68.343381675676369, 23.24866026174821 ], [ 68.329521829900884, 23.259804394861852 ], [ 68.316488390452903, 23.272659205162473 ], [ 68.314911114526481, 23.273673075822714 ], [ 68.299986345588849, 23.285406601467404 ], [ 68.286241357920971, 23.29850238956535 ], [ 68.273800002229649, 23.3128424390931 ], [ 68.266557163229692, 23.322038403093057 ], [ 68.254992283183427, 23.338335413409045 ], [ 68.245111452559257, 23.355705162454448 ], [ 68.237013316381635, 23.373974239775777 ], [ 68.232332155390054, 23.38822963445454 ], [ 68.222418877138992, 23.388256035121071 ], [ 68.206763029709677, 23.389530430212343 ], [ 68.157365242709645, 23.395511876212364 ], [ 68.142186304833331, 23.397944968905417 ], [ 68.127239083490394, 23.401536719068108 ], [ 68.103231922490409, 23.408291276068073 ], [ 68.082908768327997, 23.415206164597056 ], [ 68.063443838600605, 23.42425949487853 ], [ 68.045061391818891, 23.435346962073293 ], [ 68.027973215037562, 23.448340825731478 ], [ 68.013975819037583, 23.460222335731501 ], [ 67.999291018625357, 23.474018642258425 ], [ 67.986068883276289, 23.489222476437426 ], [ 67.974443611528088, 23.505679526407331 ], [ 67.964533194493967, 23.523222760748279 ], [ 67.956438218307625, 23.541674123773117 ], [ 67.951709989417424, 23.556301387444385 ], [ 67.941556395097734, 23.564036421975853 ], [ 67.925899720893341, 23.577285820793975 ], [ 67.911682344284756, 23.592069061932289 ], [ 67.904784436289248, 23.600896777047335 ], [ 67.900794999483381, 23.60333441388245 ], [ 67.884779011569307, 23.615485772793793 ], [ 67.883627725432191, 23.616557466325379 ], [ 67.868857569371272, 23.612994626387838 ], [ 67.849089839426455, 23.610271716966487 ], [ 67.829149166138208, 23.609532168658511 ], [ 67.809486845708378, 23.610767461117852 ], [ 67.79225141036396, 23.604439866367287 ], [ 67.773979079717137, 23.599630986731725 ], [ 67.757377517717131, 23.596090947731696 ], [ 67.738353085994618, 23.592984105730324 ], [ 67.719117921865077, 23.591723181269401 ], [ 67.699850711092409, 23.592319887753032 ], [ 67.677796675092424, 23.594069561753027 ], [ 67.662930345025273, 23.595810853122856 ], [ 67.648235874728826, 23.598659082047522 ], [ 67.63374433264903, 23.602035133557372 ], [ 67.623308583708464, 23.602262763686216 ], [ 67.60337106991858, 23.604713128749346 ], [ 67.583779916485838, 23.609151084612058 ], [ 67.577676401485888, 23.610860069612109 ], [ 67.559624086411972, 23.616854043495106 ], [ 67.542222840111805, 23.624535868124671 ], [ 67.525630062862689, 23.633836058746333 ], [ 67.509995842060349, 23.644670491926789 ], [ 67.495461594626704, 23.656941166479381 ], [ 67.48215878784498, 23.67053708991865 ], [ 67.472527453287967, 23.682462944980145 ], [ 67.448430340290756, 23.687719855438555 ], [ 67.43033904565749, 23.692564093500671 ], [ 67.412780204866721, 23.699079359726607 ], [ 67.39590779208865, 23.707208521488838 ], [ 67.379869762179027, 23.716880293845975 ], [ 67.367337210179045, 23.725262454845961 ], [ 67.351353205307078, 23.73714621910403 ], [ 67.336630477980279, 23.75056089631779 ], [ 67.323315045361156, 23.7653734423128 ], [ 67.311538967335466, 23.781436949122373 ], [ 67.301419036767754, 23.79859210199238 ], [ 67.293055621172385, 23.816668759434165 ], [ 67.286531667287875, 23.835487640654936 ], [ 67.281911878427252, 23.854862103629994 ], [ 67.281167201134693, 23.860367508230723 ], [ 67.274937281764949, 23.865473178346548 ], [ 67.258905380764986, 23.880040236346559 ], [ 67.246985254676474, 23.891819889706571 ], [ 67.236093159632048, 23.90455613345388 ], [ 67.228139077191472, 23.915611221189941 ], [ 67.225523365900273, 23.917603676796912 ], [ 67.211779486947648, 23.930265259278084 ], [ 67.199277354955427, 23.944154340429883 ], [ 67.186582042955479, 23.959657270429851 ], [ 67.17550114881054, 23.974548213541805 ], [ 67.165848472139189, 23.990402305596959 ], [ 67.157707152990483, 24.007082992763067 ], [ 67.151147313849222, 24.02444660161191 ], [ 67.146225455659788, 24.0423435766015 ], [ 67.143067143738008, 24.060150823294066 ], [ 67.129938309831076, 24.081500515839124 ], [ 67.120262681874735, 24.099171886864916 ], [ 67.112413997033713, 24.117727028377359 ], [ 67.107693945033674, 24.130666481377361 ], [ 67.102383555251407, 24.147496312410649 ], [ 67.098577437146901, 24.164728750346796 ], [ 67.096298791146921, 24.177749583346781 ], [ 67.094234570544472, 24.192964025325029 ], [ 67.093401450863524, 24.207296289803356 ], [ 67.087345120096572, 24.224553526023449 ], [ 67.082632221380678, 24.244049578700295 ], [ 67.079895783958946, 24.263919641471251 ], [ 67.079163330062741, 24.283963867462159 ], [ 67.08044222648418, 24.303980658119706 ], [ 67.081159244883708, 24.308309837594976 ], [ 67.080842626866215, 24.309172821587055 ], [ 67.076028002566702, 24.327504726740653 ], [ 67.07320760680274, 24.344758505785055 ], [ 67.072535877091894, 24.346253236986762 ], [ 67.066240339256368, 24.365048771154186 ], [ 67.064175815479217, 24.374108479206498 ] ], [ [ 69.19020375561594, 22.648113507102533 ], [ 69.200618099263522, 22.641112836276616 ], [ 69.215118177517667, 22.629254033896402 ], [ 69.220935041822045, 22.623508594803123 ], [ 69.231887534727974, 22.621598169493414 ], [ 69.250129536473381, 22.616602642515108 ], [ 69.267818078080836, 22.609906269371965 ], [ 69.284794968305945, 22.601568936719644 ], [ 69.300908380307902, 22.591665206557455 ], [ 69.316014209459439, 22.580283649409356 ], [ 69.329930224459389, 22.568727660409369 ], [ 69.343852190169983, 22.55601142098298 ], [ 69.346124914002658, 22.553503896486717 ], [ 69.35544510930697, 22.567455744301387 ], [ 69.368224203695618, 22.582957111864548 ], [ 69.382493955030469, 22.597098252078961 ], [ 69.394008305813827, 22.606416709222792 ], [ 69.385042062700222, 22.608228381698641 ], [ 69.367837432339641, 22.612506288468705 ], [ 69.351079226392329, 22.618290951432488 ], [ 69.345516214994603, 22.620782245215533 ], [ 69.341018078319848, 22.621500849898897 ], [ 69.318582877663829, 22.626420588638016 ], [ 69.296859678489497, 22.633880124506259 ], [ 69.290336922454699, 22.636547823784696 ], [ 69.220996646312997, 22.642737905930804 ], [ 69.202841647247922, 22.645201138490084 ], [ 69.19020375561594, 22.648113507102533 ] ], [ [ 80.128969252942568, 8.832829558783049 ], [ 80.136991938348061, 8.812149460344191 ], [ 80.142859395062175, 8.794676646442094 ], [ 80.147093380338504, 8.776737871605746 ], [ 80.149657934276021, 8.75848549266351 ], [ 80.150531275715849, 8.740074529932603 ], [ 80.149705987232196, 8.721661350607237 ], [ 80.140835545232207, 8.624330621607216 ], [ 80.137463350077084, 8.601722033963114 ], [ 80.131533389191247, 8.579645904335893 ], [ 80.123123125644199, 8.558390613171234 ], [ 80.120219795011607, 8.552125531213955 ], [ 80.11778694862177, 8.54418590983552 ], [ 80.106945750964798, 8.514848750759468 ], [ 80.10640753427343, 8.513220644970483 ], [ 80.098515844537459, 8.493076443641719 ], [ 80.088494431646495, 8.473902531736972 ], [ 80.076460563071038, 8.455923276436176 ], [ 80.065253317060822, 8.442565169353443 ], [ 80.063830418332216, 8.432741693770421 ], [ 80.059916484747433, 8.412872556200725 ], [ 80.054013349155838, 8.393501069575876 ], [ 80.046181533676986, 8.374825840790804 ], [ 80.042216303170974, 8.36753967398924 ], [ 80.037689759484152, 8.321113583064829 ], [ 80.033817365895004, 8.29689448525099 ], [ 80.027059251051895, 8.266659266653093 ], [ 80.026143356787699, 8.257606006849025 ], [ 80.021519155180556, 8.230575831332724 ], [ 80.018833609180604, 8.21950812233275 ], [ 80.015935053463849, 8.209806887350531 ], [ 80.017515671911951, 8.205255208057261 ], [ 80.021829869604275, 8.18803076046416 ], [ 80.024599340794254, 8.170491549366059 ], [ 80.025901423794238, 8.158935559366082 ], [ 80.02714357361846, 8.139030092985751 ], [ 80.026397024703854, 8.119099884940614 ], [ 80.023669200929334, 8.099343126465106 ], [ 80.019563991623514, 8.082344511604912 ], [ 80.023332602731614, 8.069616285520587 ], [ 80.027808513731657, 8.05179402052058 ], [ 80.031714905913887, 8.03210342774825 ], [ 80.033627732294633, 8.012120423998956 ], [ 80.033527722135887, 7.992046327716053 ], [ 80.03141588298837, 7.972083375053129 ], [ 80.027313490540905, 7.952432682449198 ], [ 80.021261874278892, 7.933292220484437 ], [ 80.01332200111105, 7.914854819428815 ], [ 80.003573861159339, 7.897306226576714 ], [ 79.992115661899703, 7.880823234938854 ], [ 79.979062838772577, 7.865571902144006 ], [ 79.967347739549027, 7.854381322588133 ], [ 79.981888992962112, 7.783601900171244 ], [ 79.984977322902793, 7.763361834886359 ], [ 79.985980177696305, 7.742912084109832 ], [ 79.985970269678262, 7.738423740369131 ], [ 79.989402986812649, 7.729220078203465 ], [ 79.995269394531249, 7.710824131658449 ], [ 79.999334524977641, 7.691948213051352 ], [ 80.001560488535503, 7.672768258018897 ], [ 80.001926537800514, 7.653463036011795 ], [ 80.000429260959336, 7.63421248404909 ], [ 79.999208557959335, 7.624568929049122 ], [ 79.997974569311978, 7.61486132930806 ], [ 79.993714929802366, 7.592038402815779 ], [ 79.992330582794267, 7.586444279677742 ], [ 79.992099391882263, 7.583987876024684 ], [ 79.989677729983768, 7.567188094939175 ], [ 80.027615764086505, 7.291666258050045 ], [ 80.027927941609519, 7.291173895188887 ], [ 80.036205922288616, 7.27505529935706 ], [ 80.041251495288577, 7.264028281357067 ], [ 80.047915708791393, 7.247569188440234 ], [ 80.053093770273591, 7.230583866525625 ], [ 80.056744861920336, 7.213206208137821 ], [ 80.058942127920389, 7.199819163137819 ], [ 80.060855544597558, 7.184467113964592 ], [ 80.061576580513744, 7.169013095574373 ], [ 80.061820720513694, 7.138251377574365 ], [ 80.061827019000035, 7.136664130000042 ], [ 80.061827019000035, 7.136623440000051 ], [ 80.060895118018124, 7.117338939661157 ], [ 80.058108099466821, 7.098234151770276 ], [ 80.053491935599354, 7.079487114033354 ], [ 80.051722682313226, 7.074453570318601 ], [ 80.054006197110809, 7.066395248639525 ], [ 80.057946424942912, 7.049832798618659 ], [ 80.060463801804076, 7.032995252485049 ], [ 80.061540086772368, 7.016004615159463 ], [ 80.061784226772318, 7.004204485159479 ], [ 80.060787270741443, 6.979700363144216 ], [ 80.056798718933862, 6.955502483659752 ], [ 80.054194551933904, 6.944109254659732 ], [ 80.049656452007454, 6.92755921475583 ], [ 80.048155144000035, 6.923490100470937 ], [ 80.048155144000035, 6.907805023969337 ], [ 80.056412171161824, 6.861921663751672 ], [ 80.134948190753335, 6.661554128680262 ], [ 80.155814567372872, 6.608247111854345 ], [ 80.162665767913083, 6.587458430939813 ], [ 80.16720417717552, 6.566045559941863 ], [ 80.167855219175536, 6.561854479941864 ], [ 80.168131596805495, 6.560019198090758 ], [ 80.175781335805482, 6.507569653090756 ], [ 80.177655763219647, 6.488071305442128 ], [ 80.177645770347766, 6.483406651689752 ], [ 80.181371804564037, 6.468279482864906 ], [ 80.186497005399175, 6.459140297251877 ], [ 80.196226082622005, 6.439294766927702 ], [ 80.203705969001291, 6.418496898834831 ], [ 80.208845316421375, 6.397000686946424 ], [ 80.21288799735099, 6.3747076319306 ], [ 80.218248126726181, 6.361592124153639 ], [ 80.219957110726128, 6.356546551153621 ], [ 80.225806646922877, 6.335586137761957 ], [ 80.228602910364344, 6.318614158231027 ], [ 80.249829845707382, 6.273988925124557 ], [ 80.26403740973241, 6.252717116364607 ], [ 80.266560195732396, 6.248322585364605 ], [ 80.269035000350385, 6.243504491603749 ], [ 80.296619936398073, 6.214390120881592 ], [ 80.298225984862256, 6.213706577170608 ], [ 80.307991609862256, 6.208986525170626 ], [ 80.312874429088325, 6.206626495677982 ], [ 80.332479075368326, 6.195755570228248 ], [ 80.334728330022827, 6.194155095619911 ], [ 80.344784401282737, 6.191345519717956 ], [ 80.386959291190337, 6.176283059318675 ], [ 80.387400059765753, 6.176128537021327 ], [ 80.39189117741391, 6.175597765901113 ], [ 80.411627035859993, 6.171209956788736 ], [ 80.418633519587246, 6.169275874913458 ], [ 80.419432784859652, 6.169416125692121 ], [ 80.439552033757323, 6.170883398947474 ], [ 80.459716747660593, 6.170316494888533 ], [ 80.479721782331112, 6.167721180872177 ], [ 80.499363618015551, 6.163123860135247 ], [ 80.518442429938787, 6.156571303183165 ], [ 80.536764121206659, 6.148130171973618 ], [ 80.543774525573951, 6.143997782516544 ], [ 80.55660619435065, 6.143553680314702 ], [ 80.575055341173595, 6.141027903452609 ], [ 80.585536132739051, 6.144990154037423 ], [ 80.606456473184778, 6.151612134568791 ], [ 80.627976344996497, 6.155902401195707 ], [ 80.637752515627341, 6.157298996836669 ], [ 80.652020991995386, 6.167796733896476 ], [ 80.690458640282216, 6.19611707386144 ], [ 80.705121829868844, 6.2059526464117 ], [ 80.720595335792069, 6.214456659034481 ], [ 80.736758562337243, 6.221562834088186 ], [ 80.746198666337264, 6.22522494308819 ], [ 80.747011752022615, 6.225538328102512 ], [ 80.763694695022593, 6.231926674102506 ], [ 80.78136396784501, 6.237765666850427 ], [ 80.785912507272116, 6.238811904203647 ], [ 80.787938490811371, 6.239952622134319 ], [ 80.805777300577731, 6.247818258099957 ], [ 80.831005165577764, 6.257502503099975 ], [ 80.848806357600935, 6.263394335676373 ], [ 80.867081092706954, 6.2675931671042 ], [ 80.907579474895428, 6.274918610127449 ], [ 80.943765384606664, 6.287291856349956 ], [ 80.966651884704277, 6.293627588176252 ], [ 81.032801489858656, 6.307772949479079 ], [ 81.038961096141449, 6.315319541226109 ], [ 81.052425670895602, 6.328922555371853 ], [ 81.067128900798622, 6.341176199628905 ], [ 81.082936127507779, 6.351968249986691 ], [ 81.099702581814796, 6.361199868324231 ], [ 81.117274709503008, 6.368786507611091 ], [ 81.135491577661156, 6.374658686224521 ], [ 81.141513713661169, 6.376286290224542 ], [ 81.145188383989506, 6.377242109028307 ], [ 81.14681598798947, 6.377649010028327 ], [ 81.14697874800973, 6.377689700033375 ], [ 81.166810271430279, 6.381594799660697 ], [ 81.186934672479666, 6.383478308801248 ], [ 81.207146411028347, 6.383320990275659 ], [ 81.223250289389213, 6.381560505002965 ], [ 81.243661001045552, 6.388777247981883 ], [ 81.252178672430858, 6.393372307487629 ], [ 81.424443348198395, 6.528178290326197 ], [ 81.438578769100346, 6.538281643827951 ], [ 81.453537745002919, 6.547120021281032 ], [ 81.478928370002919, 6.560669825281011 ], [ 81.497044228313882, 6.569201193436446 ], [ 81.501507071446127, 6.570779677398349 ], [ 81.520903023183223, 6.584476538289814 ], [ 81.524579959291586, 6.588139185822752 ], [ 81.58038620132433, 6.676020751551982 ], [ 81.580703665763224, 6.682676753153858 ], [ 81.583419113287448, 6.701539018394744 ], [ 81.587917458112543, 6.720057214827142 ], [ 81.594157859911448, 6.738063216345043 ], [ 81.602083662278218, 6.755393547043485 ], [ 81.611622907109691, 6.771890865411012 ], [ 81.620687597540524, 6.785973509739541 ], [ 81.625352580948274, 6.793235595053158 ], [ 81.630202544788773, 6.808564006961101 ], [ 81.637178276296666, 6.824178834625636 ], [ 81.638435518785201, 6.836525265903659 ], [ 81.641039685785216, 6.852882687903658 ], [ 81.646475806272463, 6.877175028200719 ], [ 81.687191445463711, 7.017485727221429 ], [ 81.686342162393075, 7.020414405857845 ], [ 81.680766007454196, 7.045629443929244 ], [ 81.678324600454147, 7.061457893929258 ], [ 81.676429009305892, 7.078658925676692 ], [ 81.676027454063245, 7.095959431806994 ], [ 81.679157250239498, 7.25188264235273 ], [ 81.672804730417965, 7.256660071597684 ], [ 81.658213031408692, 7.270091441075587 ], [ 81.645023307790694, 7.284901929146876 ], [ 81.633365253907243, 7.300945904517079 ], [ 81.623353503217416, 7.318065607030668 ], [ 81.619159661674161, 7.327210731935416 ], [ 81.61232652015228, 7.335236750330536 ], [ 81.600782440335664, 7.351982825237285 ], [ 81.590998891394378, 7.369814790179726 ], [ 81.583077058901551, 7.388548219485394 ], [ 81.577098873776691, 7.407989364158685 ], [ 81.576247232862286, 7.411360441142877 ], [ 81.575398113263319, 7.414650780675962 ], [ 81.571881719089134, 7.431111350333471 ], [ 81.571759474511651, 7.432074265389831 ], [ 81.568644088732029, 7.439836639420187 ], [ 81.56327613401929, 7.458042266164897 ], [ 81.55965816676256, 7.476674767228763 ], [ 81.557890459387338, 7.494869630212003 ], [ 81.554691974268664, 7.498527985142251 ], [ 81.543184940010093, 7.51467134853551 ], [ 81.53333265970123, 7.531874621241305 ], [ 81.531133121609159, 7.536199136097807 ], [ 81.524998914330112, 7.538630370296139 ], [ 81.513036023330116, 7.544042154296128 ], [ 81.495775725709123, 7.552882275091609 ], [ 81.47945271400026, 7.56335246603523 ], [ 81.464220451287247, 7.575354290158485 ], [ 81.450222145824171, 7.58877491062873 ], [ 81.437589404642992, 7.603488151600491 ], [ 81.426440996231563, 7.619355684475372 ], [ 81.416881733914991, 7.636228328417769 ], [ 81.409001490438584, 7.653947452899421 ], [ 81.4028743530165, 7.672346469086562 ], [ 81.398557926790502, 7.691252396048212 ], [ 81.396092793247078, 7.710487487060652 ], [ 81.395502128684967, 7.729870900718179 ], [ 81.39679148631987, 7.749220401138941 ], [ 81.399948744075161, 7.768354071281137 ], [ 81.402847326776097, 7.779226612766993 ], [ 81.398434060434951, 7.790288722533313 ], [ 81.386715310434951, 7.824387030533325 ], [ 81.381220538023598, 7.84338318804622 ], [ 81.378554730492837, 7.857815112198032 ], [ 81.367299844206059, 7.869825246899358 ], [ 81.355454506756459, 7.88522149105565 ], [ 81.345158689929704, 7.901694271916359 ], [ 81.336509523523105, 7.919088186768577 ], [ 81.336289663239413, 7.919590104674922 ], [ 81.335528270279667, 7.919978199388006 ], [ 81.317967685091148, 7.931386810238629 ], [ 81.300389560091148, 7.944163503238607 ], [ 81.285527552164069, 7.956088111739499 ], [ 81.271867794646724, 7.969372937372193 ], [ 81.259534275644413, 7.983897395246538 ], [ 81.248638945142417, 7.99952964846789 ], [ 81.245503375530205, 8.00509101894238 ], [ 81.244176120173648, 8.006644878658554 ], [ 81.232694281234402, 8.021436673396472 ], [ 81.222646137513237, 8.03723745264163 ], [ 81.214119768479989, 8.053908710785642 ], [ 81.20718991411502, 8.07130431182371 ], [ 81.201917319757499, 8.089271770345617 ], [ 81.200452476757548, 8.09529390634563 ], [ 81.196207675060961, 8.118759840865883 ], [ 81.194786004000079, 8.142564195000091 ], [ 81.194786004000079, 8.147609768000052 ], [ 81.1952356112742, 8.15832161302046 ], [ 81.195178288237827, 8.167798106362699 ], [ 81.196398991237828, 8.19949569736271 ], [ 81.198050740118802, 8.218570803550776 ], [ 81.200570966446193, 8.232253789580737 ], [ 81.199087162715301, 8.234128340516374 ], [ 81.188059843015779, 8.251452663440727 ], [ 81.178867185293925, 8.269816459032914 ], [ 81.176673797495809, 8.274825240136106 ], [ 81.158295242323376, 8.280066531821143 ], [ 81.139726275437511, 8.286361528761253 ], [ 81.12186292765783, 8.294444493798101 ], [ 81.106737259603534, 8.303165147587579 ], [ 81.106419044395892, 8.303193828046178 ], [ 81.087453049278054, 8.306771117893266 ], [ 81.068920179769606, 8.312159876678281 ], [ 81.050993025985477, 8.319309920780299 ], [ 81.033838537222479, 8.328154664345858 ], [ 81.017616467219, 8.33861173937966 ], [ 81.002477886424501, 8.350583762808828 ], [ 80.988563775133358, 8.363959243377321 ], [ 80.976003710584877, 8.378613619924895 ], [ 80.964914660255815, 8.394410421381517 ], [ 80.955399892583387, 8.411202537674587 ], [ 80.950842600583371, 8.420235740674588 ], [ 80.942671053848926, 8.438694687953609 ], [ 80.936401892919406, 8.457883344288085 ], [ 80.932098985954866, 8.477606221926438 ], [ 80.92980616956342, 8.497662390645266 ], [ 80.929546802208179, 8.517847524760697 ], [ 80.931323526238884, 8.537955984731605 ], [ 80.935118240972514, 8.557782912147955 ], [ 80.940892287097128, 8.577126316761257 ], [ 80.948586840520235, 8.595789134295106 ], [ 80.958123511649504, 8.613581234071557 ], [ 80.969405144000163, 8.630321356000245 ], [ 80.982344597000164, 8.647573960000209 ], [ 80.98288031520211, 8.648214511745369 ], [ 80.980717540117183, 8.65029589586185 ], [ 80.975335359254331, 8.655943394810908 ], [ 80.97028107570182, 8.661186271475966 ], [ 80.957987869567248, 8.675188807501424 ], [ 80.947051154946905, 8.690274635470891 ], [ 80.937565860864652, 8.706312812686033 ], [ 80.934375182161432, 8.713074662859881 ], [ 80.931472237516061, 8.715257999930476 ], [ 80.916258091142097, 8.729395734730609 ], [ 80.913209870239726, 8.732538620632742 ], [ 80.909117545115663, 8.732791863667277 ], [ 80.890866500479177, 8.735628457147509 ], [ 80.872954966718936, 8.740136655374148 ], [ 80.855535705437177, 8.746278009401754 ], [ 80.838757279805449, 8.754000141634211 ], [ 80.822762787518059, 8.763237192536081 ], [ 80.807688640358691, 8.77391038232699 ], [ 80.791982260358708, 8.786158103326985 ], [ 80.791989711064076, 8.786167658052289 ], [ 80.791486194927231, 8.786523040490074 ], [ 80.776297250584946, 8.799717654853035 ], [ 80.762510840154775, 8.814371554193192 ], [ 80.750266482757709, 8.830336440361066 ], [ 80.739688091865588, 8.847450747958916 ], [ 80.73088272129101, 8.865541279390161 ], [ 80.723939481797714, 8.884424957627171 ], [ 80.718928639295399, 8.903910678959404 ], [ 80.716504017597984, 8.919839118541596 ], [ 80.71347609219562, 8.924010927369819 ], [ 80.702837328972322, 8.940276526972738 ], [ 80.693827614334054, 8.957497968709736 ], [ 80.686532034452171, 8.975512616293043 ], [ 80.681019487508763, 8.994150342537427 ], [ 80.677342033034336, 9.013235136011613 ], [ 80.67679786733531, 9.019060706313583 ], [ 80.673188846311362, 9.023495967249762 ], [ 80.662105620621716, 9.040330738398183 ], [ 80.652773094267587, 9.058195546350044 ], [ 80.6452860501158, 9.07690895280575 ], [ 80.639720527973964, 9.096280900942066 ], [ 80.63613305231614, 9.116114645664432 ], [ 80.635488034362325, 9.124354383602837 ], [ 80.60604424490522, 9.151536816311193 ], [ 80.593760257175532, 9.163911843493338 ], [ 80.582600825480554, 9.177309781265517 ], [ 80.57265077200563, 9.191628792689087 ], [ 80.563985726523242, 9.206760039798631 ], [ 80.562683642523211, 9.209282825798617 ], [ 80.560795203860692, 9.213037975427779 ], [ 80.556888953860692, 9.221013236427792 ], [ 80.549253263616308, 9.238715114214866 ], [ 80.543667322940351, 9.256105054119026 ], [ 80.529742349439303, 9.258756292630451 ], [ 80.507288478794322, 9.264395396078593 ], [ 80.485636706728698, 9.272591526937617 ], [ 80.442872242811319, 9.29167786604104 ], [ 80.409466359700758, 9.278541228163778 ], [ 80.383347808150646, 9.270285933043773 ], [ 80.333950021150613, 9.258323043043767 ], [ 80.315977410000087, 9.254941568488094 ], [ 80.315977410000087, 9.23383209800005 ], [ 80.315291606319846, 9.217283649570984 ], [ 80.31323889854599, 9.200848691010268 ], [ 80.309833364223991, 9.184639933868556 ], [ 80.303735345566849, 9.160608927172115 ], [ 80.300809945081582, 9.148907326202551 ], [ 80.299670620524424, 9.144350028974047 ], [ 80.291977392906404, 9.12019928632032 ], [ 80.266307710611727, 9.054367922515983 ], [ 80.262908442672838, 9.037068075521116 ], [ 80.25898276418279, 9.020744179475564 ], [ 80.253701791682616, 9.004807057302298 ], [ 80.247102740255983, 8.989369018113916 ], [ 80.24284890414188, 8.980470687768282 ], [ 80.240903075237242, 8.973375531148998 ], [ 80.234796996098765, 8.954744276967054 ], [ 80.226896000879506, 8.936800417031606 ], [ 80.217276019691127, 8.919716395351314 ], [ 80.206029502437104, 8.903656392720789 ], [ 80.193264530351115, 8.888774748910997 ], [ 80.179103777315191, 8.875214479433833 ], [ 80.166489845315226, 8.864268841433823 ], [ 80.152880486101097, 8.853459254179429 ], [ 80.138384050704488, 8.843872012885862 ], [ 80.129121320545991, 8.838843143305214 ], [ 80.128969252942568, 8.832829558783049 ] ], [ [ 79.87282359446229, 9.279236350517934 ], [ 79.871199169312888, 9.28375734115915 ], [ 79.869681505390275, 9.288140255795764 ], [ 79.868542182390257, 9.291558224795761 ], [ 79.862348006522694, 9.314665171781797 ], [ 79.857546574522729, 9.338102671781797 ], [ 79.856605150895035, 9.3439097190439 ], [ 79.850894125301565, 9.338598465613893 ], [ 79.835794082322593, 9.325885628061023 ], [ 79.819514417816478, 9.314723188355439 ], [ 79.802213706922686, 9.305219876344266 ], [ 79.791912396171568, 9.300821112494052 ], [ 79.791954473174499, 9.300815829272812 ], [ 79.808244464078442, 9.297374748796942 ], [ 79.828004937982428, 9.292332981804952 ], [ 79.848416452296348, 9.287128452517567 ], [ 79.8696955012892, 9.280418339982665 ], [ 79.87282359446229, 9.279236350517934 ] ], [ [ 79.640579508323739, 9.289826052264129 ], [ 79.627109659452742, 9.293556463535262 ], [ 79.603672159452742, 9.301246892535298 ], [ 79.590241463715344, 9.306373735299811 ], [ 79.603221949805018, 9.291744933475965 ], [ 79.613618708110351, 9.278793921775142 ], [ 79.617792332055785, 9.280974357229805 ], [ 79.636866005451864, 9.288564862669094 ], [ 79.640579508323739, 9.289826052264129 ] ] ], [ [ [ 94.070304751443317, 16.469255450295883 ], [ 94.071690737627009, 16.476827762532626 ], [ 94.06893796518068, 16.511797306073532 ], [ 94.068368632168131, 16.53184994315184 ], [ 94.069810983516504, 16.551858741628045 ], [ 94.073250508003142, 16.571622396785411 ], [ 94.07865260122621, 16.590942070247525 ], [ 94.085962913753036, 16.609623390453379 ], [ 94.090764345753058, 16.620284197453401 ], [ 94.099424377822899, 16.637294349228974 ], [ 94.109666546238003, 16.653401472033355 ], [ 94.121397559844041, 16.668458853567135 ], [ 94.134510566287446, 16.682329343136498 ], [ 94.148303414622987, 16.69437759474317 ], [ 94.152501844965201, 16.702992545887668 ], [ 94.163104500660197, 16.720122439936333 ], [ 94.165604117474061, 16.72337653822601 ], [ 94.166326738497716, 16.728587746073167 ], [ 94.169365515368057, 16.745269085549769 ], [ 94.173806332849665, 16.761633082362781 ], [ 94.179128290982192, 16.778397250212695 ], [ 94.183153608211384, 16.795592396416456 ], [ 94.18730399921138, 16.810159454416468 ], [ 94.190417675631679, 16.81942482378815 ], [ 94.18762633055664, 16.828571462644248 ], [ 94.182520122568789, 16.849155834329032 ], [ 94.1796223454417, 16.870165179996953 ], [ 94.178965583934257, 16.891363254956598 ], [ 94.180557223160804, 16.912511692304189 ], [ 94.184379365547372, 16.933372683298131 ], [ 94.187797334547369, 16.947695600298147 ], [ 94.19309623185768, 16.965992447270779 ], [ 94.200111773642689, 16.983702193042756 ], [ 94.208780319656512, 17.000664186789116 ], [ 94.219023234717909, 17.016724560785075 ], [ 94.230747602035436, 17.03173762618988 ], [ 94.243847066085635, 17.045567194637329 ], [ 94.257285490188167, 17.057287767039959 ], [ 94.258316759857266, 17.075855416521527 ], [ 94.259456082857284, 17.084807239521488 ], [ 94.26233982980888, 17.101670016247056 ], [ 94.262880352205414, 17.103744092897962 ], [ 94.260883175786532, 17.109402782445962 ], [ 94.256072758400748, 17.129348164463607 ], [ 94.253331083862605, 17.149681427851025 ], [ 94.252687005443832, 17.170188586168202 ], [ 94.254147301399627, 17.190653822911926 ], [ 94.255856285399631, 17.204529148911931 ], [ 94.259422800258747, 17.224812164917726 ], [ 94.265056198920846, 17.244620889915705 ], [ 94.272696750351955, 17.263745291615113 ], [ 94.282263441638804, 17.281982593618245 ], [ 94.29365483697039, 17.299139425462482 ], [ 94.306750153163691, 17.315033872930986 ], [ 94.321410540330163, 17.329497406892671 ], [ 94.331745826330206, 17.338693369892695 ], [ 94.34652232435559, 17.350633249229496 ], [ 94.362365021269056, 17.361117264060624 ], [ 94.379130974114787, 17.370050820891244 ], [ 94.396668909730792, 17.377353315451355 ], [ 94.414820589632171, 17.382958859959174 ], [ 94.433422237740132, 17.386816877602847 ], [ 94.452306018074594, 17.388892558876865 ], [ 94.471301549077864, 17.389167175655686 ], [ 94.490237440906171, 17.387638250170891 ], [ 94.508942841818566, 17.384319577367197 ], [ 94.52724897971072, 17.379241100435621 ], [ 94.544990684884951, 17.372448640646848 ], [ 94.580299082884878, 17.356970135313361 ], [ 94.597866436736197, 17.348217424596836 ], [ 94.614491283302499, 17.337784958787108 ], [ 94.6300135162233, 17.325773208232892 ], [ 94.644283647910243, 17.312297852658311 ], [ 94.657164249194352, 17.297488667103934 ], [ 94.668531272844007, 17.281488272122168 ], [ 94.678275248207598, 17.264450760263394 ], [ 94.686302335475801, 17.246540212080465 ], [ 94.69253522941014, 17.227929115943279 ], [ 94.696913903834812, 17.208796706881508 ], [ 94.699396189721455, 17.189327240453245 ], [ 94.699958181300033, 17.169708218263292 ], [ 94.698594466284433, 17.150128582220187 ], [ 94.695318177995745, 17.130776894922342 ], [ 94.690160868881165, 17.111839523697142 ], [ 94.687588411387026, 17.105088501431542 ], [ 94.686861504482977, 17.096576485192841 ], [ 94.682783536916901, 17.075605514776377 ], [ 94.678144864916902, 17.057091516776374 ], [ 94.672857372013212, 17.039469743771747 ], [ 94.665972944098044, 17.022408409787737 ], [ 94.660194949098084, 17.009794477787771 ], [ 94.657461449357044, 17.004480106614984 ], [ 94.6575009474589, 17.001952228805713 ], [ 94.659629055938282, 16.994366939422989 ], [ 94.663019908292867, 16.975457118381343 ], [ 94.664580789274723, 16.956309197813351 ], [ 94.664297296665836, 16.93709985520465 ], [ 94.662172046246909, 16.918006334780841 ], [ 94.658224647661655, 16.899204812078494 ], [ 94.652491523479029, 16.88086876837697 ], [ 94.645025573122822, 16.863167389990064 ], [ 94.635895684769835, 16.846264007187219 ], [ 94.625186099719912, 16.830314587148354 ], [ 94.6023653878853, 16.799623574313586 ], [ 94.602449587233281, 16.79787054372715 ], [ 94.602471420633535, 16.77914628007218 ], [ 94.600742088576908, 16.760502033325359 ], [ 94.597276748595178, 16.742101219622448 ], [ 94.59210577426559, 16.72410512141753 ], [ 94.587874003265554, 16.71161325941754 ], [ 94.580161684960871, 16.692236137838645 ], [ 94.570473446463225, 16.673767496060513 ], [ 94.562160669506028, 16.66128314062026 ], [ 94.561985604361865, 16.634191740184576 ], [ 94.560748460376487, 16.613235814255464 ], [ 94.557321585267559, 16.592524998632346 ], [ 94.551742733034416, 16.57228746507344 ], [ 94.548429650770032, 16.563845840798237 ], [ 94.54840818060913, 16.563144717787502 ], [ 94.546302341192643, 16.545560630037329 ], [ 94.542649236762983, 16.528231765975313 ], [ 94.534999497762939, 16.498527989975294 ], [ 94.528129338692381, 16.476979185407693 ], [ 94.518870111251502, 16.456343857178041 ], [ 94.50861620425151, 16.436568466178045 ], [ 94.49898977493811, 16.41999778903595 ], [ 94.487821566023996, 16.404424523741739 ], [ 94.475214117157932, 16.38999165447181 ], [ 94.461283182207751, 16.376831694985274 ], [ 94.459825652914063, 16.375697949776683 ], [ 94.459476986807033, 16.373793018356821 ], [ 94.472540245181165, 16.376262307256173 ], [ 94.492090248731913, 16.377999899668126 ], [ 94.511716427511274, 16.377812889656205 ], [ 94.531229770688867, 16.375703078229058 ], [ 94.550442354102785, 16.371690784024064 ], [ 94.569169150072099, 16.365814647627765 ], [ 94.587229809314508, 16.35813125944588 ], [ 94.604450397808563, 16.348714614706765 ], [ 94.620665071873333, 16.33765540084692 ], [ 94.635717675333709, 16.325060124141395 ], [ 94.649463243389803, 16.311050083990146 ], [ 94.661769398707136, 16.295760204738496 ], [ 94.672517626282755, 16.279337736281935 ], [ 94.681604414809556, 16.261940835969135 ], [ 94.688942253546671, 16.243737045460222 ], [ 94.694460475095781, 16.224901677209001 ], [ 94.698105935966822, 16.20561612610819 ], [ 94.699843528378779, 16.186066122557445 ], [ 94.699656518366851, 16.166439943778077 ], [ 94.697546706939704, 16.146926600600494 ], [ 94.694285347549908, 16.131309814762314 ], [ 94.697752362718063, 16.114131457192194 ], [ 94.69973083212723, 16.094604359993141 ], [ 94.69978578443903, 16.074977367190684 ], [ 94.697916690432663, 16.055439497454717 ], [ 94.694141550505165, 16.036178911151282 ], [ 94.692947196446426, 16.032201599636252 ], [ 94.695603552484386, 16.022181852995157 ], [ 94.698749406040932, 16.002808534445538 ], [ 94.699981194169837, 15.983220156150496 ], [ 94.699287054078042, 15.963605364901104 ], [ 94.696673670714091, 15.944153061859632 ], [ 94.692166212388386, 15.925050583338081 ], [ 94.685808088388654, 15.906481896647087 ], [ 94.677660530924712, 15.888625828390163 ], [ 94.667802005428825, 15.871654342265744 ], [ 94.662309871783961, 15.864032800464134 ], [ 94.661588457459359, 15.862149600495231 ], [ 94.653320462224073, 15.8454259045073 ], [ 94.64353015859416, 15.829545359568877 ], [ 94.632302732430475, 15.814646142997317 ], [ 94.623186785561003, 15.803655544987725 ], [ 94.620182086881883, 15.79669996835681 ], [ 94.612369586881883, 15.780912208356787 ], [ 94.603261108164347, 15.7644928086349 ], [ 94.59265296662727, 15.748999958512847 ], [ 94.569703747627273, 15.718645140512869 ], [ 94.556510686527147, 15.702938900246671 ], [ 94.541778297512394, 15.688666564824265 ], [ 94.525661544264551, 15.675978258820734 ], [ 94.508329951998732, 15.665007445085068 ], [ 94.489965824300668, 15.655869520901708 ], [ 94.470762325553494, 15.648660604175994 ], [ 94.450921449124351, 15.643456522411148 ], [ 94.430651892682917, 15.640312015111286 ], [ 94.410166863000029, 15.639260158000059 ], [ 94.402679884000065, 15.639260158000059 ], [ 94.383076455934159, 15.640223212665619 ], [ 94.363661819596842, 15.643103101919413 ], [ 94.344622948549173, 15.647872090853618 ], [ 94.326143197527045, 15.654484251497802 ], [ 94.308400536634863, 15.662875905130388 ], [ 94.291565837396149, 15.672966235539549 ], [ 94.275801227167335, 15.684658067327511 ], [ 94.261258527762749, 15.697838801762749 ], [ 94.248077793327511, 15.71238150116733 ], [ 94.236385961539554, 15.728146111396139 ], [ 94.226295631130398, 15.744980810634859 ], [ 94.217903977497812, 15.762723471527041 ], [ 94.214586690513372, 15.771994667561138 ], [ 94.197123565287683, 15.775978197076535 ], [ 94.177827413784726, 15.782505102362153 ], [ 94.159295253858417, 15.790960928986312 ], [ 94.141719329775697, 15.801257960018157 ], [ 94.129756438775701, 15.809111150018149 ], [ 94.113005306751106, 15.82139828529578 ], [ 94.097619106195495, 15.83535675762978 ], [ 94.083763844257007, 15.85083596413569 ], [ 94.07158901024674, 15.867668894191349 ], [ 94.046686666246742, 15.906161733191363 ], [ 94.038284303125153, 15.920408866525456 ], [ 94.031087923392676, 15.935301570544958 ], [ 94.025146746781004, 15.950737986409251 ], [ 94.020345314781039, 15.964938832409246 ], [ 94.015057494377302, 15.983479624863717 ], [ 94.011579507644797, 16.002443422947184 ], [ 94.009943675690678, 16.021653995121898 ], [ 94.009374014690692, 16.037156925121923 ], [ 94.009506707227729, 16.054843175934614 ], [ 94.015366082227729, 16.168002354934593 ], [ 94.018855749190706, 16.196244950352028 ], [ 94.037170775688324, 16.289395569806025 ], [ 94.035467392050137, 16.341888159740325 ], [ 94.035634579126935, 16.358809656793792 ], [ 94.037231641098685, 16.375656448984223 ], [ 94.040247144398549, 16.39230792801456 ], [ 94.043014071398588, 16.404596339014546 ], [ 94.047852728179336, 16.422265925385986 ], [ 94.054287931611569, 16.439418623096994 ], [ 94.062265686013731, 16.455910509486316 ], [ 94.070304751443317, 16.469255450295883 ] ] ], [ [ [ 94.160935096033143, 13.60354889802487 ], [ 94.177212904252954, 13.614550964487396 ], [ 94.194491664015558, 13.623902807511783 ], [ 94.21260462988667, 13.631514178888782 ], [ 94.231377006082212, 13.637311626504744 ], [ 94.250627633302287, 13.64123920317747 ], [ 94.270170736975103, 13.643259006564028 ], [ 94.289817720039622, 13.6433515449302 ], [ 94.309378982966209, 13.641515925251818 ], [ 94.328665753451361, 13.637769861832728 ], [ 94.347491908129456, 13.63214950535621 ], [ 94.365675768721431, 13.624709094019595 ], [ 94.383041855287004, 13.615520430118689 ], [ 94.399422579660907, 13.604672187133175 ], [ 94.414659862731156, 13.592269053999807 ], [ 94.428606659951825, 13.578430724831438 ], [ 94.44112838036898, 13.563290743831402 ], [ 94.452104185465373, 13.546995216550199 ], [ 94.461428155290037, 13.529701399921255 ], [ 94.47127516029002, 13.509071516921285 ], [ 94.478808020471192, 13.491082434029908 ], [ 94.48455298404869, 13.472445200349041 ], [ 94.488455423444137, 13.453337033180343 ], [ 94.490478231231009, 13.433939627827066 ], [ 94.490602172980843, 13.414437429893892 ], [ 94.488826070159163, 13.395015881434801 ], [ 94.485166811331908, 13.37585965762589 ], [ 94.479659191575763, 13.35715091073029 ], [ 94.472355581619581, 13.339067538052884 ], [ 94.463325429862792, 13.321781490354484 ], [ 94.452654602006021, 13.305457136810364 ], [ 94.44044456457334, 13.290249702060404 ], [ 94.426811420089592, 13.276303790212582 ], [ 94.41188480308746, 13.263752009834736 ], [ 94.395806647441546, 13.252713713009245 ], [ 94.378729836750765, 13.24329386044068 ], [ 94.360816750602339, 13.235582023407851 ], [ 94.34223772054041, 13.229651532050474 ], [ 94.3231694104214, 13.225558778089228 ], [ 94.307300270421393, 13.222954612089202 ], [ 94.28830997615816, 13.220764050768171 ], [ 94.269197290132396, 13.22039653480206 ], [ 94.25013682098664, 13.221855421723335 ], [ 94.23130270032334, 13.225127383511824 ], [ 94.212866991882706, 13.230182528356105 ], [ 94.194998119612094, 13.236974673737505 ], [ 94.177859328987722, 13.245441768341855 ], [ 94.161607195645374, 13.255506458944529 ], [ 94.1485863616454, 13.264458281944547 ], [ 94.132732752023855, 13.276564812793168 ], [ 94.118163971477912, 13.290190364548055 ], [ 94.105024944783068, 13.30519939532066 ], [ 94.093446374058686, 13.32144260089103 ], [ 94.083543438592244, 13.338758399930301 ], [ 94.075414649078908, 13.356974541351271 ], [ 94.069140867673994, 13.375909817797737 ], [ 94.064784503606504, 13.395375868227458 ], [ 94.062388892355528, 13.415179051657276 ], [ 94.061977864565051, 13.435122373431151 ], [ 94.063555508985687, 13.455007444849249 ], [ 94.067106131801282, 13.474636456664475 ], [ 94.072594412745133, 13.49381414681481 ], [ 94.079965756452779, 13.512349742817221 ], [ 94.089146835556249, 13.530058859500915 ], [ 94.100046320117286, 13.546765333201984 ], [ 94.112555786143375, 13.562302974173612 ], [ 94.126550794148997, 13.576517219779454 ], [ 94.141892127033145, 13.589266672024893 ], [ 94.160935096033143, 13.60354889802487 ] ] ], [ [ [ 93.423220134182699, 7.418772451595973 ], [ 93.426134896567362, 7.427927793882751 ], [ 93.432944385655219, 7.446186950669454 ], [ 93.441498571217508, 7.463696715304218 ], [ 93.451716238544449, 7.480290847477815 ], [ 93.463500379583039, 7.495811800031759 ], [ 93.476739113945882, 7.510112214734457 ], [ 93.491306751120263, 7.523056321322183 ], [ 93.507064983792588, 7.534521226522136 ], [ 93.523178146703117, 7.543994725243198 ], [ 93.533158704276246, 7.559824532110065 ], [ 93.545085912126254, 7.575196970240949 ], [ 93.558450406991795, 7.589337706366539 ], [ 93.573125703905205, 7.602112908975047 ], [ 93.588972912135844, 7.613401670310095 ], [ 93.605842049687283, 7.623097150672372 ], [ 93.623573462764924, 7.631107589577637 ], [ 93.641999336779961, 7.63735717420121 ], [ 93.660945284589189, 7.641786756889755 ], [ 93.680231996939213, 7.644354414949679 ], [ 93.699676939494566, 7.645035847414126 ], [ 93.719096080389065, 7.643824605033488 ], [ 93.738305631949942, 7.640732151312741 ], [ 93.757123790111038, 7.635787754017928 ], [ 93.775372455052548, 7.629038208178597 ], [ 93.792878916782897, 7.620547393207783 ], [ 93.809477489709877, 7.610395668331042 ], [ 93.825011080731045, 7.598679112046369 ], [ 93.839332676002769, 7.585508612812939 ], [ 93.85230673231645, 7.571008819574606 ], [ 93.863810459913822, 7.555316962050707 ], [ 93.873734984600375, 7.538581551959198 ], [ 93.881986378158302, 7.520960977464108 ], [ 93.888486547307011, 7.502622004149794 ], [ 93.892220001624281, 7.487581374158778 ], [ 93.898829295591966, 7.478477984825154 ], [ 93.909058946091108, 7.460860655700722 ], [ 93.917443361000281, 7.442294083010966 ], [ 93.923895548653732, 7.42297090239033 ], [ 93.926511836129706, 7.411291185383192 ], [ 93.932328782410238, 7.408233155647783 ], [ 93.948483231796203, 7.397634338308162 ], [ 93.963539596473282, 7.385526198621434 ], [ 93.988035038473328, 7.363797682621438 ], [ 94.003874192980504, 7.348084125772641 ], [ 94.017864568009955, 7.330704134665691 ], [ 94.027548813009915, 7.317195020665705 ], [ 94.037385637949896, 7.302077177770872 ], [ 94.045820490574783, 7.2861346070908 ], [ 94.052784771852174, 7.269496966483366 ], [ 94.058221842623283, 7.25229956667634 ], [ 94.061110457442865, 7.241489144760336 ], [ 94.064095732621752, 7.233490138131002 ], [ 94.069012678690015, 7.218545475497631 ], [ 94.072739718534564, 7.203260565492641 ], [ 94.076645968534564, 7.183973455492591 ], [ 94.080220218688481, 7.157004510049504 ], [ 94.080480165997741, 7.152929207972916 ], [ 94.084103809899375, 7.14590455172181 ], [ 94.089900047931167, 7.132278384741436 ], [ 94.091110091377317, 7.129113271024593 ], [ 94.091991911370641, 7.12786685224293 ], [ 94.102615297511989, 7.111153454980111 ], [ 94.111533681624891, 7.093471362174457 ], [ 94.118659620295091, 7.074993944085291 ], [ 94.123923244766132, 7.05590236901667 ], [ 94.127272945992146, 7.036383826989418 ], [ 94.128675880656601, 7.016629694371145 ], [ 94.129815203656619, 6.963325658371159 ], [ 94.129401619730672, 6.945505962377647 ], [ 94.127403120483862, 6.927793858670706 ], [ 94.1238355796268, 6.910330031220853 ], [ 94.118727333478077, 6.893253191986117 ], [ 94.109938271478072, 6.868025326986084 ], [ 94.101805445831971, 6.848366482777034 ], [ 94.103345180065546, 6.837106222386424 ], [ 94.104143534093296, 6.818549858378161 ], [ 94.103217018337332, 6.799999451835047 ], [ 94.102159076337287, 6.789053813835038 ], [ 94.099486337477302, 6.770516479411598 ], [ 94.095091290906183, 6.752310440133994 ], [ 94.089012478578326, 6.734595352179856 ], [ 94.081303208076264, 6.71752656637459 ], [ 94.07203108513464, 6.701253765856685 ], [ 94.061277420778055, 6.685919653445268 ], [ 94.04913651827151, 6.671658700220933 ], [ 94.035714846136671, 6.658595966294031 ], [ 94.031076174136672, 6.654486266294073 ], [ 94.016875548114939, 6.643017852425257 ], [ 94.001688473974468, 6.632891891970704 ], [ 93.997837261967618, 6.630804132572063 ], [ 93.995434650717058, 6.627161643346952 ], [ 93.9827104857291, 6.611549891917476 ], [ 93.968480705534617, 6.5972970145605 ], [ 93.952889611188823, 6.584547546554464 ], [ 93.936095308532813, 6.573430777435936 ], [ 93.918268104877157, 6.564059439903002 ], [ 93.899588781953142, 6.556528566617893 ], [ 93.880246762645143, 6.55091452650177 ], [ 93.860438190095095, 6.547274250294372 ], [ 93.840363938658228, 6.545644653231975 ], [ 93.820227576880612, 6.546042260698141 ], [ 93.800233303155551, 6.548463040643453 ], [ 93.780583874992828, 6.552882444473637 ], [ 93.761478552899604, 6.559255655991437 ], [ 93.739912796899574, 6.567678507991461 ], [ 93.722027909001795, 6.575694705565671 ], [ 93.705013509071208, 6.585422954825747 ], [ 93.689032990064845, 6.596769833293065 ], [ 93.674239816358011, 6.609626374443159 ], [ 93.660776049992634, 6.623869114134778 ], [ 93.64877098642485, 6.63936127626271 ], [ 93.638339912872794, 6.655954086248248 ], [ 93.62958300118855, 6.673488199753609 ], [ 93.62258434588621, 6.691795232900018 ], [ 93.617411156564131, 6.710699379294462 ], [ 93.614074568564106, 6.725754718294477 ], [ 93.612716463648596, 6.733886154112116 ], [ 93.612675072275522, 6.733948592925031 ], [ 93.603727055224311, 6.750709804781205 ], [ 93.596409945966414, 6.768244488814411 ], [ 93.590789782369981, 6.786394392207695 ], [ 93.588445485470515, 6.797655093235905 ], [ 93.5867198197422, 6.801983007182571 ], [ 93.584882139484449, 6.808214325835532 ], [ 93.582405119467168, 6.811501803369217 ], [ 93.571976771119992, 6.828746973379599 ], [ 93.557057693545616, 6.83556819376404 ], [ 93.539845831158942, 6.845619114088336 ], [ 93.523719851547369, 6.857333293007473 ], [ 93.508839913588844, 6.870594388457445 ], [ 93.495353800811898, 6.885270694816686 ], [ 93.483395453649464, 6.901216450970773 ], [ 93.473083639178668, 6.918273287972473 ], [ 93.464520771558227, 6.936271801919393 ], [ 93.457791894878682, 6.955033236427829 ], [ 93.452963838527481, 6.974371257992932 ], [ 93.450084553457472, 6.994093806602794 ], [ 93.449182635951004, 7.01400500322666 ], [ 93.449670916951007, 7.120531696226696 ], [ 93.450854308948379, 7.141358751794717 ], [ 93.452007722330279, 7.148455892000583 ], [ 93.442777827514206, 7.163407078937678 ], [ 93.434126301810267, 7.181113507133236 ], [ 93.427259361258237, 7.199585421595612 ], [ 93.424977762047831, 7.208254797108003 ], [ 93.418686803423583, 7.218517034440163 ], [ 93.410288800875193, 7.235717587226053 ], [ 93.403573569690209, 7.253642182983697 ], [ 93.398602618945759, 7.272126638930228 ], [ 93.395421480744119, 7.291001644166914 ], [ 93.394059293155095, 7.310094310505463 ], [ 93.394528533321932, 7.329229756060995 ], [ 93.396824903175272, 7.348232707106546 ], [ 93.400927368801774, 7.366929103516715 ], [ 93.406798353107291, 7.385147693095147 ], [ 93.414384080009214, 7.402721600182423 ], [ 93.423220134182699, 7.418772451595973 ] ] ], [ [ [ 94.014936537115645, 12.409582299942722 ], [ 94.027897479891934, 12.395155278808408 ], [ 94.039400147272389, 12.379540746487692 ], [ 94.049336378244575, 12.362885528370608 ], [ 94.057612741192472, 12.345346235545215 ], [ 94.064151412445611, 12.327087792164038 ], [ 94.068890908064702, 12.308281884641751 ], [ 94.071786661982799, 12.289105347266458 ], [ 94.07281144506554, 12.26973849940488 ], [ 94.07195562115011, 12.250363449936918 ], [ 94.069227237655255, 12.231162384863199 ], [ 94.064651949910427, 12.212315854187443 ], [ 94.058272779915498, 12.194001074182321 ], [ 94.050149711799577, 12.176390261002791 ], [ 94.040359127782764, 12.159649011316166 ], [ 94.028993089944635, 12.143934745176054 ], [ 94.016158474553023, 12.129395225782007 ], [ 94.001975967093259, 12.11616717004377 ], [ 93.986578927447439, 12.104374963015172 ], [ 93.970112135894937, 12.094129488285988 ], [ 93.952730431725357, 12.085527085329751 ], [ 93.933687463725406, 12.077226304329749 ], [ 93.914846133085859, 12.070119304434156 ], [ 93.895385639068067, 12.064942977515546 ], [ 93.875503264954062, 12.061749799259399 ], [ 93.855400570890069, 12.060572140924423 ], [ 93.835281350544349, 12.061421941174725 ], [ 93.815349565122531, 12.064290585050056 ], [ 93.795807275684382, 12.069148991301079 ], [ 93.776852594723579, 12.075947907204316 ], [ 93.758677677776717, 12.084618407868017 ], [ 93.741466775421515, 12.095072594967185 ], [ 93.725394365412754, 12.107204487824248 ], [ 93.710623383891431, 12.12089109780193 ], [ 93.697303573598404, 12.135993675116502 ], [ 93.685569965838042, 12.152359115431713 ], [ 93.675541511580789, 12.169821511973858 ], [ 93.667319875582336, 12.188203837433212 ], [ 93.660988405743907, 12.207319738601344 ], [ 93.656611288162139, 12.226975425550931 ], [ 93.654739543162123, 12.237961753550932 ], [ 93.652366241541912, 12.257883454214781 ], [ 93.65200076813187, 12.277942695155232 ], [ 93.653646800569575, 12.297937626891413 ], [ 93.657287775377171, 12.317667047064619 ], [ 93.662887054634183, 12.33693242507084 ], [ 93.670388294652668, 12.355539899808308 ], [ 93.67971601294515, 12.373302230437387 ], [ 93.690776347779718, 12.390040680522976 ], [ 93.70345800267954, 12.405586816599898 ], [ 93.712165684679505, 12.415230371599867 ], [ 93.725650971678903, 12.428799766923897 ], [ 93.740371037509888, 12.441018650540968 ], [ 93.756191200394724, 12.451775225330991 ], [ 93.772966713177667, 12.460971073621673 ], [ 93.790544087694343, 12.4685220576646 ], [ 93.808762499117265, 12.474359089456623 ], [ 93.827455257428468, 12.478428762863048 ], [ 93.846451332555873, 12.480693842259017 ], [ 93.865576919219151, 12.481133603218211 ], [ 93.884657027167492, 12.479744022131737 ], [ 93.903517082259199, 12.476537813022288 ], [ 93.921984523734238, 12.471544311216732 ], [ 93.939890383065105, 12.464809204941467 ], [ 93.957070829940577, 12.456394117296332 ], [ 93.973368671237054, 12.446376042431819 ], [ 93.98863478926279, 12.434846641088287 ], [ 94.002729506115642, 12.421911401942689 ], [ 94.014936537115645, 12.409582299942722 ] ] ], [ [ [ 93.514123778080815, 14.976624714137591 ], [ 93.516792947508137, 14.982318710261033 ], [ 93.526535982264491, 14.998792704841232 ], [ 93.536789888264437, 15.014377014841241 ], [ 93.547777487464586, 15.029488661499354 ], [ 93.560127324777426, 15.043509029513391 ], [ 93.573731620331984, 15.056315759906699 ], [ 93.58847164631166, 15.067797085397297 ], [ 93.604218763119192, 15.077852805816663 ], [ 93.62083554204402, 15.086395162579656 ], [ 93.641343354044025, 15.095753886579637 ], [ 93.659912561215762, 15.103130826488332 ], [ 93.67912516789734, 15.108618124721733 ], [ 93.698789415608388, 15.112161013283597 ], [ 93.718709038099306, 15.113724131072852 ], [ 93.738685220258631, 15.113291876818055 ], [ 93.758518582460383, 15.110868564791625 ], [ 93.778011170545639, 15.106478381749648 ], [ 93.796968431576744, 15.100165145527084 ], [ 93.815201155644417, 15.091991867697756 ], [ 93.83252736434676, 15.082040124664189 ], [ 93.848774127091559, 15.07040924345435 ], [ 93.863779287093621, 15.057215310351744 ], [ 93.877393079840118, 15.042590012253619 ], [ 93.889479627870344, 15.026679322321492 ], [ 93.899918296950673, 15.009642043042373 ], [ 93.908604900108813, 14.991648221242201 ], [ 93.915452737510194, 14.972877450871017 ], [ 93.920393461797474, 14.95351708049955 ], [ 93.923377760256528, 14.933760343417969 ], [ 93.924375847000036, 14.913804429000038 ], [ 93.924375847000036, 14.907619533000059 ], [ 93.923176504949708, 14.88574949873448 ], [ 93.919592863012255, 14.864141760986268 ], [ 93.91366790131238, 14.843055470440365 ], [ 93.9054726804072, 14.822743523846141 ], [ 93.897253279407238, 14.805206088846132 ], [ 93.886587846175587, 14.785424858239894 ], [ 93.874869096175587, 14.766341200239895 ], [ 93.864552629689399, 14.751151838005416 ], [ 93.852886609643392, 14.736972621449601 ], [ 93.839969364897442, 14.723923062299042 ], [ 93.825971968897406, 14.711024299299032 ], [ 93.81022312739951, 14.697937027608281 ], [ 93.793218654361496, 14.686528671656044 ], [ 93.775136800315039, 14.676918820300472 ], [ 93.75616710951067, 14.66920820945438 ], [ 93.736508433007387, 14.66347766611428 ], [ 93.716366844203108, 14.659787261085944 ], [ 93.695953478656435, 14.658175679288155 ], [ 93.675482320843884, 14.658659814235437 ], [ 93.660833883843878, 14.659758446235474 ], [ 93.641003871182406, 14.662247057099266 ], [ 93.621521236262438, 14.666702337422727 ], [ 93.602580524194593, 14.673079798716129 ], [ 93.584370868683848, 14.681315758427399 ], [ 93.567074103422641, 14.691327975848344 ], [ 93.550862946378814, 14.70301647333457 ], [ 93.535899275109117, 14.716264534638714 ], [ 93.522332510320524, 14.730939870388077 ], [ 93.510298123819979, 14.746895939068702 ], [ 93.499916285751937, 14.763973410325146 ], [ 93.491290664631691, 14.782001755964039 ], [ 93.484507392156601, 14.80080095277439 ], [ 93.479634203132548, 14.820183280160991 ], [ 93.476719759103617, 14.83995519464057 ], [ 93.475793162439061, 14.859919262482741 ], [ 93.476863665729809, 14.879876131197298 ], [ 93.479920579396023, 14.899626520181387 ], [ 93.484933378428664, 14.918973210648854 ], [ 93.491852007198872, 14.937723014971182 ], [ 93.50060737929175, 14.955688705765048 ], [ 93.511112067373176, 14.972690885463468 ], [ 93.514123778080815, 14.976624714137591 ] ] ], [ [ [ 93.113209202278597, 8.009816632047908 ], [ 93.103956905126694, 8.011743606618843 ], [ 93.075148311126696, 8.019108515618889 ], [ 93.052063613464711, 8.02652723603833 ], [ 93.029928196464695, 8.035153538038312 ], [ 93.01120272889159, 8.043582409555393 ], [ 92.99344026140227, 8.053886959985856 ], [ 92.976828049930404, 8.065958556437735 ], [ 92.961541224151588, 8.079669937421842 ], [ 92.940545131151637, 8.100543960421819 ], [ 92.924677773138413, 8.118320659445683 ], [ 92.911037204789537, 8.13785828912855 ], [ 92.895249443789524, 8.163615125128578 ], [ 92.885953136613949, 8.180570173266553 ], [ 92.878337605959246, 8.198343711949413 ], [ 92.872474037043318, 8.216769605252908 ], [ 92.866289141043282, 8.240044345252885 ], [ 92.861940450755355, 8.260777844452962 ], [ 92.859809232713147, 8.281855012335681 ], [ 92.859919398602116, 8.30303936882288 ], [ 92.86162838360211, 8.332376933822871 ], [ 92.865015632866971, 8.359170217734 ], [ 92.868026699867016, 8.374551076734004 ], [ 92.872685809629246, 8.393429966114979 ], [ 92.879156256457449, 8.411767171078635 ], [ 92.887376875255256, 8.429389350132787 ], [ 92.892910730255267, 8.439887397132786 ], [ 92.903054007935197, 8.457006934733098 ], [ 92.914848268379728, 8.473033789393542 ], [ 92.928176758833729, 8.487809309416818 ], [ 92.942907539020837, 8.501187230212658 ], [ 92.958894787235621, 8.513035122188009 ], [ 92.972810802235571, 8.522312466188007 ], [ 92.988785805905096, 8.531918435753015 ], [ 93.005585759950264, 8.539995374381331 ], [ 93.023064725105002, 8.546473118637241 ], [ 93.041070863611907, 8.551295397102386 ], [ 93.059447758219406, 8.554420319199082 ], [ 93.078035770960355, 8.555820739088944 ], [ 93.096673429908691, 8.555484491485666 ], [ 93.107985278908728, 8.554752069485668 ], [ 93.128112343127896, 8.552420390329742 ], [ 93.147900206059973, 8.548064254157593 ], [ 93.167145777228683, 8.541728369676417 ], [ 93.185651531907482, 8.533477764514576 ], [ 93.203227538392071, 8.523397117817941 ], [ 93.219693407342788, 8.511589891155138 ], [ 93.234880143190026, 8.498177266651521 ], [ 93.248631878601032, 8.483296903250231 ], [ 93.260807474206501, 8.467101523865336 ], [ 93.267155130206504, 8.457702109865364 ], [ 93.277627408511194, 8.440362059788923 ], [ 93.286291937931367, 8.422051628896366 ], [ 93.293059832103239, 8.402958657466478 ], [ 93.297861661577812, 8.383279013586533 ], [ 93.298804772872856, 8.376488071608142 ], [ 93.307281691838071, 8.36949894339835 ], [ 93.320452688094761, 8.356407137203716 ], [ 93.329873117882997, 8.345120724816198 ], [ 93.34008953475572, 8.357063877704295 ], [ 93.353463672672547, 8.370031971894955 ], [ 93.367986395126309, 8.381699429393805 ], [ 93.38353170332843, 8.391965023621955 ], [ 93.399964726561194, 8.400739690532319 ], [ 93.404666459408844, 8.402712442508125 ], [ 93.402162233377766, 8.420851890033545 ], [ 93.40110429137772, 8.433018231033556 ], [ 93.400353121400002, 8.449810701831018 ], [ 93.401014703056191, 8.466606940741297 ], [ 93.403084363076857, 8.483288302772555 ], [ 93.40360890866036, 8.486429256540832 ], [ 93.40109348238056, 8.494976414037893 ], [ 93.397383628026091, 8.514721123818619 ], [ 93.395673364381238, 8.534738405899901 ], [ 93.395103703381196, 8.55101444689987 ], [ 93.395382670604846, 8.570674310415704 ], [ 93.397590699136941, 8.590211778679899 ], [ 93.401706449041029, 8.609438027895491 ], [ 93.407690142823242, 8.628167242104681 ], [ 93.415483949869881, 8.646218409044602 ], [ 93.425012545363018, 8.663417069576781 ], [ 93.436183838272427, 8.679597003782618 ], [ 93.44888986138784, 8.694601837429273 ], [ 93.46300781478979, 8.708286553279931 ], [ 93.475703127789842, 8.719435642279945 ], [ 93.49130449765039, 8.731816946003628 ], [ 93.50805998644617, 8.742585094342058 ], [ 93.525803421858555, 8.751633294339305 ], [ 93.54435883362261, 8.758871810602322 ], [ 93.563542198709641, 8.764228855250405 ], [ 93.583163266372907, 8.767651299870479 ], [ 93.60302744495668, 8.769105202417357 ], [ 93.622937731756181, 8.768576143833485 ], [ 93.642696666789078, 8.766069371049744 ], [ 93.662108291102001, 8.761609744949082 ], [ 93.68098009019063, 8.755241493809072 ], [ 93.699124903259531, 8.747027774668599 ], [ 93.716362779386628, 8.737050046968839 ], [ 93.732522762183919, 8.725407264680438 ], [ 93.747444585254939, 8.712214894928914 ], [ 93.760980261634472, 8.697603772851117 ], [ 93.772995551447138, 8.681718804039646 ], [ 93.783371293229408, 8.664717527443711 ], [ 93.792004585711709, 8.646768552978894 ], [ 93.798809808340309, 8.628049889340724 ], [ 93.803719470417875, 8.608747178606015 ], [ 93.80523577631125, 8.598676350349528 ], [ 93.810273789561919, 8.586876341546366 ], [ 93.815319361561947, 8.572634805546381 ], [ 93.820540792019116, 8.555493043898579 ], [ 93.824206959990093, 8.537952732019434 ], [ 93.826288435006418, 8.520154676222086 ], [ 93.827671899006376, 8.500867566222036 ], [ 93.828103371993222, 8.480864388166683 ], [ 93.826534089798841, 8.46091819417768 ], [ 93.822979757536629, 8.441228602424106 ], [ 93.819968689536651, 8.428289149424105 ], [ 93.814114826085714, 8.408035901693578 ], [ 93.807278889085708, 8.388341891693612 ], [ 93.800879204323209, 8.372202764725156 ], [ 93.793103942366642, 8.356679469782714 ], [ 93.78447764036666, 8.341176539782689 ], [ 93.774582324344706, 8.325207585161619 ], [ 93.763232330063474, 8.310237534370799 ], [ 93.75052779988188, 8.296398469961343 ], [ 93.736580827391379, 8.283812495656063 ], [ 93.722240781328921, 8.273131636766639 ], [ 93.724313327868998, 8.266938520290289 ], [ 93.728777836276947, 8.24707729314976 ], [ 93.731200280864769, 8.226865120058495 ], [ 93.731555565095704, 8.206511399220092 ], [ 93.730904523095688, 8.187061529220076 ], [ 93.729482173258234, 8.169026541178185 ], [ 93.726435957837992, 8.151193862065256 ], [ 93.722332946937783, 8.13575004765598 ], [ 93.727227322661534, 8.120922968627507 ], [ 93.736567855432483, 8.104880584772967 ], [ 93.743892074432537, 8.090598357772999 ], [ 93.749981721118729, 8.077593842075999 ], [ 93.754376252118675, 8.067258556076014 ], [ 93.761589622016331, 8.047455901031615 ], [ 93.766679083235189, 8.027004122708213 ], [ 93.770585333235189, 8.006821830708196 ], [ 93.773368528566081, 7.987353704682687 ], [ 93.77422627664231, 7.967706354341415 ], [ 93.773982135642314, 7.92376104134142 ], [ 93.772872711469006, 7.903806370156008 ], [ 93.769777297641369, 7.884062051040124 ], [ 93.764726803392819, 7.864725240756121 ], [ 93.757771660398831, 7.845989026889719 ], [ 93.748981319191827, 7.828040499775256 ], [ 93.738443555663281, 7.81105888430644 ], [ 93.726263594578242, 7.795213750287409 ], [ 93.712563058854101, 7.780663319194626 ], [ 93.697478755095858, 7.76755288425741 ], [ 93.681161307514628, 7.756013359633402 ], [ 93.663773653870692, 7.746159973166145 ], [ 93.645489418459618, 7.738091115778249 ], [ 93.626491178387951, 7.731887358989508 ], [ 93.60696864045093, 7.727610650370547 ], [ 93.593734340467947, 7.726072714472031 ], [ 93.588653836716034, 7.721012593786601 ], [ 93.573912118784662, 7.708896617565558 ], [ 93.558082839736585, 7.698240677805256 ], [ 93.541310091570722, 7.689141774227266 ], [ 93.523746554570437, 7.681682733042467 ], [ 93.50555210747352, 7.675931452994134 ], [ 93.48689237211552, 7.671940287283947 ], [ 93.467937205794328, 7.669745567007179 ], [ 93.448859155079958, 7.669367270435155 ], [ 93.429831885144011, 7.670808841155491 ], [ 93.41102859890691, 7.674057156725524 ], [ 93.39262046039272, 7.679082648124319 ], [ 93.389887651532362, 7.679970811339743 ], [ 93.386731640875112, 7.679500854938853 ], [ 93.365452298776503, 7.678621851815163 ], [ 93.344200136011608, 7.680010601056442 ], [ 93.323216143098776, 7.683651354834894 ], [ 93.302738269623916, 7.689502828545745 ], [ 93.289147774623899, 7.694182190545735 ], [ 93.271344437392941, 7.701283467269231 ], [ 93.254302640241022, 7.710056385683055 ], [ 93.238178906514094, 7.720420369394255 ], [ 93.223121327445142, 7.732280228594298 ], [ 93.213843983445145, 7.740336869594351 ], [ 93.198786414589662, 7.754862538011579 ], [ 93.185328676359987, 7.770881736011042 ], [ 93.176996505646144, 7.78321739247189 ], [ 93.165021254828503, 7.795358852399509 ], [ 93.153482966991305, 7.809408237614814 ], [ 93.146484268991287, 7.818766960614806 ], [ 93.135322322235808, 7.835362605617637 ], [ 93.125873683862949, 7.852990076262364 ], [ 93.11823284131664, 7.871473095864543 ], [ 93.112476203879751, 7.890626832154159 ], [ 93.108661338572588, 7.910259745619059 ], [ 93.107033734572624, 7.92165297561907 ], [ 93.105326197204647, 7.93894025435172 ], [ 93.105125205706017, 7.956310495923467 ], [ 93.10643227638522, 7.973632656761045 ], [ 93.109237548515111, 7.990776056019087 ], [ 93.113209202278597, 8.009816632047908 ] ] ], [ [ [ 93.595153919255623, 14.158897911999739 ], [ 93.599304309255572, 14.114098107999704 ], [ 93.600156905280755, 14.095925430395637 ], [ 93.599354637235862, 14.077750461419937 ], [ 93.596904143350073, 14.059723586732426 ], [ 93.592825699814256, 14.041993966612168 ], [ 93.587454606814305, 14.022706856612174 ], [ 93.581412432699111, 14.004454676878275 ], [ 93.573645597411954, 13.986867004982912 ], [ 93.564225876206422, 13.970106372969564 ], [ 93.553240319065353, 13.954327670000783 ], [ 93.540790446250284, 13.939676710988978 ], [ 93.526991310127556, 13.926288889084606 ], [ 93.511970431940767, 13.914287924474444 ], [ 93.495866623355326, 13.903784721052615 ], [ 93.475928471355317, 13.892106661052606 ], [ 93.458865906214953, 13.883186870665481 ], [ 93.441024716801536, 13.87594907058298 ], [ 93.422570243567989, 13.870460335993647 ], [ 93.403673510479834, 13.866771532893122 ], [ 93.384509640077098, 13.864916846691429 ], [ 93.365256230553427, 13.864913465404989 ], [ 93.346091709892335, 13.866761420369347 ], [ 93.327193682313634, 13.870443585948781 ], [ 93.30873728235386, 13.875925838245463 ], [ 93.290893551834159, 13.883157371337395 ], [ 93.273827854756746, 13.892071168114391 ], [ 93.25769834481973, 13.902584621348751 ], [ 93.24265449975222, 13.914600299244913 ], [ 93.228835736052716, 13.928006848373492 ], [ 93.216370116968363, 13.9426800256219 ], [ 93.205373165688627, 13.958483849598101 ], [ 93.195946794752146, 13.975271860817049 ], [ 93.188178361588072, 13.99288847899123 ], [ 93.182139858944652, 14.011170444846817 ], [ 93.177887247707602, 14.029948333103649 ], [ 93.175459938291311, 14.049048122597704 ], [ 93.174880425408944, 14.068292808995219 ], [ 93.176154079606164, 14.087504045152881 ], [ 93.184617621606122, 14.161193824152887 ], [ 93.187778917168217, 14.180409413837365 ], [ 93.190464464168215, 14.192901275837356 ], [ 93.195400583657076, 14.211470491983272 ], [ 93.20209581729533, 14.229480347907492 ], [ 93.210488371246043, 14.246764621165754 ], [ 93.220500786209314, 14.263163786098312 ], [ 93.232040652334945, 14.278526486176251 ], [ 93.245001462121579, 14.2927109309506 ], [ 93.259263593430589, 14.305586204711046 ], [ 93.274695413541735, 14.317033474775975 ], [ 93.279008564541755, 14.319922471775989 ], [ 93.295727143714302, 14.329975611550985 ], [ 93.31334562409333, 14.338352105926239 ], [ 93.331696376184937, 14.344972257477099 ], [ 93.35060480336, 14.349773079349433 ], [ 93.369891003038433, 14.352708894542539 ], [ 93.389371478356665, 14.353751770498993 ], [ 93.408860884032478, 14.352891784866531 ], [ 93.428173789816569, 14.350137119903392 ], [ 93.447126444752456, 14.345513984628946 ], [ 93.465538525458882, 14.339066365460267 ], [ 93.483234851800958, 14.3308556077072 ], [ 93.500047053626176, 14.320959831907768 ], [ 93.515815172707605, 14.309473190557133 ], [ 93.530389184652464, 14.296504972301895 ], [ 93.54363042629609, 14.282178562122805 ], [ 93.555412915000545, 14.266630267399135 ], [ 93.565624547305376, 14.250008021024009 ], [ 93.574168165526274, 14.232469973909808 ], [ 93.579864780526307, 14.219164309909836 ], [ 93.587045914742632, 14.199643081616427 ], [ 93.592160735252122, 14.1794815922401 ], [ 93.595153919255623, 14.158897911999739 ] ] ], [ [ [ 92.038469537700522, 11.50177737266749 ], [ 92.031159490208154, 11.518087821553403 ], [ 92.02513416831367, 11.5358110363746 ], [ 92.020792262977395, 11.554019954672551 ], [ 92.018171811118862, 11.572555058653581 ], [ 92.017295769000029, 11.59125397300005 ], [ 92.017295769000029, 11.598089911000045 ], [ 92.018298593338571, 11.618093012728549 ], [ 92.021297009787645, 11.637895518484457 ], [ 92.026260949497328, 11.65729884392041 ], [ 92.033140632872062, 11.676108407766447 ], [ 92.041867068772561, 11.694135583138353 ], [ 92.052352746375718, 11.711199589133942 ], [ 92.06449251275447, 11.727129303747963 ], [ 92.078164627376921, 11.741764979925209 ], [ 92.093231982950059, 11.754959847542864 ], [ 92.109543480365019, 11.766581585257018 ], [ 92.126935543955739, 11.776513647453315 ], [ 92.145233761875573, 11.784656432994732 ], [ 92.164254635141674, 11.790928284046023 ], [ 92.183807417807543, 11.795266304958371 ], [ 92.203696029809748, 11.797626993002254 ], [ 92.223721023306538, 11.797986674623413 ], [ 92.235114252306559, 11.797620463623442 ], [ 92.258176832869808, 11.795537924955445 ], [ 92.284381259869789, 11.791631674955445 ], [ 92.303712197428169, 11.787767772141105 ], [ 92.322568842437377, 11.782019569740211 ], [ 92.33445035343739, 11.777747108740183 ], [ 92.34031519083328, 11.775216947712073 ], [ 92.3349044475016, 11.78962842589651 ], [ 92.330071636294392, 11.807240123476529 ], [ 92.32686548646015, 11.825219238000189 ], [ 92.325312731513861, 11.843415856034628 ], [ 92.325068591513912, 11.849600752034664 ], [ 92.325369054591974, 11.870988621713039 ], [ 92.32795195693474, 11.892222082639798 ], [ 92.332787754578931, 11.913058260518307 ], [ 92.339821134311322, 11.933258825287151 ], [ 92.347952899887773, 11.950440232839544 ], [ 92.352797336235497, 11.965558119568506 ], [ 92.361455037146357, 11.985100826365541 ], [ 92.372148897499784, 12.003607974302433 ], [ 92.395423636499771, 12.039333885302419 ], [ 92.406826202130532, 12.055102198023063 ], [ 92.41970716947823, 12.069687768605224 ], [ 92.433944601448658, 12.082952523405343 ], [ 92.440937077046414, 12.088298213399892 ], [ 92.440176641460496, 12.132711282254727 ], [ 92.44067248313965, 12.150619103322615 ], [ 92.442768790894121, 12.168410713934607 ], [ 92.446448745212777, 12.18594336492021 ], [ 92.451575698212721, 12.205881515920229 ], [ 92.458236040328842, 12.22690194043061 ], [ 92.467169918363837, 12.247061410338231 ], [ 92.490119137363891, 12.291983285338231 ], [ 92.497844097766077, 12.305737047318182 ], [ 92.506628992636479, 12.318839207595497 ], [ 92.519695208941073, 12.336756355828317 ], [ 92.518472363707957, 12.345915555840985 ], [ 92.51781122442533, 12.365791029449596 ], [ 92.52171747442533, 12.602729505449631 ], [ 92.522746070814335, 12.619955687525641 ], [ 92.525255803803773, 12.637029076169053 ], [ 92.529227988471732, 12.653822560274831 ], [ 92.532975713333016, 12.665185939285809 ], [ 92.526584418709646, 12.672410137747166 ], [ 92.514935034302468, 12.688568042291688 ], [ 92.504950718123169, 12.705804615813362 ], [ 92.496730511102811, 12.723948877519994 ], [ 92.490355954825446, 12.742820842669465 ], [ 92.48589028266403, 12.762233307955537 ], [ 92.473357730664048, 12.832586497955528 ], [ 92.470802736824098, 12.852910769642619 ], [ 92.47034004880031, 12.873389781653103 ], [ 92.471974520236429, 12.893808707096362 ], [ 92.475689005363137, 12.9139533493959 ], [ 92.478293171363106, 12.92489898739591 ], [ 92.482542559130948, 12.940042501187317 ], [ 92.483513853788111, 12.947459660732758 ], [ 92.482897009325754, 12.955212956391074 ], [ 92.483161326806979, 12.973909835000212 ], [ 92.485170619062515, 12.99250031315672 ], [ 92.48890732271137, 13.010821890034718 ], [ 92.494338774934207, 13.028714415295472 ], [ 92.501417498981681, 13.046021488974041 ], [ 92.510081619172368, 13.062591828583628 ], [ 92.520255401752976, 13.078280591487642 ], [ 92.531849916892966, 13.09295064098054 ], [ 92.544763816027256, 13.106473745010502 ], [ 92.54655854181425, 13.10818527165266 ], [ 92.55371203405079, 13.116816003928456 ], [ 92.565020019822555, 13.128406377711164 ], [ 92.570960774822595, 13.134021612711157 ], [ 92.585778330320764, 13.146717474108664 ], [ 92.6017625414854, 13.15790898164833 ], [ 92.618761260665408, 13.167489607609348 ], [ 92.633760462494962, 13.174109357934967 ], [ 92.634530349900359, 13.192554420360235 ], [ 92.637460736352125, 13.212775018718213 ], [ 92.642438854057346, 13.232591125975301 ], [ 92.642900588648686, 13.233862656903137 ], [ 92.642928710617497, 13.234601640622863 ], [ 92.644577770843995, 13.25372200809827 ], [ 92.648051854293826, 13.272596292090221 ], [ 92.648091962812885, 13.272736820378542 ], [ 92.644058194646348, 13.290951312078898 ], [ 92.641730309738634, 13.309756665083926 ], [ 92.641192575286979, 13.328697921416252 ], [ 92.642449818269412, 13.347605054722772 ], [ 92.645490753033286, 13.366308344956021 ], [ 92.650288082601122, 13.384639901867668 ], [ 92.656554358601085, 13.404659432867671 ], [ 92.663068823401716, 13.422463746224691 ], [ 92.671239854661309, 13.439571232127317 ], [ 92.680994029162747, 13.455828166203247 ], [ 92.692243697887307, 13.471088466965078 ], [ 92.696451801443914, 13.476264000491177 ], [ 92.697774071060905, 13.487591693388682 ], [ 92.702017296053, 13.506978590719653 ], [ 92.708161006352995, 13.525849509356668 ], [ 92.716144708417161, 13.544018638334297 ], [ 92.722980646417213, 13.557690513334297 ], [ 92.732299110415354, 13.574299861811431 ], [ 92.743155140852068, 13.589947571908324 ], [ 92.755450299523872, 13.604491756359668 ], [ 92.758656287174006, 13.607623842262637 ], [ 92.761464026491865, 13.615265052837712 ], [ 92.770262269106297, 13.633352021471785 ], [ 92.774494040106276, 13.641042451471753 ], [ 92.784977732563235, 13.658028411847182 ], [ 92.790602304409205, 13.665384119228758 ], [ 92.791292992429987, 13.68445098452135 ], [ 92.793897584068475, 13.70379504844998 ], [ 92.798375370788762, 13.722793104481211 ], [ 92.804683704279896, 13.741264207194446 ], [ 92.812762501338881, 13.75903243009258 ], [ 92.822534816128268, 13.775928541199445 ], [ 92.833907573040349, 13.791791614895827 ], [ 92.846772453188223, 13.806470564642279 ], [ 92.861006926080066, 13.819825581990433 ], [ 92.87647541665072, 13.831729468177048 ], [ 92.893030596535226, 13.842068845618162 ], [ 92.910514787285734, 13.850745237764562 ], [ 92.939486141285698, 13.863399859764518 ], [ 92.958321093835536, 13.870520786585045 ], [ 92.977776615359176, 13.87571171314789 ], [ 92.99765549348588, 13.878920021231913 ], [ 93.017756224458509, 13.880113189578683 ], [ 93.031428099458509, 13.880235259578715 ], [ 93.050568605859851, 13.879488829600318 ], [ 93.069549917731763, 13.876914738958153 ], [ 93.088197921330689, 13.872536599537478 ], [ 93.106341560317759, 13.866394571589035 ], [ 93.123814404842037, 13.858544995342957 ], [ 93.140456178185516, 13.849059874205253 ], [ 93.156114226965983, 13.838026214277518 ], [ 93.170644921411807, 13.825545226258354 ], [ 93.18391497286396, 13.811731397047385 ], [ 93.195802656420028, 13.79671143956797 ], [ 93.206198927505014, 13.780623130441771 ], [ 93.215008422126715, 13.763614046177098 ], [ 93.215117678411517, 13.763375806791505 ], [ 93.216794277830999, 13.760704480354295 ], [ 93.224901506220334, 13.744789799903012 ], [ 93.23482989222029, 13.722939213903041 ], [ 93.242089042462624, 13.704615573577724 ], [ 93.247509420252584, 13.685666416297609 ], [ 93.251038386803103, 13.666275762567071 ], [ 93.252641671344549, 13.646631920384557 ], [ 93.252303703937528, 13.626925656531554 ], [ 93.250815336526657, 13.614122916098523 ], [ 93.255890410314365, 13.601124929365682 ], [ 93.261005053184491, 13.583306225568441 ], [ 93.264447863516693, 13.565090495176296 ], [ 93.266189261908806, 13.546634241267588 ], [ 93.266214286885045, 13.528096033413178 ], [ 93.264522723439725, 13.509635145303088 ], [ 93.261932698130252, 13.495725772681448 ], [ 93.265405051931879, 13.488250089861015 ], [ 93.271904806766472, 13.469658128344042 ], [ 93.276544387649665, 13.450517017216772 ], [ 93.279278801335821, 13.431012381158867 ], [ 93.280081530311847, 13.411333370204316 ], [ 93.278944789956057, 13.391670825421867 ], [ 93.27723580595611, 13.37576099442188 ], [ 93.27430490806502, 13.356955156759899 ], [ 93.269599664503033, 13.338513075108438 ], [ 93.266539182553871, 13.329997084372819 ], [ 93.271200475360757, 13.316640085587345 ], [ 93.275744559335706, 13.298090301864056 ], [ 93.278498603593746, 13.279191666580603 ], [ 93.279437495163677, 13.260116508443064 ], [ 93.278552672688193, 13.241038765795174 ], [ 93.275852204491272, 13.222132400547736 ], [ 93.271360715006537, 13.203569811893113 ], [ 93.265119160237418, 13.185520264269522 ], [ 93.257184454296549, 13.168148343909811 ], [ 93.252676116210168, 13.160346624077992 ], [ 93.2527443397111, 13.133551939961457 ], [ 93.252150306828185, 13.117631064304545 ], [ 93.250290911817302, 13.101807986002827 ], [ 93.245652239817304, 13.072470421002835 ], [ 93.241080871835806, 13.051161631604156 ], [ 93.229769022835825, 13.009617035604162 ], [ 93.224075713488531, 12.991976970338659 ], [ 93.216773725309167, 12.974939756877424 ], [ 93.20792577976097, 12.958651738782169 ], [ 93.190673175760949, 12.93012797578216 ], [ 93.179769299511577, 12.913940634896765 ], [ 93.167339559269777, 12.898893173990581 ], [ 93.161783453154101, 12.89336636057271 ], [ 93.163053610911646, 12.884780158965421 ], [ 93.164038599581716, 12.865821369883948 ], [ 93.163501404209299, 12.853350656195902 ], [ 93.164880744769718, 12.845101241734216 ], [ 93.166647018060871, 12.827046007130209 ], [ 93.168058902208514, 12.824249468730851 ], [ 93.176288585278115, 12.801434857641546 ], [ 93.182392101278168, 12.780642214641553 ], [ 93.186832437420492, 12.762380355771249 ], [ 93.189539002881006, 12.743782329589319 ], [ 93.190487897869673, 12.725012362280976 ], [ 93.190569277869656, 12.701819003280972 ], [ 93.189684946326068, 12.682317232437642 ], [ 93.186903546463881, 12.66299457933018 ], [ 93.182251578147344, 12.644035141071448 ], [ 93.182050988487475, 12.643361563346021 ], [ 93.184745276448936, 12.633258113705171 ], [ 93.188015640957673, 12.612169379591849 ], [ 93.190538426957716, 12.58714496559182 ], [ 93.191505434736257, 12.563003271198628 ], [ 93.190528872736252, 12.515151708198633 ], [ 93.189233004194094, 12.496141083601477 ], [ 93.186133860673237, 12.4773400614939 ], [ 93.181259573341336, 12.458919300221394 ], [ 93.174654386485074, 12.44104600647216 ], [ 93.166378255901208, 12.423882417528954 ], [ 93.164081166130785, 12.420090039261902 ], [ 93.160724296769246, 12.407417823204693 ], [ 93.155424800061667, 12.393338236669617 ], [ 93.16355499712958, 12.390654951912797 ], [ 93.182535250397834, 12.382112796756214 ], [ 93.200524947731409, 12.371644309821985 ], [ 93.207930546731447, 12.366802186821982 ], [ 93.224017690621636, 12.355101735495838 ], [ 93.238862969655059, 12.341861099174309 ], [ 93.252319528111428, 12.32721125977964 ], [ 93.26425424807627, 12.311297139661324 ], [ 93.274549066299102, 12.294276167963501 ], [ 93.279350498299067, 12.285365034963531 ], [ 93.288094929636941, 12.266944615001135 ], [ 93.294918338073273, 12.24772956755584 ], [ 93.299749798209163, 12.227919621973655 ], [ 93.300238080209212, 12.22535614597362 ], [ 93.302572756217955, 12.209788061301198 ], [ 93.303675772115881, 12.194084579892209 ], [ 93.303757152115864, 12.191439722892202 ], [ 93.302666094965602, 12.163543463934122 ], [ 93.30209643296557, 12.158335130934137 ], [ 93.300330814607932, 12.147522104639371 ], [ 93.300359426989786, 12.147366236329544 ], [ 93.301994741534315, 12.130679034246562 ], [ 93.302971303534321, 12.113182289246545 ], [ 93.303146840384557, 12.094682644595574 ], [ 93.301612196256954, 12.076245927621025 ], [ 93.298380502628078, 12.058029895624813 ], [ 93.293479412103764, 12.040190417575538 ], [ 93.286950861804328, 12.022880140385798 ], [ 93.278850714521482, 12.006247182759621 ], [ 93.269248280717719, 11.990433867786392 ], [ 93.258225725458075, 11.975575505126059 ], [ 93.253642323584572, 11.969959805624734 ], [ 93.256311292374008, 11.961885563212915 ], [ 93.261675008208883, 11.942407988791194 ], [ 93.265046381429144, 11.922488671646255 ], [ 93.26639101177696, 11.902330861196241 ], [ 93.265695179136628, 11.882140240357652 ], [ 93.262965983529625, 11.862122826832183 ], [ 93.258231272668539, 11.842482870977523 ], [ 93.251539357809278, 11.823420771711511 ], [ 93.242958520800613, 11.80513103171495 ], [ 93.232576317361293, 11.78780027279748 ], [ 93.220498683693478, 11.771605331676962 ], [ 93.206848855548557, 11.756711455602375 ], [ 93.191766110774665, 11.743270616231385 ], [ 93.175404348176528, 11.731419958967203 ], [ 93.15793051718839, 11.721280403577111 ], [ 93.139522914383122, 11.712955410371439 ], [ 93.120369364199306, 11.706529924532433 ], [ 93.100665302449443, 11.702069509364724 ], [ 93.083575458449445, 11.699099131364738 ], [ 93.06332525480056, 11.696635401935385 ], [ 93.042929420256854, 11.696247273362731 ], [ 93.022600143245327, 11.697938783549279 ], [ 93.002548919760471, 11.701692334838754 ], [ 92.982984353061966, 11.707468877093643 ], [ 92.966776837947847, 11.714114770046926 ], [ 92.960210151489747, 11.68624621622177 ], [ 92.964166873021412, 11.653777827941848 ], [ 92.965586248422625, 11.625140698075182 ], [ 92.965342107422629, 11.614154369075191 ], [ 92.963842213569137, 11.593752136456871 ], [ 92.960266024975169, 11.573609851270621 ], [ 92.954650957583382, 11.553938252566663 ], [ 92.947055759145499, 11.534943154828744 ], [ 92.942187642674483, 11.525653891151796 ], [ 92.941266352042604, 11.519248919087389 ], [ 92.93677544986538, 11.500745294589995 ], [ 92.92700982486538, 11.467501479590004 ], [ 92.922014243654431, 11.452668582461003 ], [ 92.915874060212374, 11.438271748914262 ], [ 92.907491898212399, 11.420571553914288 ], [ 92.8996571663845, 11.405681034692245 ], [ 92.898814420286286, 11.404361902397339 ], [ 92.899025280591076, 11.402900981870079 ], [ 92.899871995928251, 11.382592173454112 ], [ 92.898652974993027, 11.362302308641892 ], [ 92.895380809193597, 11.342240963793659 ], [ 92.890089297108958, 11.322615354860512 ], [ 92.882833095379397, 11.303628197026894 ], [ 92.87368715415181, 11.285475610841997 ], [ 92.862745942910863, 11.268345096467938 ], [ 92.850122474692881, 11.252413596968884 ], [ 92.835947138761028, 11.237845670645699 ], [ 92.820366353799571, 11.224791791294205 ], [ 92.803276509799574, 11.211893028294195 ], [ 92.783730032663016, 11.198868142322103 ], [ 92.762791316514168, 11.18822471293706 ], [ 92.753188451514191, 11.184033631937073 ], [ 92.731340220234259, 11.175977285465464 ], [ 92.704159231234271, 11.167717194465453 ], [ 92.685938625436492, 11.16310317480502 ], [ 92.667365341281425, 11.160219987547807 ], [ 92.656379013281423, 11.159039974547797 ], [ 92.637079251517108, 11.157906823670917 ], [ 92.617760251399119, 11.158642397943463 ], [ 92.598602531999774, 11.161239824070524 ], [ 92.583221671999723, 11.164088131070546 ], [ 92.565270191544556, 11.168276415557095 ], [ 92.547780574961493, 11.174099704082499 ], [ 92.530901395396725, 11.181508528192527 ], [ 92.514776040374031, 11.190439950412117 ], [ 92.505986978374082, 11.195851734412106 ], [ 92.49118529806772, 11.205905732796147 ], [ 92.486784727882551, 11.209509350794802 ], [ 92.477637567826818, 11.215353901747344 ], [ 92.462117574967976, 11.227584271670608 ], [ 92.447880206579271, 11.24128644186961 ], [ 92.435064437929881, 11.25632666130695 ], [ 92.42379536762293, 11.272558117840958 ], [ 92.41418299647016, 11.289822371303517 ], [ 92.406321153740549, 11.307950900082574 ], [ 92.400286581264467, 11.326766746112691 ], [ 92.396138184333353, 11.346086242216371 ], [ 92.393916456707331, 11.365720804935055 ], [ 92.393835456171743, 11.371575134964003 ], [ 92.393480009679891, 11.371280709797134 ], [ 92.378104705305645, 11.360791671258527 ], [ 92.361820908355966, 11.351777356477754 ], [ 92.344769644619376, 11.344315833908606 ], [ 92.327098586528805, 11.338471724051264 ], [ 92.308960774244881, 11.334295639806589 ], [ 92.290513290251951, 11.331823748143213 ], [ 92.269435816251971, 11.329992694143177 ], [ 92.250879435415087, 11.329246142950559 ], [ 92.232333807269612, 11.330224041276651 ], [ 92.213958839921759, 11.332917957276049 ], [ 92.195912969969498, 11.337304662886464 ], [ 92.178351796396399, 11.343346334110711 ], [ 92.161426738932605, 11.350990877150927 ], [ 92.145283732451048, 11.360172377582924 ], [ 92.127705607451048, 11.371280775582957 ], [ 92.111515869293441, 11.382670587577449 ], [ 92.096531343513007, 11.395605015512885 ], [ 92.082898816815629, 11.409957355208098 ], [ 92.07075183187834, 11.425587012779999 ], [ 92.060209379180492, 11.442340881885231 ], [ 92.051374731386588, 11.460054843532451 ], [ 92.044334431698999, 11.478555373773247 ], [ 92.039157446090698, 11.497661243522961 ], [ 92.038469537700522, 11.50177737266749 ] ] ], [ [ [ 92.576789563444052, 9.359016735284298 ], [ 92.582126240617853, 9.368389226003714 ], [ 92.59315591222483, 9.384055020311052 ], [ 92.605633964899042, 9.398593554229478 ], [ 92.619445890431322, 9.411871410989065 ], [ 92.634464939969206, 9.423766742763178 ], [ 92.650553287161841, 9.434170388837854 ], [ 92.667563292960594, 9.44298687735448 ], [ 92.68533886046859, 9.450135301432994 ], [ 92.703716867405831, 9.455550061635659 ], [ 92.715761138405867, 9.458479748635607 ], [ 92.735651754413396, 9.462263243160651 ], [ 92.755822979018006, 9.464016278793766 ], [ 92.776068081657357, 9.463720889048078 ], [ 92.796179574609027, 9.461380101309842 ], [ 92.815951339487597, 9.45701790581143 ], [ 92.835180739708008, 9.450679009760551 ], [ 92.853670697264391, 9.442428379145673 ], [ 92.863354942264351, 9.437504876145686 ], [ 92.881880174631107, 9.426802899374112 ], [ 92.899156247251497, 9.41418331713553 ], [ 92.910492209508192, 9.404933705120438 ], [ 92.914171955947438, 9.402728787417754 ], [ 92.929516764343845, 9.392545657867885 ], [ 92.943859836218451, 9.380994226729175 ], [ 92.957079556925777, 9.368172438376062 ], [ 92.969063836694531, 9.354189008518677 ], [ 92.991539858694509, 9.325378375518643 ], [ 93.002958400421306, 9.309139992630719 ], [ 93.012710929228831, 9.291849638214456 ], [ 93.020701366086598, 9.273677651729663 ], [ 93.026850991573085, 9.254803058214636 ], [ 93.031099221396104, 9.235411804584396 ], [ 93.033404203251465, 9.215694927736681 ], [ 93.033743229139375, 9.195846672512888 ], [ 93.031875258139351, 9.138512760512898 ], [ 93.030164098306528, 9.118125833883978 ], [ 93.026379179451979, 9.098020381026336 ], [ 93.020560106478854, 9.078406782807754 ], [ 93.012767769416868, 9.059490273392461 ], [ 93.003083706276868, 9.041468792697277 ], [ 92.991609249847599, 9.024530915173836 ], [ 92.978464467362457, 9.00885387658982 ], [ 92.9460478063625, 8.973982460589832 ], [ 92.931505650604393, 8.959849059211324 ], [ 92.915607051339293, 8.947260895325069 ], [ 92.898515457029831, 8.936347383856246 ], [ 92.880406580942761, 8.927220723159031 ], [ 92.861466594696495, 8.919974741540871 ], [ 92.841890214289762, 8.914683932643367 ], [ 92.821878698288003, 8.911402689596745 ], [ 92.801637778747917, 8.910164745821323 ], [ 92.781375546151281, 8.910982828224892 ], [ 92.761300310092665, 8.91384852636142 ], [ 92.741618457714438, 8.918732378896172 ], [ 92.673265580714386, 8.939423822896194 ], [ 92.65489086769864, 8.945980311504682 ], [ 92.637242381832834, 8.954295873297403 ], [ 92.620488056234706, 8.96429138204063 ], [ 92.604787315693144, 8.975871726065327 ], [ 92.590289559671064, 8.988926713296586 ], [ 92.577132740703746, 9.003332119779762 ], [ 92.565442051719685, 9.018950871726123 ], [ 92.554455723719741, 9.035226912726092 ], [ 92.544192135729844, 9.052188510682912 ], [ 92.53565823814445, 9.070082913038881 ], [ 92.52893788441051, 9.088734290718991 ], [ 92.520392962410455, 9.116729082719006 ], [ 92.515980990155938, 9.133864755024348 ], [ 92.513100840259199, 9.151323320289082 ], [ 92.509927012259254, 9.177812578289052 ], [ 92.508587343909198, 9.19592678073726 ], [ 92.508896605675972, 9.214087821422817 ], [ 92.510852246775912, 9.232145908517275 ], [ 92.514438137128096, 9.24995209935094 ], [ 92.519624700394814, 9.267359528888443 ], [ 92.52636915792651, 9.284224621068031 ], [ 92.531740250926461, 9.296065441068063 ], [ 92.540527472594718, 9.313194358428555 ], [ 92.550920850376031, 9.329399072955043 ], [ 92.562824085708328, 9.344529441860452 ], [ 92.576126890630348, 9.35844527657477 ], [ 92.576789563444052, 9.359016735284298 ] ] ], [ [ [ 92.189904191771348, 10.608744119410302 ], [ 92.189031207435221, 10.611073096416151 ], [ 92.184019684332128, 10.629779354611644 ], [ 92.180840852057315, 10.648882613099611 ], [ 92.179524515299263, 10.668203759986605 ], [ 92.178624239299282, 10.714152748986615 ], [ 92.1785865653938, 10.718601016951791 ], [ 92.178639022993991, 10.738380185393275 ], [ 92.177096637913877, 10.751272147590266 ], [ 92.175680825414133, 10.774651937624451 ], [ 92.177008103533964, 10.798036920837397 ], [ 92.178049079533977, 10.807026316837401 ], [ 92.181274769896845, 10.826453423464132 ], [ 92.186395401508676, 10.845469119141637 ], [ 92.193361327599291, 10.863889038357087 ], [ 92.202105010458894, 10.881534591911855 ], [ 92.212541676245834, 10.898234698422153 ], [ 92.224570136906166, 10.913827443028104 ], [ 92.23807377123623, 10.928161647229361 ], [ 92.249083378265922, 10.937754114496119 ], [ 92.254776306364491, 10.949091568529813 ], [ 92.265070802859825, 10.96543929418579 ], [ 92.276894540244427, 10.980717514843812 ], [ 92.290137195720106, 10.994783675235617 ], [ 92.304675207103386, 11.007506529366465 ], [ 92.320372925737345, 11.01876736512162 ], [ 92.374203540737383, 11.05357280112162 ], [ 92.389634113118049, 11.06259843507789 ], [ 92.405808969046547, 11.070210180475616 ], [ 92.422598885725691, 11.076347226199323 ], [ 92.439869726566727, 11.080960542680003 ], [ 92.484665160566706, 11.090804532679982 ], [ 92.504323223332094, 11.094107402757443 ], [ 92.524212428783983, 11.095437022601377 ], [ 92.54413520333199, 11.09478018415443 ], [ 92.563893639920138, 11.092143412258963 ], [ 92.583291463977972, 11.087552899841166 ], [ 92.602135983155179, 11.081054247718129 ], [ 92.620240001471458, 11.07271201161258 ], [ 92.637423678866952, 11.062609060875085 ], [ 92.653516317681223, 11.050845755283973 ], [ 92.668358058314226, 11.037538948100462 ], [ 92.689646089314209, 11.016446764100465 ], [ 92.704190762281897, 11.000383294321294 ], [ 92.716912151876727, 10.982840523164489 ], [ 92.733091911876727, 10.957775570164463 ], [ 92.742852774051116, 10.940902993199511 ], [ 92.750924785837867, 10.923160363475022 ], [ 92.757231271543347, 10.904716217469518 ], [ 92.761712326130407, 10.885745755334568 ], [ 92.7631666396681, 10.874994994915749 ], [ 92.764382956607662, 10.872595155801744 ], [ 92.771020930404234, 10.855950226314254 ], [ 92.776142394591972, 10.838777952779825 ], [ 92.779706234520674, 10.821216192653626 ], [ 92.782681690520675, 10.802223332653657 ], [ 92.784798904801491, 10.782086879183504 ], [ 92.784903899719723, 10.780148668989632 ], [ 92.789270771715323, 10.76793636165706 ], [ 92.793838224183688, 10.750172705810369 ], [ 92.796759126727494, 10.732065320040467 ], [ 92.798008913892474, 10.713766491577072 ], [ 92.79757707468454, 10.695430117726472 ], [ 92.795425971684523, 10.664491481726442 ], [ 92.793125825438395, 10.645122246329096 ], [ 92.788949848525462, 10.626069184384784 ], [ 92.782937760536342, 10.607513518116969 ], [ 92.775146745138258, 10.589631738795601 ], [ 92.77386278997831, 10.587328015543005 ], [ 92.774190382054485, 10.57761110664056 ], [ 92.772946700955089, 10.558152740046697 ], [ 92.769814182057431, 10.538907945983521 ], [ 92.764822597978053, 10.52005963408148 ], [ 92.758019390575555, 10.501786945658129 ], [ 92.749469220045739, 10.484263551092884 ], [ 92.73925335036715, 10.467655999199598 ], [ 92.727468876938218, 10.452122134285128 ], [ 92.715517614731368, 10.437868611806152 ], [ 92.71495598575369, 10.436724580681064 ], [ 92.705927739793054, 10.420322724570644 ], [ 92.695405320458491, 10.404836963357829 ], [ 92.683480938369897, 10.390403002681765 ], [ 92.670259089901123, 10.377147330987674 ], [ 92.65585564145178, 10.365186111076651 ], [ 92.633459403451781, 10.348294088076683 ], [ 92.617224777421569, 10.337256189698348 ], [ 92.599986211010972, 10.327863101225502 ], [ 92.581909797067382, 10.320205324662364 ], [ 92.563169701063174, 10.314356642357405 ], [ 92.543946483018914, 10.31037340611357 ], [ 92.524425357815289, 10.308293994241081 ], [ 92.504794410655649, 10.308138441784072 ], [ 92.485242784873208, 10.309908247483786 ], [ 92.465958859543107, 10.313586359338279 ], [ 92.432489484543069, 10.32169070633825 ], [ 92.412910692193449, 10.32750451773328 ], [ 92.408371834059054, 10.329374559316284 ], [ 92.405910969558022, 10.329266725523238 ], [ 92.383555557557997, 10.329328780523239 ], [ 92.363576664155104, 10.33038492158696 ], [ 92.343803250774911, 10.333431844435724 ], [ 92.324433185820368, 10.338439059151252 ], [ 92.305660301471306, 10.345356459585457 ], [ 92.287672454046387, 10.354114824762155 ], [ 92.270649644164351, 10.364626511556876 ], [ 92.254762215515498, 10.376786331723233 ], [ 92.240169150268144, 10.390472604489657 ], [ 92.227016478167343, 10.405548374193371 ], [ 92.215435815245868, 10.421862780767 ], [ 92.205543046770131, 10.439252569363642 ], [ 92.199489429770111, 10.451253402363644 ], [ 92.191432741596344, 10.469416767443048 ], [ 92.185218120138387, 10.488289937168117 ], [ 92.180906906515204, 10.50768662483463 ], [ 92.178541654351264, 10.527415376379976 ], [ 92.178145709753068, 10.54728146012117 ], [ 92.179722980872512, 10.567088788844467 ], [ 92.183257899331721, 10.586641855274667 ], [ 92.188715573889866, 10.605747661820175 ], [ 92.189904191771348, 10.608744119410302 ] ] ], [ [ [ 73.47139733200008, 10.829738674000055 ], [ 73.472329574126476, 10.849026695546529 ], [ 73.475117609751862, 10.8681349060308 ], [ 73.479735447633601, 10.88688517066513 ], [ 73.486140038341674, 10.905102691583785 ], [ 73.494271675583448, 10.92261763738238 ], [ 73.504054552810999, 10.939266726357761 ], [ 73.515397469921638, 10.95489474868884 ], [ 73.528194683463695, 10.969356013367925 ], [ 73.542326892421528, 10.982515706393663 ], [ 73.557662350389833, 10.994251147563967 ], [ 73.574058093769167, 11.004452934152527 ], [ 73.591361274532815, 11.01302596080712 ], [ 73.609410585140466, 11.019890306161763 ], [ 73.628037762315131, 11.024981977897362 ], [ 73.647069155664227, 11.028253509305056 ], [ 73.666327346521712, 11.029674401790885 ], [ 73.685632801919624, 11.029231409196527 ], [ 73.704805548270059, 11.026928661285563 ], [ 73.7143884234913, 11.025305116539268 ], [ 73.717298002778833, 11.024820186046867 ], [ 73.736146370230557, 11.020736109748404 ], [ 73.754513742145022, 11.014855609449697 ], [ 73.772229329222966, 11.007233365076102 ], [ 73.789128402796806, 10.997940252187894 ], [ 73.805053826562727, 10.987062682942742 ], [ 73.819857517715093, 10.974701802590907 ], [ 73.833401823896793, 10.960972548974507 ], [ 73.845560803161845, 10.946002583776179 ], [ 73.856221395048593, 10.929931105454898 ], [ 73.865284471874176, 10.912907554906891 ], [ 73.872665760474916, 10.895090225887094 ], [ 73.878296625821619, 10.876644793112161 ], [ 73.882124709223476, 10.857742771731486 ], [ 73.884114415186232, 10.838559922490854 ], [ 73.884247242397421, 10.819274617418362 ], [ 73.882521955761106, 10.800066181229289 ], [ 73.878954597882469, 10.781113223872381 ], [ 73.873578339895332, 10.762591979722409 ], [ 73.866443173019931, 10.744674668862034 ], [ 73.857615443718686, 10.727527895690645 ], [ 73.847177236772609, 10.711311099750697 ], [ 73.835225612014639, 10.696175073176601 ], [ 73.821871701817258, 10.682260558551668 ], [ 73.807239677726372, 10.669696940210963 ], [ 73.791465595850198, 10.658601041159017 ], [ 73.774696131739404, 10.649076036789253 ], [ 73.757087216522166, 10.641210495505971 ], [ 73.74894919552213, 10.63803666750597 ], [ 73.731261836107265, 10.632073499142052 ], [ 73.713095583322584, 10.627785222125585 ], [ 73.694608666165394, 10.625209187570229 ], [ 73.675962106636234, 10.624367832869629 ], [ 73.657318317228885, 10.625268486266558 ], [ 73.653900348228888, 10.625594007266537 ], [ 73.634305511735548, 10.628444830388778 ], [ 73.615088612291657, 10.633219302656812 ], [ 73.596438016256243, 10.639870624119373 ], [ 73.578536539014209, 10.648333597723719 ], [ 73.561559652998, 10.658525268384976 ], [ 73.545673767685685, 10.670345736121856 ], [ 73.531034598435227, 10.683679135288289 ], [ 73.51778564014387, 10.698394770302411 ], [ 73.50605676069388, 10.714348396740379 ], [ 73.495962927971902, 10.731383635237552 ], [ 73.487603082939998, 10.749333504337837 ], [ 73.486626520939993, 10.751734220337848 ], [ 73.480081944742381, 10.770425017445865 ], [ 73.475417895018978, 10.789671420079003 ], [ 73.474929614019032, 10.792234897079027 ], [ 73.472282360694294, 10.810862927772545 ], [ 73.47139733200008, 10.829657294000071 ], [ 73.47139733200008, 10.829738674000055 ] ] ], [ [ [ 73.457471681890908, 10.173854459898509 ], [ 73.458228160156096, 10.179257216896072 ], [ 73.463067745477218, 10.19897580751795 ], [ 73.464044307477224, 10.202231015517935 ], [ 73.470788347997939, 10.221188651025212 ], [ 73.479403121337484, 10.239372701918244 ], [ 73.489801430046583, 10.256599111949415 ], [ 73.501878023997349, 10.272693517968909 ], [ 73.515510665709257, 10.287493014802466 ], [ 73.530561367618759, 10.30084780415323 ], [ 73.546877788768725, 10.312622710837738 ], [ 73.564294776780898, 10.322698551008946 ], [ 73.582636039503612, 10.330973338517321 ], [ 73.601715929414567, 10.337363317199426 ], [ 73.621341322717399, 10.341803808645293 ], [ 73.623213067717359, 10.34212932964533 ], [ 73.6428139764364, 10.344548428779154 ], [ 73.662557909193509, 10.345022541122702 ], [ 73.680919928448347, 10.343646867108543 ], [ 73.682746227358493, 10.343549060674656 ], [ 73.702111406419348, 10.340592776360864 ], [ 73.721094479510526, 10.335756174969639 ], [ 73.739513327880402, 10.329085657618615 ], [ 73.757191245805103, 10.320645219546439 ], [ 73.773958635858094, 10.310515836158814 ], [ 73.789654635984533, 10.298794686171142 ], [ 73.804128662770722, 10.285594219300773 ], [ 73.817241856102839, 10.271041077453155 ], [ 73.828868411355501, 10.255274879751752 ], [ 73.838896786329045, 10.238446883067871 ], [ 73.847230771356976, 10.220718530900879 ], [ 73.853790412316897, 10.202259904530546 ], [ 73.858512777689924, 10.183248091300705 ], [ 73.861352562309591, 10.163865485688541 ], [ 73.862282522008016, 10.144298039458592 ], [ 73.861293734989545, 10.124733477689034 ], [ 73.858395687424121, 10.105359497785276 ], [ 73.853616182439396, 10.086361968759011 ], [ 73.847001073384703, 10.067923148048424 ], [ 73.844939206652541, 10.063571105061532 ], [ 73.843200025990498, 10.049445673114752 ], [ 73.838173146486, 10.028160302406718 ], [ 73.83589450148601, 10.020429182406701 ], [ 73.829475595857673, 10.002013913673618 ], [ 73.826383147857655, 9.994364173673585 ], [ 73.814093974082212, 9.969196986724933 ], [ 73.810187724082212, 9.962442429724968 ], [ 73.800606787826041, 9.947455440396819 ], [ 73.789732138883991, 9.933378999118778 ], [ 73.785256226883959, 9.928089285118764 ], [ 73.771869869407681, 9.913757542649533 ], [ 73.757144252905576, 9.900805723189704 ], [ 73.741220961753783, 9.889358356349147 ], [ 73.724253095772838, 9.879525506673705 ], [ 73.706403798198139, 9.871401715392722 ], [ 73.687844687084606, 9.865065091420702 ], [ 73.668754205227373, 9.860576560352971 ], [ 73.649315904463734, 9.857979278676112 ], [ 73.629716680852397, 9.857298218825459 ], [ 73.610144977698795, 9.858539929079253 ], [ 73.590788973703667, 9.861692470598014 ], [ 73.57183477365588, 9.866725532214522 ], [ 73.553464619065565, 9.873590721870698 ], [ 73.535855135942029, 9.882222031899264 ], [ 73.519175636563773, 9.892536473676586 ], [ 73.503586491568811, 9.904434875544618 ], [ 73.48923758801746, 9.917802836330051 ], [ 73.476266888252894, 9.932511825292744 ], [ 73.464799103416013, 9.948420417927609 ], [ 73.45494449436832, 9.965375655737924 ], [ 73.446797811551946, 9.983214516906076 ], [ 73.440437383979742, 10.001765483721469 ], [ 73.435924366114719, 10.020850191695057 ], [ 73.433302149879992, 10.040285144504503 ], [ 73.432406967880027, 10.050783191504502 ], [ 73.431683790000065, 10.067775783000059 ], [ 73.431683790000065, 10.06781647300005 ], [ 73.432327847399037, 10.083854183237248 ], [ 73.434255871496589, 10.099788601415039 ], [ 73.435883475496553, 10.109839057415027 ], [ 73.439447632486164, 10.12702831599931 ], [ 73.444505382902136, 10.143838818265856 ], [ 73.451017760087112, 10.160141050294769 ], [ 73.455168151087165, 10.169337014294783 ], [ 73.457471681890908, 10.173854459898509 ] ] ], [ [ [ 72.688969132378034, 7.152423272290914 ], [ 72.694379104197694, 7.17143122108692 ], [ 72.701638625411547, 7.189812441510672 ], [ 72.710676812255471, 7.20738745477085 ], [ 72.721405413633335, 7.223984654082662 ], [ 72.733719672822588, 7.239441980279027 ], [ 72.747499350344881, 7.253608504196436 ], [ 72.762609898014119, 7.266345900384709 ], [ 72.778903772698243, 7.277529797750974 ], [ 72.79622187696701, 7.28705099394983 ], [ 72.814395112558685, 7.294816521662113 ], [ 72.83324603149741, 7.300750556350845 ], [ 72.852590568739132, 7.304795156630791 ], [ 72.872239839428403, 7.306910830022515 ], [ 72.892001983216886, 7.307076918566727 ], [ 72.911684037635297, 7.305291800533724 ], [ 72.931093822226828, 7.301572906258355 ], [ 72.950041815044742, 7.295956547945915 ], [ 72.968343003191578, 7.288497565110774 ], [ 72.985818689331026, 7.279268789109767 ], [ 72.987610202576946, 7.278082916393277 ], [ 73.003154417516328, 7.271172024980564 ], [ 73.020554719101185, 7.261242443279249 ], [ 73.036874316631653, 7.249621865649432 ], [ 73.051949456374274, 7.23642689502622 ], [ 73.065628871705556, 7.221789932082995 ], [ 73.069712985634681, 7.216432929581674 ], [ 73.077174073560315, 7.210872997673209 ], [ 73.091654399206845, 7.197694891971626 ], [ 73.103094354799026, 7.185027097635149 ], [ 73.105217309914522, 7.18348390885416 ], [ 73.120022853614529, 7.170294317571296 ], [ 73.129532139435071, 7.159960586110478 ], [ 73.13550597067902, 7.162116224348656 ], [ 73.154481628036734, 7.166928849912848 ], [ 73.173836889072462, 7.169863267609347 ], [ 73.178231420072407, 7.170310858609358 ], [ 73.197779040747761, 7.171338947543979 ], [ 73.21733353830524, 7.170451216616302 ], [ 73.236707597063997, 7.167656169543828 ], [ 73.255715629795517, 7.162980580532532 ], [ 73.274175555493542, 7.156469237802431 ], [ 73.291910543557321, 7.148184514554014 ], [ 73.308750707680446, 7.13820577148531 ], [ 73.324534733219139, 7.126628596582981 ], [ 73.339111422451168, 7.113563889469611 ], [ 73.352341142923194, 7.099136799078358 ], [ 73.364097165012524, 7.083485524831175 ], [ 73.374266875890555, 7.066759992804293 ], [ 73.382752858259266, 7.049120419562197 ], [ 73.389473823527069, 7.030735777417349 ], [ 73.394365390485461, 7.011782175817209 ], [ 73.396053134077462, 7.000956544429507 ], [ 73.399380547481258, 6.993766285500878 ], [ 73.40574947168858, 6.975594399870761 ], [ 73.410341347162813, 6.95689425809211 ], [ 73.41311360944276, 6.937839201420357 ], [ 73.41404056100005, 6.91860586100006 ], [ 73.41404056100005, 6.918524481000077 ], [ 73.413549912675649, 6.904523816945084 ], [ 73.412573349675654, 6.890607801945078 ], [ 73.409481677857244, 6.866924317614896 ], [ 73.403588766499539, 6.843778271292018 ], [ 73.399275615499519, 6.830269156292042 ], [ 73.396992986692567, 6.824079979577792 ], [ 73.396669984414643, 6.812550417997492 ], [ 73.394129273947513, 6.792771542014273 ], [ 73.389631553232036, 6.773343993192998 ], [ 73.383221536262567, 6.754460910094933 ], [ 73.374962948085752, 6.736310018486992 ], [ 73.364937891279411, 6.719071765070049 ], [ 73.353246029731423, 6.70291752357191 ], [ 73.348703507571187, 6.6978031052609 ], [ 73.335958553434367, 6.668785576393811 ], [ 73.325150339753336, 6.647674502308687 ], [ 73.317093699753386, 6.634002627308687 ], [ 73.307200141948229, 6.618829267854531 ], [ 73.29597432807978, 6.60461327593839 ], [ 73.283508341625364, 6.591471262969004 ], [ 73.269904438991063, 6.579511030685084 ], [ 73.256964984991015, 6.569135053685117 ], [ 73.251846550035793, 6.565165106026899 ], [ 73.251683790035827, 6.565043036026867 ], [ 73.241186434391011, 6.557953543447747 ], [ 73.237111666607404, 6.553763666174226 ], [ 73.230398273924294, 6.548046041890312 ], [ 73.229627241808572, 6.546192619436523 ], [ 73.230543967567755, 6.546036970790929 ], [ 73.249794431840115, 6.540749809527394 ], [ 73.268421907462027, 6.533569865176449 ], [ 73.28624080216521, 6.524568674117226 ], [ 73.303073579865142, 6.513835918467685 ], [ 73.318752529517198, 6.501478532549286 ], [ 73.333121436082379, 6.487619637461706 ], [ 73.346037136954237, 6.472397314382858 ], [ 73.357370948339494, 6.455963228816233 ], [ 73.367009947381291, 6.438481119492703 ], [ 73.371741908812709, 6.427413586282367 ], [ 73.379110687974546, 6.414915429523815 ], [ 73.38756403057684, 6.396563890186865 ], [ 73.388215748213895, 6.394664885694114 ], [ 73.39236598680337, 6.387590162242581 ], [ 73.400476414912859, 6.370094058858174 ], [ 73.406733059931923, 6.352271400038338 ], [ 73.413053403542094, 6.342848540093048 ], [ 73.422306827722863, 6.32562589646298 ], [ 73.427239022563271, 6.313803326812907 ], [ 73.436236700728983, 6.301890236272209 ], [ 73.446590842867153, 6.284901377258787 ], [ 73.455205839452077, 6.266967849333776 ], [ 73.461996438719609, 6.24826711802232 ], [ 73.46689544266664, 6.228984240894611 ], [ 73.469854372025083, 6.209310036284331 ], [ 73.470843946000073, 6.189439195000091 ], [ 73.470843946000073, 6.189357815000051 ], [ 73.470127873684035, 6.172448759235405 ], [ 73.469672650352635, 6.16888274937191 ], [ 73.470270316146866, 6.15818777244974 ], [ 73.470055606543767, 6.153223611213241 ], [ 73.480034623383546, 6.148780609067357 ], [ 73.497091390454244, 6.139081693654571 ], [ 73.513115681753689, 6.12775807446991 ], [ 73.527953262571501, 6.114918741988687 ], [ 73.541461320352838, 6.100687275512446 ], [ 73.553509839277325, 6.085200653711198 ], [ 73.563982851668626, 6.06860793619597 ], [ 73.57277955418995, 6.051068828811614 ], [ 73.573397294383199, 6.049669828942419 ], [ 73.584921007000531, 6.036675895745565 ], [ 73.596295388410852, 6.021035263440695 ], [ 73.606105973253122, 6.004369179425057 ], [ 73.614261031104306, 5.986833474055511 ], [ 73.620684310964222, 5.968592108777531 ], [ 73.62531575421373, 5.94981564306137 ], [ 73.62795936914236, 5.931724526627979 ], [ 73.628335150233099, 5.93106466156119 ], [ 73.636348379617161, 5.913082318319235 ], [ 73.642554843813571, 5.894399269429618 ], [ 73.646894405828434, 5.875196542666156 ], [ 73.649325017853855, 5.855660201176129 ], [ 73.64982312868645, 5.835979540637633 ], [ 73.648383911924725, 5.816345255095606 ], [ 73.645021312734059, 5.7969475892485 ], [ 73.639767912726228, 5.777974495088856 ], [ 73.632674614262712, 5.759609810758853 ], [ 73.623810147240746, 5.742031479266658 ], [ 73.613260403140913, 5.72540982432315 ], [ 73.601127602789163, 5.709905900005176 ], [ 73.589498826148329, 5.69773180835067 ], [ 73.596026202699306, 5.692426224437722 ], [ 73.609972498957617, 5.678610237141283 ], [ 73.622497130284572, 5.663493547873323 ], [ 73.633479427905371, 5.647221798635204 ], [ 73.642813582685719, 5.629951759873331 ], [ 73.647888340827436, 5.617858292739805 ], [ 73.648494349122416, 5.617461635290864 ], [ 73.652863443241074, 5.617163142639902 ], [ 73.672003242528717, 5.613970745044258 ], [ 73.69074359446293, 5.608938595547134 ], [ 73.708908094555909, 5.602114062189312 ], [ 73.726325758860995, 5.593561384869583 ], [ 73.742832633458761, 5.583361070649256 ], [ 73.758273337768898, 5.571609135932505 ], [ 73.772502527160484, 5.558416202655986 ], [ 73.785386261093009, 5.543906456995376 ], [ 73.796803263909908, 5.528216480390586 ], [ 73.801767455909896, 5.520648121390582 ], [ 73.81232061992695, 5.502559839803804 ], [ 73.820924531906428, 5.483467226043958 ], [ 73.827484859589546, 5.463579609237926 ], [ 73.829682125589542, 5.45552296823793 ], [ 73.833586952364868, 5.438213635520125 ], [ 73.835942211321822, 5.42062632684237 ], [ 73.836629581374879, 5.405146587289561 ], [ 73.838518600025793, 5.399722681297093 ], [ 73.84311397654659, 5.380730455197531 ], [ 73.845834069639267, 5.361380436304722 ], [ 73.846652914509818, 5.341857331258065 ], [ 73.845562694830789, 5.322347498900089 ], [ 73.842573817352374, 5.303037171378167 ], [ 73.837714812564286, 5.284110676455595 ], [ 73.831032062356371, 5.26574867800108 ], [ 73.822589357277877, 5.248126451452131 ], [ 73.812467287621317, 5.231412210713994 ], [ 73.800762474143497, 5.215765502464838 ], [ 73.787586645766964, 5.201335683194409 ], [ 73.773065573065622, 5.188260493513677 ], [ 73.7673660882663, 5.184058367370511 ], [ 73.759790572453525, 5.171435557000333 ], [ 73.747996629862428, 5.155574923759658 ], [ 73.734694764080317, 5.14095585623291 ], [ 73.720014886704746, 5.127721130362103 ], [ 73.704100367572224, 5.116000002028295 ], [ 73.693358180572218, 5.108879233028256 ], [ 73.676495705477024, 5.098855662204164 ], [ 73.658732377987533, 5.09053224734591 ], [ 73.640239087992498, 5.083989062833702 ], [ 73.621193747894395, 5.079289056562525 ], [ 73.615985414894411, 5.078271804562528 ], [ 73.604973564986835, 5.076651954390634 ], [ 73.60199962861364, 5.074641805525249 ], [ 73.586767785100022, 5.066177128800065 ], [ 73.586686405100039, 5.066136438800073 ], [ 73.569735342274583, 5.058621877615466 ], [ 73.552161200686143, 5.052709457794477 ], [ 73.534115033227778, 5.048449997643897 ], [ 73.515751949939357, 5.045880107986238 ], [ 73.497229784809079, 5.045021877483164 ], [ 73.478707739162019, 5.045882682779487 ], [ 73.460345013296291, 5.048455125099585 ], [ 73.442299438127975, 5.052717093841208 ], [ 73.438881469127978, 5.053693656841203 ], [ 73.420530490735615, 5.05991294941348 ], [ 73.402867457686966, 5.06787883113361 ], [ 73.386058154330641, 5.077516534632457 ], [ 73.370260351950861, 5.088735600904923 ], [ 73.355622327934043, 5.10143072835367 ], [ 73.342281474044682, 5.115482761144662 ], [ 73.330363006873, 5.130759807597896 ], [ 73.319978792558359, 5.147118478116134 ], [ 73.313644938125876, 5.15962825588078 ], [ 73.309495193572644, 5.151008455042622 ], [ 73.309370555361014, 5.148857454244441 ], [ 73.30626671679471, 5.129264203479673 ], [ 73.301237125130967, 5.110074818469393 ], [ 73.294331262660606, 5.091478088839766 ], [ 73.285617070862415, 5.073656973535692 ], [ 73.275180281979033, 5.056786800828207 ], [ 73.26312357556327, 5.041033543394242 ], [ 73.249565568292823, 5.026552185438882 ], [ 73.234639646991852, 5.013485197924759 ], [ 73.218492656340445, 5.001961136909645 ], [ 73.203070485440364, 4.993118062672548 ], [ 73.198177351638861, 4.989660750040644 ], [ 73.19531712507964, 4.988037976823877 ], [ 73.191054461628539, 4.983446077732221 ], [ 73.1870014253101, 4.979871167057366 ], [ 73.181586865936879, 4.974193737390811 ], [ 73.167469285959697, 4.961922799539078 ], [ 73.152267057481694, 4.951024440512358 ], [ 73.136113155147925, 4.941593988796572 ], [ 73.119148877941782, 4.933713933019726 ], [ 73.101522613235801, 4.927453200419799 ], [ 73.09516668019522, 4.925845596011476 ], [ 73.086293136537634, 4.912861228217529 ], [ 73.073235698442147, 4.897383753412146 ], [ 73.05868012866749, 4.883305958680586 ], [ 73.042775639603846, 4.870772158634574 ], [ 73.025685271713726, 4.859910840052152 ], [ 73.007584222167765, 4.850833344731091 ], [ 72.988658048859605, 4.843632728099294 ], [ 72.985891121859567, 4.842737545099282 ], [ 72.966895239470489, 4.837609068840328 ], [ 72.948829414048831, 4.834595809516689 ], [ 72.947967079035536, 4.834380131507578 ], [ 72.928200720528665, 4.831490568229531 ], [ 72.908244705272097, 4.83058726338604 ], [ 72.888298123705979, 4.831679228764109 ], [ 72.868559972155595, 4.834755570411964 ], [ 72.849227167551945, 4.83978559732217 ], [ 72.830492582897378, 4.846719127619308 ], [ 72.812543123075287, 4.855486989197587 ], [ 72.795557860200546, 4.866001709813766 ], [ 72.779706247113197, 4.87815838975072 ], [ 72.765146426838598, 4.891835748345548 ], [ 72.752023654879352, 4.90689733394157 ], [ 72.740468850079338, 4.92319288519318 ], [ 72.730597288516634, 4.940559830142543 ], [ 72.722507453456103, 4.958824908112649 ], [ 72.716280052834819, 4.97780589823599 ], [ 72.711977214082225, 4.997313437374221 ], [ 72.709641864308281, 5.017152909292441 ], [ 72.709297302042714, 5.037126386240773 ], [ 72.710946964798055, 5.057034603573173 ], [ 72.714574394775525, 5.076678947703712 ], [ 72.718477188846677, 5.090123552116908 ], [ 72.71308902132543, 5.095161312158681 ], [ 72.700245210605388, 5.109753492217126 ], [ 72.688878719500678, 5.125523656218702 ], [ 72.67909693156993, 5.142322817434313 ], [ 72.670992259079014, 5.159992267807353 ], [ 72.664641269947253, 5.178365077328995 ], [ 72.660103964381179, 5.197267671089386 ], [ 72.657423208029826, 5.216521469105751 ], [ 72.65662432701663, 5.235944573435312 ], [ 72.657714868673978, 5.25535348663425 ], [ 72.660684530240587, 5.274564845327743 ], [ 72.665505256195743, 5.293397152513416 ], [ 72.672131503310339, 5.311672492232463 ], [ 72.68050067091113, 5.329218210409276 ], [ 72.690533692293045, 5.345868545980081 ], [ 72.702135781692377, 5.361466196900664 ], [ 72.714315122551497, 5.374891358353371 ], [ 72.706176356273318, 5.387479585915022 ], [ 72.697327991056511, 5.404573232687495 ], [ 72.690163791966995, 5.422438298553528 ], [ 72.688698947966998, 5.426670069553508 ], [ 72.682611528124653, 5.448024215165424 ], [ 72.67892880053796, 5.469921560499373 ], [ 72.677696160000082, 5.492092190000051 ], [ 72.677696160000082, 5.492132880000042 ], [ 72.678707853668627, 5.512224020916882 ], [ 72.681732699433482, 5.532111901033129 ], [ 72.686740095121564, 5.551595315924835 ], [ 72.693679381227724, 5.570477153117125 ], [ 72.702480353433785, 5.58856638625862 ], [ 72.713053972861189, 5.605680007722937 ], [ 72.725293266871617, 5.621644880085264 ], [ 72.739074411302525, 5.636299487742717 ], [ 72.740132353302513, 5.637316739742714 ], [ 72.755948480328925, 5.651006963610088 ], [ 72.773108015210724, 5.662970343830365 ], [ 72.791423244603493, 5.673076009367302 ], [ 72.80176741187536, 5.677444051156659 ], [ 72.801655059171708, 5.677655664454002 ], [ 72.794103264709349, 5.69611540327835 ], [ 72.78842760185897, 5.715235508096934 ], [ 72.784684513889644, 5.734825833503078 ], [ 72.784534038814797, 5.736511569206121 ], [ 72.782376982216022, 5.741804407287973 ], [ 72.776914329010154, 5.759970173575868 ], [ 72.773197270452897, 5.778571762770232 ], [ 72.771491040099889, 5.795184903746048 ], [ 72.76765480473378, 5.809030092215058 ], [ 72.766922382733782, 5.812244610215108 ], [ 72.76375141216981, 5.829705949417547 ], [ 72.762555497827137, 5.842829254560236 ], [ 72.75124237747724, 5.856086358262324 ], [ 72.739585215850298, 5.872989898904743 ], [ 72.729722635104935, 5.890999579759438 ], [ 72.721758591552458, 5.909925570189026 ], [ 72.715777030015417, 5.929568381215589 ], [ 72.711840999009112, 5.94972096822977 ], [ 72.709991986180171, 5.970170913339845 ], [ 72.709829226180204, 5.974361994339833 ], [ 72.709999776749896, 5.993453371448997 ], [ 72.711989949191107, 6.012441498820472 ], [ 72.7157816075715, 6.03115334250696 ], [ 72.721340199478192, 6.049418386263707 ], [ 72.728615070885141, 6.06707018541942 ], [ 72.737539927750205, 6.083947883643979 ], [ 72.748033440135885, 6.099897678791021 ], [ 72.759999983348209, 6.114774224457562 ], [ 72.773330509340099, 6.128441954488577 ], [ 72.787903540438336, 6.140776318356697 ], [ 72.803586276338493, 6.151664916159301 ], [ 72.820235804280202, 6.161008522890075 ], [ 72.821456507280203, 6.161618874890099 ], [ 72.835813688731548, 6.167895371121509 ], [ 72.832925624176895, 6.179296437376319 ], [ 72.832583110522904, 6.181566829527382 ], [ 72.818190598152128, 6.192703522421579 ], [ 72.80340449926193, 6.206775401547028 ], [ 72.790129706831522, 6.222281090452754 ], [ 72.783394898387911, 6.23200104446908 ], [ 72.768261242748309, 6.224233600691336 ], [ 72.749781316050957, 6.216962384041558 ], [ 72.730671386739175, 6.211559710258484 ], [ 72.711119868340404, 6.208078846772274 ], [ 72.691319528210684, 6.206554113006995 ], [ 72.671465586953275, 6.20700054200973 ], [ 72.651753793649405, 6.209413732232896 ], [ 72.632378495878712, 6.213769890931117 ], [ 72.613530723557517, 6.220026068744771 ], [ 72.595396305487682, 6.228120583157358 ], [ 72.578154037185399, 6.237973626651626 ], [ 72.561973918054605, 6.249488053568355 ], [ 72.54701547528505, 6.262550337909815 ], [ 72.533426191000856, 6.277031692644466 ], [ 72.521340048166877, 6.292789339477167 ], [ 72.510876209589384, 6.30966791656564 ], [ 72.509818266589349, 6.311580351565648 ], [ 72.500799179429976, 6.330069767932708 ], [ 72.493727097425705, 6.349387845137951 ], [ 72.488676843637435, 6.369330196740933 ], [ 72.485701850059684, 6.389685831439836 ], [ 72.484833592306785, 6.410239385372366 ], [ 72.486081256598936, 6.430773400678606 ], [ 72.489431642571518, 6.451070626218509 ], [ 72.49484930293562, 6.47091631610226 ], [ 72.495907245935655, 6.474130835102299 ], [ 72.502849681663321, 6.492222305779027 ], [ 72.511510336917524, 6.509557004381755 ], [ 72.521807910073122, 6.525972201979855 ], [ 72.533645732990337, 6.541313801429079 ], [ 72.546912678483821, 6.55543778395358 ], [ 72.561484203525623, 6.568211561117581 ], [ 72.577223518388863, 6.579515219495095 ], [ 72.593982870756903, 6.589242646353386 ], [ 72.611604932743575, 6.59730252578286 ], [ 72.613232536743539, 6.597953566782829 ], [ 72.631141298078205, 6.604150102523752 ], [ 72.649556144232335, 6.608623829029728 ], [ 72.668311746354505, 6.611334581096086 ], [ 72.687239716279507, 6.61225802153739 ], [ 72.7061701183206, 6.611385859687173 ], [ 72.724932994955466, 6.608725925831702 ], [ 72.728293897947808, 6.608085754535562 ], [ 72.730133111438477, 6.616106910097181 ], [ 72.736289004596543, 6.634221053581494 ], [ 72.73640396548771, 6.634586724689284 ], [ 72.736449630842216, 6.634693707473756 ], [ 72.736706840797055, 6.63545056564329 ], [ 72.737664528934744, 6.637539917301363 ], [ 72.743991240647333, 6.65236185929266 ], [ 72.735682470243404, 6.66628452132405 ], [ 72.727273221241703, 6.684188371512757 ], [ 72.720673658283403, 6.702835330758485 ], [ 72.715948335541398, 6.722043002281509 ], [ 72.713143474152361, 6.741623504648422 ], [ 72.712286510100768, 6.761385309549966 ], [ 72.713385825851645, 6.781135115251094 ], [ 72.716430668356708, 6.800679737387932 ], [ 72.717407231356702, 6.805399789387971 ], [ 72.72222211173063, 6.824079902170052 ], [ 72.728814257431722, 6.842209251348167 ], [ 72.736454900849111, 6.858220529141927 ], [ 72.730144551568699, 6.865857997949573 ], [ 72.719055772969739, 6.882384139181653 ], [ 72.709664342095422, 6.89993051718317 ], [ 72.702063251568859, 6.918323390195457 ], [ 72.69632776631569, 6.937380634585714 ], [ 72.692514678301478, 6.956913548209519 ], [ 72.690661744185576, 6.976728718912829 ], [ 72.690787311460113, 6.996629939671838 ], [ 72.692890136775645, 7.016420151407227 ], [ 72.695754169035965, 7.030166650939523 ], [ 72.689795781582617, 7.048094800221208 ], [ 72.685421812026235, 7.067554490388911 ], [ 72.683007816041993, 7.087353070501921 ], [ 72.68257780149294, 7.107293638161615 ], [ 72.684136044993622, 7.127177878863632 ], [ 72.687667049378049, 7.14680803829091 ], [ 72.688969132378034, 7.152423272290914 ] ], [ [ 73.1748817665422, 5.8381507150652 ], [ 73.177425831745836, 5.831335816523386 ], [ 73.179941920225048, 5.821815064589866 ], [ 73.180461873512087, 5.825431007151642 ], [ 73.185109468335668, 5.844386631426324 ], [ 73.191582521409003, 5.862799002626058 ], [ 73.192477704409015, 5.864996268626111 ], [ 73.200500850118232, 5.882282859840774 ], [ 73.201658995907792, 5.884260118548355 ], [ 73.201339952349826, 5.884951856317774 ], [ 73.192891638422353, 5.886809756225664 ], [ 73.174089731409381, 5.89294457580274 ], [ 73.160724856975918, 5.898822190743346 ], [ 73.162553352812296, 5.88973349071459 ], [ 73.163321815942965, 5.884610751052499 ], [ 73.167836200092651, 5.872092747274059 ], [ 73.172674169242029, 5.852923939293438 ], [ 73.1748817665422, 5.8381507150652 ] ] ], [ [ [ 72.931951315259568, 8.452547174941296 ], [ 72.934910973793095, 8.455842771932057 ], [ 72.948977489600111, 8.468776570347751 ], [ 72.964214142853564, 8.480308890410985 ], [ 72.980481841951857, 8.490334456452553 ], [ 72.997632083133453, 8.498761747584346 ], [ 73.015508306130542, 8.505513833170678 ], [ 73.033947323368679, 8.510529075108829 ], [ 73.052780809665393, 8.513761690507904 ], [ 73.057419481665391, 8.51433135150789 ], [ 73.077324139490898, 8.515772619389237 ], [ 73.097273339956118, 8.515223022214563 ], [ 73.117068452534568, 8.512688032222037 ], [ 73.136512380924572, 8.508192889841606 ], [ 73.155411525500938, 8.501782352380671 ], [ 73.173577710950852, 8.493520248383797 ], [ 73.190830059901003, 8.483488842103613 ], [ 73.206996793880322, 8.471788014410748 ], [ 73.221916943686679, 8.458534268298344 ], [ 73.235441952127687, 8.443859568883138 ], [ 73.236662655127688, 8.44239472588313 ], [ 73.24859316115257, 8.426540731471411 ], [ 73.258894055321036, 8.409582615651942 ], [ 73.267463954658496, 8.391687282792166 ], [ 73.274218512906018, 8.373030861492857 ], [ 73.279091250669083, 8.353796971103527 ], [ 73.279821630816031, 8.348927191966961 ], [ 73.280047963497864, 8.348036153621907 ], [ 73.283005785570879, 8.328365559826944 ], [ 73.283994988000032, 8.308498440000051 ], [ 73.283994988000032, 8.30845774900007 ], [ 73.282784807497663, 8.286489415788399 ], [ 73.279168911359037, 8.264786939061951 ], [ 73.273191058454216, 8.243612957962601 ], [ 73.264923591593515, 8.223223715881186 ], [ 73.247019945593536, 8.185219158881164 ], [ 73.237810101523522, 8.167921891278173 ], [ 73.226951685693876, 8.151608966954379 ], [ 73.214548943428397, 8.13643699679162 ], [ 73.205108839428377, 8.125979639791613 ], [ 73.19234556979697, 8.11307051955651 ], [ 73.178464360576697, 8.101371867176381 ], [ 73.163579574343515, 8.090980063881442 ], [ 73.151616683343519, 8.083411704881438 ], [ 73.132780669252071, 8.072873186827531 ], [ 73.112918697202048, 8.064425828902703 ], [ 73.092262087560286, 8.058168012371862 ], [ 73.080299197560336, 8.055238325371914 ], [ 73.061915929735349, 8.0516394651886 ], [ 73.043276591166119, 8.049776299000113 ], [ 73.024544693740353, 8.049665171260921 ], [ 73.005884561309799, 8.051307056828922 ], [ 72.987459888174399, 8.05468755241359 ], [ 72.969432303089036, 8.059777002927524 ], [ 72.951959951390052, 8.066530761632979 ], [ 72.935196107679914, 8.074889581801274 ], [ 72.919287831239686, 8.084780136449298 ], [ 72.910661529239647, 8.090720891449282 ], [ 72.89509104294028, 8.102608877302881 ], [ 72.880758274179172, 8.11596312722172 ], [ 72.86780073306312, 8.130655519112768 ], [ 72.856342735618739, 8.146545092606694 ], [ 72.846494211091283, 8.163479401446631 ], [ 72.838349647271784, 8.181295976073768 ], [ 72.831987183971137, 8.199823882377563 ], [ 72.827467863338455, 8.218885361655767 ], [ 72.824835044216229, 8.238297536050304 ], [ 72.823207439216219, 8.25721843405028 ], [ 72.822485092147275, 8.276686817240225 ], [ 72.82366031523037, 8.296133117145954 ], [ 72.826721957369202, 8.315372817682405 ], [ 72.831640968193071, 8.334223363081232 ], [ 72.83837067370105, 8.352505890069983 ], [ 72.84684721912798, 8.370046925015041 ], [ 72.856990174829946, 8.386680029925031 ], [ 72.868703299440384, 8.402247381696574 ], [ 72.881875453055699, 8.416601269617727 ], [ 72.896381651785447, 8.429605496920086 ], [ 72.912084253661163, 8.441136673080893 ], [ 72.928834264651186, 8.451085384613176 ], [ 72.931951315259568, 8.452547174941296 ] ] ], [ [ [ 71.972700952844377, 10.808446555346391 ], [ 71.972619572844394, 10.829198509346382 ], [ 71.973776198019479, 10.851475229154271 ], [ 71.977406366071321, 10.873484588688573 ], [ 71.983464918614445, 10.894952797004057 ], [ 71.989893954614431, 10.913670244004086 ], [ 71.99882882510029, 10.935426174187896 ], [ 72.010255899506717, 10.955982788190987 ], [ 72.015982307006482, 10.964992335827969 ], [ 72.019759768908813, 10.971028869011636 ], [ 72.034401180199453, 10.991450644534471 ], [ 72.04056916965709, 10.99900247698964 ], [ 72.044784658630803, 11.004193774031361 ], [ 72.057918948601397, 11.018834193389175 ], [ 72.072427762558959, 11.032113717836575 ], [ 72.088170781609833, 11.043903917290702 ], [ 72.104995750509545, 11.054090765357099 ], [ 72.122739950166888, 11.062575742111619 ], [ 72.141231771346796, 11.069276786914822 ], [ 72.160292374352437, 11.074129092043904 ], [ 72.179737418635085, 11.077085729466749 ], [ 72.199378845604357, 11.078118104696351 ], [ 72.219026697396714, 11.0772162333363 ], [ 72.238490954012264, 11.07438883764272 ], [ 72.257583371052675, 11.069663262168852 ], [ 72.276119300286581, 11.063085209308033 ], [ 72.29391947543553, 11.05471829729278 ], [ 72.310811745909461, 11.044643444924638 ], [ 72.326632741724367, 11.032958088985291 ], [ 72.341229453500148, 11.019775241897548 ], [ 72.354460712258202, 11.005222398749845 ], [ 72.366198554706969, 10.989440304254744 ], [ 72.376329460811561, 10.97258159156652 ], [ 72.384755451678586, 10.954809306122236 ], [ 72.391395037137997, 10.936295328782629 ], [ 72.396184003857897, 10.917218713523104 ], [ 72.396531261154081, 10.914882707080144 ], [ 72.397379918808213, 10.915844652991577 ], [ 72.411333860924287, 10.928903939303746 ], [ 72.412961465924297, 10.930287402303771 ], [ 72.427904636487341, 10.941820030367003 ], [ 72.44386848540276, 10.95189253672473 ], [ 72.460710814743621, 10.960415200562698 ], [ 72.478281601521729, 10.967312106283343 ], [ 72.496424334016865, 10.972521819723696 ], [ 72.499879892752915, 10.973169255463523 ], [ 72.504699427458078, 10.97451420903103 ], [ 72.524239865289019, 10.977927178849249 ], [ 72.54402228043115, 10.979387700930095 ], [ 72.563852074714035, 10.97888140822471 ], [ 72.583534183902032, 10.976413281097397 ], [ 72.59158701072775, 10.974578911413479 ], [ 72.586384445000462, 10.980178382316662 ], [ 72.574325482976874, 10.996079148582744 ], [ 72.563911176960715, 11.013102519668887 ], [ 72.555245215149853, 11.031079005388507 ], [ 72.548413878662004, 11.049829626037559 ], [ 72.543485182491963, 11.069167694374347 ], [ 72.540508198332361, 11.088900674338062 ], [ 72.539512566000028, 11.10883209800005 ], [ 72.539512566000028, 11.113959052000041 ], [ 72.540516139559543, 11.133969605813299 ], [ 72.543516788639167, 11.153779338999376 ], [ 72.548484399518131, 11.17318944631381 ], [ 72.555369118567128, 11.192005133051717 ], [ 72.564101852566111, 11.21003756995596 ], [ 72.571239357023615, 11.221647520633635 ], [ 72.57132098553609, 11.223307151220613 ], [ 72.574207628706802, 11.242744113576272 ], [ 72.578032498706818, 11.261949842576236 ], [ 72.582059852999279, 11.278471022133299 ], [ 72.587476090720415, 11.294590368444545 ], [ 72.602368668720359, 11.333368038444547 ], [ 72.610490725807807, 11.351710401353868 ], [ 72.620409366750806, 11.369146876062732 ], [ 72.632024807519869, 11.385502047237905 ], [ 72.645220193851344, 11.400611377732414 ], [ 72.659862776830693, 11.414322863870748 ], [ 72.675805248380144, 11.426498564644174 ], [ 72.692887223215038, 11.437015989432068 ], [ 72.710936852360277, 11.445769330288456 ], [ 72.729772551994358, 11.452670526396638 ], [ 72.749204830228393, 11.457650149983207 ], [ 72.769038193442327, 11.46065810477897 ], [ 72.789073113000029, 11.461664130000042 ], [ 72.795909050000034, 11.461664130000042 ], [ 72.806324681876077, 11.461160092505912 ], [ 72.806144273698465, 11.462519167503073 ], [ 72.804405144000029, 11.488836981000077 ], [ 72.804405144000029, 11.496486721000053 ], [ 72.805307794577644, 11.514171373158486 ], [ 72.80311375665859, 11.512858373827571 ], [ 72.799695787658592, 11.511027318827603 ], [ 72.78289257861374, 11.503008733881511 ], [ 72.765416521213453, 11.496587444565172 ], [ 72.747419065391028, 11.491819098660946 ], [ 72.743268675391022, 11.490923916660924 ], [ 72.722304385248776, 11.487555250433358 ], [ 72.701101108000046, 11.486428127000057 ], [ 72.700938347000033, 11.486428127000057 ], [ 72.681117908664902, 11.487412674775353 ], [ 72.661492612014442, 11.490356624758025 ], [ 72.642255677470231, 11.495230992354013 ], [ 72.623596501843366, 11.501987787085591 ], [ 72.605698793632371, 11.510560485080546 ], [ 72.588738764325257, 11.520864684031489 ], [ 72.572883393513251, 11.532798934176883 ], [ 72.558288784896973, 11.546245737122424 ], [ 72.545098629370841, 11.561072702668863 ], [ 72.53344279031765, 11.57713385225677 ], [ 72.523436025041505, 11.594271056195188 ], [ 72.515176854927304, 11.612315590523995 ], [ 72.508746595450674, 11.631089798181893 ], [ 72.504208555588207, 11.650408838125058 ], [ 72.501607414510445, 11.670082505175518 ], [ 72.500968781693985, 11.68991710268201 ], [ 72.502298944784016, 11.709717349556046 ], [ 72.505584807689431, 11.729288302907522 ], [ 72.510794019520091, 11.748437277350613 ], [ 72.517875293096793, 11.766975742083448 ], [ 72.526758909898106, 11.784721177063922 ], [ 72.537357406472438, 11.80149887000672 ], [ 72.541507797472434, 11.807398935006711 ], [ 72.552561126301384, 11.821693286478839 ], [ 72.564859479157391, 11.834931680612513 ], [ 72.578302469332598, 11.847006057505713 ], [ 72.59278036688643, 11.857817858679903 ], [ 72.608174994328834, 11.867278831574854 ], [ 72.624360691257479, 11.875311749920238 ], [ 72.628511082257532, 11.877142804920263 ], [ 72.647919098264182, 11.884526927635594 ], [ 72.667988138612202, 11.889858904107641 ], [ 72.688501860876158, 11.893081256116099 ], [ 72.709239129000082, 11.894159247000072 ], [ 72.71615644600007, 11.894159247000072 ], [ 72.735759874068876, 11.893196192334226 ], [ 72.755174510409006, 11.890316303079583 ], [ 72.774213381459319, 11.885547314143981 ], [ 72.792693132483848, 11.878935153497876 ], [ 72.810435793378105, 11.870543499862885 ], [ 72.82727049261851, 11.86045316945088 ], [ 72.843035102848546, 11.848761337659695 ], [ 72.857577802253843, 11.835580603220919 ], [ 72.870758536689237, 11.821037903812554 ], [ 72.882450368476754, 11.805273293579795 ], [ 72.892540698884829, 11.788438594337038 ], [ 72.900932352515696, 11.770695933440825 ], [ 72.90754451315749, 11.75221618241476 ], [ 72.912313502088665, 11.733177311363336 ], [ 72.915193391338789, 11.71376267502254 ], [ 72.916156446000073, 11.694159246953507 ], [ 72.915402450823976, 11.678811322632345 ], [ 72.919972690811846, 11.681317189666975 ], [ 72.938698062729841, 11.689230826170101 ], [ 72.958130041971287, 11.695202708530815 ], [ 72.97806786451838, 11.699171137470737 ], [ 72.984171380518433, 11.700066319470702 ], [ 73.00410750208043, 11.70197680785064 ], [ 73.024134740328122, 11.701883872632012 ], [ 73.044052272676325, 11.699788445720186 ], [ 73.063660376612788, 11.695711538951358 ], [ 73.082762432410178, 11.689694033396931 ], [ 73.101166894725125, 11.681796269429695 ], [ 73.118689213313843, 11.672097441662373 ], [ 73.135153683604699, 11.66069480482582 ], [ 73.150395208570998, 11.647702698549841 ], [ 73.164260954236937, 11.63325140082569 ], [ 73.176611882216122, 11.617485821647062 ], [ 73.187324143915163, 11.600564049929075 ], [ 73.196290322422144, 11.582655768276002 ], [ 73.203420509626639, 11.563940551493573 ], [ 73.208643207771004, 11.544606065907516 ], [ 73.211906046392059, 11.524846187544593 ], [ 73.213176307464551, 11.50485905804603 ], [ 73.212441253480222, 11.484845097807618 ], [ 73.209708255172856, 11.465004996269659 ], [ 73.20742960917282, 11.452960726269669 ], [ 73.203205208951729, 11.435141871520569 ], [ 73.197368666062275, 11.417784109311773 ], [ 73.195252780062262, 11.412331635311793 ], [ 73.187489283715237, 11.39485328015599 ], [ 73.178091828257351, 11.378196371517237 ], [ 73.17491800025735, 11.373150798517219 ], [ 73.163695544376566, 11.357109508700237 ], [ 73.150958518023856, 11.342242274435629 ], [ 73.136828963085378, 11.328691548542563 ], [ 73.121442264186044, 11.316587169501483 ], [ 73.104945851479798, 11.306045117385613 ], [ 73.087497788023583, 11.297166402579066 ], [ 73.069265255270508, 11.290036097929436 ], [ 73.050422951193653, 11.284722523608508 ], [ 73.031151416389051, 11.281276592491428 ], [ 73.011635304196645, 11.279731322326725 ], [ 72.994869038082683, 11.280048422540496 ], [ 72.995854079000154, 11.266352986805339 ], [ 72.995372544254693, 11.247024647095241 ], [ 72.995047024254703, 11.242589425095257 ], [ 72.992290322654, 11.221084230331066 ], [ 72.987221958205893, 11.200003801317823 ], [ 72.983321319156389, 11.189129632750022 ], [ 72.981416844646063, 11.179092538725422 ], [ 72.975480357349724, 11.155648886896053 ], [ 72.96604025334976, 11.126026490896074 ], [ 72.960761397987341, 11.111442468973143 ], [ 72.954368275998604, 11.097311368498548 ], [ 72.954286895998564, 11.097148607498536 ], [ 72.94670202801116, 11.083700318928431 ], [ 72.946133228984834, 11.079895196137819 ], [ 72.941375499939738, 11.060952709492625 ], [ 72.934792849379008, 11.042564601988984 ], [ 72.930439003616939, 11.033351456770198 ], [ 72.928388157061889, 11.028242220177413 ], [ 72.91908032523861, 11.010456015410153 ], [ 72.908036385270222, 10.993692477500517 ], [ 72.906246020270245, 10.991251071500514 ], [ 72.893434287958783, 10.975520537463737 ], [ 72.879094843513116, 10.961168864429125 ], [ 72.863375236298367, 10.948343727590986 ], [ 72.846437217215936, 10.937177094460708 ], [ 72.828455074326413, 10.927783866953439 ], [ 72.809613839468142, 10.920260699075579 ], [ 72.790107384325083, 10.914685002378761 ], [ 72.770136425534716, 10.911114149413986 ], [ 72.764683951534678, 10.910422417413979 ], [ 72.744785707296231, 10.90890162513293 ], [ 72.724834961958109, 10.90937140528194 ], [ 72.705030351591446, 10.911827080577954 ], [ 72.696777177751144, 10.913700299619501 ], [ 72.701564275434237, 10.908577073053809 ], [ 72.713604757292558, 10.892813067527797 ], [ 72.724024447873347, 10.87593387555054 ], [ 72.7327208494427, 10.858105536498643 ], [ 72.739608416134573, 10.839503426439038 ], [ 72.744619395459324, 10.820310532967452 ], [ 72.747704494779938, 10.800715655172818 ], [ 72.748833366200117, 10.78091154643444 ], [ 72.747994905094259, 10.761093018321114 ], [ 72.746183019714138, 10.748374086254822 ], [ 72.75202895740874, 10.745155282466756 ], [ 72.765273836566948, 10.736427633762391 ], [ 72.767145580566918, 10.735084860762415 ], [ 72.78231696143439, 10.723047002423355 ], [ 72.796252892027184, 10.709598185771679 ], [ 72.808822694834646, 10.69486452064047 ], [ 72.81990850255481, 10.678984164913688 ], [ 72.829406363338393, 10.662106029016824 ], [ 72.837227215547557, 10.644388379580752 ], [ 72.843297722888721, 10.625997355372233 ], [ 72.847560962088423, 10.607105409407261 ], [ 72.849976956664165, 10.587889691855546 ], [ 72.85052305178462, 10.568530388899687 ], [ 72.849194126704504, 10.549209033125601 ], [ 72.84903136670448, 10.547825569125587 ], [ 72.847654243628085, 10.539603207373377 ], [ 72.845879432538283, 10.527682247957728 ], [ 72.841076173833542, 10.508578687136589 ], [ 72.834416970250714, 10.49004028542894 ], [ 72.825966418949704, 10.472246873363213 ], [ 72.815806493939391, 10.455371054745545 ], [ 72.804035750894215, 10.439576532328072 ], [ 72.790768371121459, 10.425016519821314 ], [ 72.776133053953075, 10.411832255654796 ], [ 72.760271768306438, 10.400151632903091 ], [ 72.749041299306441, 10.392705343903119 ], [ 72.731123343344308, 10.382123855147489 ], [ 72.725670870344317, 10.379275548147467 ], [ 72.709809905922398, 10.37185485673019 ], [ 72.693360638367594, 10.365849987837819 ], [ 72.687826783367584, 10.364100312837834 ], [ 72.687760511524701, 10.364309916775175 ], [ 72.680149174657657, 10.361822293910972 ], [ 72.660919237336699, 10.357574968012029 ], [ 72.641364810010444, 10.355239451237948 ], [ 72.621675487648005, 10.354838388191055 ], [ 72.602042173127927, 10.356375667481068 ], [ 72.582655226290356, 10.359836384022058 ], [ 72.563702618254339, 10.365186983548552 ], [ 72.545368108895588, 10.372375587949524 ], [ 72.527829465155449, 10.381332498265929 ], [ 72.511256737455867, 10.391970870474854 ], [ 72.49581061093194, 10.404187557508035 ], [ 72.481640847467887, 10.417864109340726 ], [ 72.46888483364225, 10.432867921454326 ], [ 72.457666248661141, 10.449053520537506 ], [ 72.448093865194679, 10.466263974960054 ], [ 72.440260494743654, 10.484332416343772 ], [ 72.434242087761845, 10.50308365747766 ], [ 72.430096997258886, 10.52233589089049 ], [ 72.427865413023625, 10.541902451611801 ], [ 72.427568971953818, 10.561593627030042 ], [ 72.429210548269921, 10.581218496299881 ], [ 72.432774225647435, 10.600586781464262 ], [ 72.433851721683382, 10.604327305039563 ], [ 72.430390821408892, 10.606390051323171 ], [ 72.414424748737062, 10.618198686260957 ], [ 72.399708442693338, 10.631532465623298 ], [ 72.386386991094582, 10.646259931900913 ], [ 72.374591729910875, 10.662235887248375 ], [ 72.364438948426312, 10.679302824987252 ], [ 72.356028742744925, 10.697292482461835 ], [ 72.349583711021211, 10.715630072468478 ], [ 72.34608917555137, 10.709551420110976 ], [ 72.335633575247613, 10.693246123105673 ], [ 72.323649724667376, 10.678028711584194 ], [ 72.310250027022732, 10.664041918128394 ], [ 72.295560165544217, 10.651416932667587 ], [ 72.279717924627917, 10.640272171975097 ], [ 72.262871897478703, 10.630712168971357 ], [ 72.245180092371911, 10.622826592251409 ], [ 72.226808450605546, 10.616689405033181 ], [ 72.20792929004449, 10.612358171415256 ], [ 72.188719688855173, 10.609873516451113 ], [ 72.169359824590813, 10.609258745104121 ], [ 72.150031284205753, 10.610519623657298 ], [ 72.130915360850153, 10.613644325628124 ], [ 72.11219135342067, 10.618603542695723 ], [ 72.09403488481604, 10.625350759599922 ], [ 72.07661625467216, 10.633822690433803 ], [ 72.060098842026875, 10.643939872237487 ], [ 72.04463757289696, 10.655607410325505 ], [ 72.030377467140639, 10.668715868356937 ], [ 72.017452278235581, 10.683142294799826 ], [ 72.005983238730508, 10.698751376162107 ], [ 71.99607792313752, 10.71539670617225 ], [ 71.987829238930843, 10.732922159005248 ], [ 71.98131455511583, 10.751163353673737 ], [ 71.976594976542017, 10.769949195848865 ], [ 71.973714770766577, 10.789103482649328 ], [ 71.972700952844377, 10.808446555346391 ] ] ] ] } }
]
}
