{
"type": "FeatureCollection",
"name": "india_coastline",
"crs": { "type": "name", "properties": { "name": "urn:ogc:def:crs:OGC:1.3:CRS84" } },
"features": [
{ "type": "Feature", "properties": { "featurecla": "Coastline", "scalerank": 6, "min_zoom": 1.0 }, "geometry": { "type": "LineString", "coordinates": [ [ 81.875987175000034, 7.091945705000057 ], [ 81.880707227000073, 7.327093817000048 ], [ 81.855723504000082, 7.412176825000074 ], [ 81.840342644000032, 7.436468817000048 ], [ 81.838063998000052, 7.45766836100006 ], [ 81.834971550000034, 7.46556224200009 ], [ 81.826019727000073, 7.474188544000071 ], [ 81.820485873000052, 7.476507880000042 ], [ 81.818695509000065, 7.47337474200009 ], [ 81.820892774000072, 7.46710846600007 ], [ 81.821462436000047, 7.46556224200009 ], [ 81.821462436000047, 7.465521552000041 ], [ 81.821462436000047, 7.458726304000038 ], [ 81.815277540000068, 7.450344143000052 ], [ 81.811045769000032, 7.438544012000079 ], [ 81.808604363000029, 7.424709377000056 ], [ 81.807790561000047, 7.410711981000077 ], [ 81.807790561000047, 7.410345770000049 ], [ 81.800954623000052, 7.410345770000049 ], [ 81.800791863000029, 7.410345770000049 ], [ 81.801036004000082, 7.425197658000059 ], [ 81.793386264000048, 7.465521552000041 ], [ 81.793304884000065, 7.46556224200009 ], [ 81.787119988000029, 7.46556224200009 ], [ 81.779063347000033, 7.455308335000041 ], [ 81.771006707000083, 7.456976630000042 ], [ 81.770030144000032, 7.460842190000051 ], [ 81.769053582000083, 7.464626369000086 ], [ 81.769053582000083, 7.464667059000078 ], [ 81.779795769000032, 7.472357489000046 ], [ 81.772471550000034, 7.47882721600007 ], [ 81.769541863000029, 7.484523830000057 ], [ 81.769297722000033, 7.485174872000073 ], [ 81.767588738000029, 7.490179755000042 ], [ 81.762705925000034, 7.496568101000094 ], [ 81.757578972000033, 7.505438544000071 ], [ 81.761892123000052, 7.511542059000078 ], [ 81.769053582000083, 7.51703522300005 ], [ 81.772959832000083, 7.523911851000094 ], [ 81.771820509000065, 7.527818101000094 ], [ 81.767100457000083, 7.537502346000053 ], [ 81.76693769600007, 7.537909247000073 ], [ 81.766123894000032, 7.540676174000055 ], [ 81.771820509000065, 7.565985419000071 ], [ 81.772959832000083, 7.567979234000063 ], [ 81.772959832000083, 7.568019924000055 ], [ 81.754567905000044, 7.614569403000075 ], [ 81.749034050000034, 7.622544664000088 ], [ 81.72584069100003, 7.639593817000048 ], [ 81.714040561000047, 7.643744208000044 ], [ 81.714040561000047, 7.64366282800006 ], [ 81.717784050000034, 7.630072333000044 ], [ 81.711599155000044, 7.622544664000088 ], [ 81.706797722000033, 7.631984768000052 ], [ 81.705088738000029, 7.638861395000049 ], [ 81.70639082100007, 7.644598700000074 ], [ 81.711517774000072, 7.650498765000066 ], [ 81.711599155000044, 7.650539455000057 ], [ 81.700694207000083, 7.66860586100006 ], [ 81.690277540000068, 7.680487372000073 ], [ 81.67701256600003, 7.69281647300005 ], [ 81.66374759200005, 7.705145575000074 ], [ 81.66529381600003, 7.715847072000088 ], [ 81.66529381600003, 7.715887762000079 ], [ 81.662771030000044, 7.718939520000049 ], [ 81.659027540000068, 7.723334052000041 ], [ 81.648203972000033, 7.728705145000049 ], [ 81.63640384200005, 7.733099677000041 ], [ 81.628916863000029, 7.722886460000041 ], [ 81.618988477000073, 7.719224351000037 ], [ 81.607432488000029, 7.720851955000057 ], [ 81.595469597000033, 7.726263739000046 ], [ 81.602549675000034, 7.748439846000053 ], [ 81.61296634200005, 7.759019273000092 ], [ 81.624766472000033, 7.760036526000079 ], [ 81.626475457000083, 7.760199286000045 ], [ 81.62663821700005, 7.760199286000045 ], [ 81.643239780000044, 7.754136460000041 ], [ 81.656097852000073, 7.743109442000048 ], [ 81.680674675000034, 7.712062893000052 ], [ 81.690928582000083, 7.705145575000074 ], [ 81.691009962000066, 7.705186265000066 ], [ 81.713145379000082, 7.711818752000056 ], [ 81.710703972000033, 7.731146552000041 ], [ 81.696787957000083, 7.752997137000079 ], [ 81.65365644600007, 7.797756252000056 ], [ 81.651215040000068, 7.801743882000039 ], [ 81.643321160000085, 7.814642645000049 ], [ 81.63640384200005, 7.835516669000071 ], [ 81.629567905000044, 7.835516669000071 ], [ 81.608409050000034, 7.831691799000055 ], [ 81.608246290000068, 7.831691799000055 ], [ 81.593923373000052, 7.848049221000053 ], [ 81.58757571700005, 7.855292059000078 ], [ 81.57585696700005, 7.88939036700009 ], [ 81.578786655000044, 7.900295315000051 ], [ 81.58171634200005, 7.911200262000079 ], [ 81.583588087000066, 7.912339585000041 ], [ 81.585459832000083, 7.91351959800005 ], [ 81.588470899000072, 7.91555410400008 ], [ 81.590830925000034, 7.917141018000052 ], [ 81.595469597000033, 7.91742584800005 ], [ 81.588145379000082, 7.929429429000038 ], [ 81.580088738000029, 7.935573635000083 ], [ 81.56771894600007, 7.944973049000055 ], [ 81.560720248000052, 7.958400783000059 ], [ 81.560476108000046, 7.964422919000071 ], [ 81.560313347000033, 7.970648505000042 ], [ 81.56381269600007, 7.978705145000049 ], [ 81.565928582000083, 7.986802476000037 ], [ 81.563080274000072, 7.993638414000088 ], [ 81.560720248000052, 7.999253648000092 ], [ 81.560720248000052, 7.999335028000075 ], [ 81.555511915000068, 7.995347398000092 ], [ 81.545258009000065, 7.990464585000041 ], [ 81.54029381600003, 7.986395575000074 ], [ 81.540212436000047, 7.986314195000091 ], [ 81.539561394000032, 7.990790106000077 ], [ 81.53842207100007, 7.992783921000068 ], [ 81.538096550000034, 7.993394273000092 ], [ 81.536143425000034, 7.995754299000055 ], [ 81.533946160000085, 7.999335028000075 ], [ 81.53834069100003, 8.004299221000053 ], [ 81.533946160000085, 8.013617255000042 ], [ 81.531016472000033, 8.009019273000092 ], [ 81.524587436000047, 8.00421784100007 ], [ 81.519704623000052, 7.999335028000075 ], [ 81.507334832000083, 8.027573960000041 ], [ 81.500173373000052, 8.03937409100007 ], [ 81.489024285000085, 8.05149974200009 ], [ 81.480642123000052, 8.065375067000048 ], [ 81.472422722000033, 8.101467190000051 ], [ 81.470713738000029, 8.104559637000079 ], [ 81.464366082000083, 8.116034247000073 ], [ 81.45826256600003, 8.116034247000073 ], [ 81.45240319100003, 8.094549872000073 ], [ 81.435638868000069, 8.093166408000059 ], [ 81.435557488000029, 8.093166408000059 ], [ 81.417979363000029, 8.105943101000037 ], [ 81.40984134200005, 8.126898505000042 ], [ 81.408132358000046, 8.130031643000052 ], [ 81.408050977000073, 8.130072333000044 ], [ 81.399587436000047, 8.132635809000078 ], [ 81.396250847000033, 8.136542059000078 ], [ 81.394786004000082, 8.142564195000091 ], [ 81.394786004000082, 8.147528387000079 ], [ 81.394786004000082, 8.147609768000052 ], [ 81.395518425000034, 8.150458075000074 ], [ 81.396250847000033, 8.150132554000038 ], [ 81.395030144000032, 8.160101630000042 ], [ 81.396250847000033, 8.191799221000053 ], [ 81.40357506600003, 8.191799221000053 ], [ 81.418793165000068, 8.150051174000055 ], [ 81.420258009000065, 8.144232489000046 ], [ 81.430349155000044, 8.103013414000088 ], [ 81.430349155000044, 8.103135484000063 ], [ 81.44849694100003, 8.127997137000079 ], [ 81.440603061000047, 8.173529364000046 ], [ 81.419769727000073, 8.243394273000092 ], [ 81.416677280000044, 8.25377024900007 ], [ 81.416677280000044, 8.253851630000042 ], [ 81.414561394000032, 8.270086981000077 ], [ 81.413259311000047, 8.274481512000079 ], [ 81.40560957100007, 8.301011460000041 ], [ 81.399261915000068, 8.339260158000059 ], [ 81.388519727000073, 8.34406159100007 ], [ 81.375010613000029, 8.34406159100007 ], [ 81.374847852000073, 8.34406159100007 ], [ 81.368744337000066, 8.346909898000092 ], [ 81.362071160000085, 8.350043036000045 ], [ 81.356618686000047, 8.362494208000044 ], [ 81.356211785000085, 8.364976304000038 ], [ 81.351410352000073, 8.397447007000039 ], [ 81.351817254000082, 8.404689846000053 ], [ 81.363454623000052, 8.39907461100006 ], [ 81.376719597000033, 8.372544664000088 ], [ 81.389414910000085, 8.363714911000045 ], [ 81.388926629000082, 8.377183335000041 ], [ 81.388438347000033, 8.390611070000091 ], [ 81.372813347000033, 8.44212474200009 ], [ 81.365733269000032, 8.482163804000038 ], [ 81.357432488000029, 8.495835679000038 ], [ 81.346364780000044, 8.507554429000038 ], [ 81.334239129000082, 8.514471747000073 ], [ 81.334157748000052, 8.514553127000056 ], [ 81.323090040000068, 8.515326239000046 ], [ 81.312673373000052, 8.512152411000045 ], [ 81.28638756600003, 8.500230210000041 ], [ 81.296641472000033, 8.476792710000041 ], [ 81.281097852000073, 8.467027085000041 ], [ 81.235118035000085, 8.466131903000075 ], [ 81.213145379000082, 8.472398179000038 ], [ 81.197520379000082, 8.487494208000044 ], [ 81.184580925000034, 8.505601304000038 ], [ 81.170258009000065, 8.520697333000044 ], [ 81.149424675000034, 8.503648179000038 ], [ 81.133962436000047, 8.501288153000075 ], [ 81.129405144000032, 8.510321356000077 ], [ 81.142344597000033, 8.527573960000041 ], [ 81.159027540000068, 8.534572658000059 ], [ 81.176524285000085, 8.530585028000075 ], [ 81.193858269000032, 8.519964911000045 ], [ 81.20476321700005, 8.511542059000078 ], [ 81.21062259200005, 8.507066148000092 ], [ 81.21062259200005, 8.507106838000084 ], [ 81.21802819100003, 8.522528387000079 ], [ 81.21412194100003, 8.53266022300005 ], [ 81.207041863000029, 8.542141018000052 ], [ 81.20435631600003, 8.555487372000073 ], [ 81.21225019600007, 8.572699286000045 ], [ 81.223317905000044, 8.570868231000077 ], [ 81.223317905000044, 8.570827541000085 ], [ 81.229991082000083, 8.557928778000075 ], [ 81.224864129000082, 8.541815497000073 ], [ 81.224945509000065, 8.541815497000073 ], [ 81.249766472000033, 8.545803127000056 ], [ 81.246592644000032, 8.570135809000078 ], [ 81.224945509000065, 8.616848049000055 ], [ 81.224864129000082, 8.616929429000038 ], [ 81.221120639000048, 8.614935614000046 ], [ 81.219248894000032, 8.61391836100006 ], [ 81.211761915000068, 8.612005927000041 ], [ 81.204519076000054, 8.610174872000073 ], [ 81.20435631600003, 8.61009349200009 ], [ 81.213877800000034, 8.621039130000042 ], [ 81.22429446700005, 8.625799872000073 ], [ 81.231618686000047, 8.633042710000041 ], [ 81.23170006600003, 8.651068427000041 ], [ 81.222422722000033, 8.666001695000091 ], [ 81.19459069100003, 8.696112372000073 ], [ 81.197520379000082, 8.70571523600006 ], [ 81.187836134000065, 8.710964260000083 ], [ 81.187754754000082, 8.711004950000074 ], [ 81.182302280000044, 8.712225653000075 ], [ 81.17904707100007, 8.708482164000088 ], [ 81.176524285000085, 8.698879299000055 ], [ 81.162445509000065, 8.751166083000044 ], [ 81.150157097000033, 8.777167059000078 ], [ 81.125580274000072, 8.788234768000052 ], [ 81.125498894000032, 8.788275458000044 ], [ 81.119720899000072, 8.794338283000059 ], [ 81.114268425000034, 8.799994208000044 ], [ 81.092784050000034, 8.851629950000074 ], [ 81.078135613000029, 8.863348700000074 ], [ 81.05982506600003, 8.868638414000088 ], [ 81.046722852000073, 8.882147528000075 ], [ 81.014659050000034, 8.936712958000044 ], [ 80.978526238000029, 8.979966539000088 ], [ 80.978363477000073, 8.980047919000071 ], [ 80.971690300000034, 8.963568427000041 ], [ 80.961436394000032, 8.945746161000045 ], [ 80.947601759000065, 8.932928778000075 ], [ 80.930674675000034, 8.931626695000091 ], [ 80.914968295000051, 8.943874416000085 ], [ 80.914886915000068, 8.943915106000077 ], [ 80.924327019000032, 8.955023505000042 ], [ 80.934987826000054, 8.964829820000091 ], [ 80.935069207000083, 8.964911200000074 ], [ 80.92318769600007, 8.973211981000077 ], [ 80.922862175000034, 8.992254950000074 ], [ 80.886729363000029, 9.025783596000053 ], [ 80.882660352000073, 9.031398830000057 ], [ 80.875336134000065, 9.041489976000037 ], [ 80.891286655000044, 9.034247137000079 ], [ 80.918711785000085, 9.027248440000051 ], [ 80.930674675000034, 9.020982164000088 ], [ 80.941661004000082, 9.003485419000071 ], [ 80.944346550000034, 9.000555731000077 ], [ 80.953623894000032, 9.003851630000042 ], [ 80.95826256600003, 9.010891018000052 ], [ 80.95834394600007, 9.01788971600007 ], [ 80.956065300000034, 9.019802151000079 ], [ 80.954600457000083, 9.020982164000088 ], [ 80.935313347000033, 9.033433335000041 ], [ 80.916351759000065, 9.062160549000055 ], [ 80.902191602000073, 9.094183661000045 ], [ 80.90162194100003, 9.096665757000039 ], [ 80.896494988000029, 9.116522528000075 ], [ 80.896494988000029, 9.116603908000059 ], [ 80.89193769600007, 9.113430080000057 ], [ 80.888519727000073, 9.111802476000037 ], [ 80.885508660000085, 9.109320380000042 ], [ 80.88217207100007, 9.103583075000074 ], [ 80.875498894000032, 9.103583075000074 ], [ 80.875336134000065, 9.103583075000074 ], [ 80.873220248000052, 9.125230210000041 ], [ 80.873057488000029, 9.126450914000088 ], [ 80.858571811000047, 9.13548411700009 ], [ 80.842295769000032, 9.13812897300005 ], [ 80.834483269000032, 9.141750393000052 ], [ 80.840098504000082, 9.155991929000038 ], [ 80.853363477000073, 9.155747789000088 ], [ 80.874522332000083, 9.14797597900008 ], [ 80.88217207100007, 9.14516836100006 ], [ 80.88217207100007, 9.145209052000041 ], [ 80.844167514000048, 9.220404364000046 ], [ 80.834483269000032, 9.239488023000092 ], [ 80.82390384200005, 9.270493882000039 ], [ 80.817393425000034, 9.27484772300005 ], [ 80.803558790000068, 9.271633205000057 ], [ 80.801036004000082, 9.263251044000071 ], [ 80.801036004000082, 9.26321035400008 ], [ 80.80591881600003, 9.251898505000042 ], [ 80.813975457000083, 9.239488023000092 ], [ 80.813894076000054, 9.239528713000084 ], [ 80.793630405000044, 9.250555731000077 ], [ 80.741709832000083, 9.298488674000055 ], [ 80.740407748000052, 9.301011460000041 ], [ 80.736501498000052, 9.308986721000053 ], [ 80.744395379000082, 9.311346747000073 ], [ 80.762461785000085, 9.308417059000078 ], [ 80.762543165000068, 9.308335679000038 ], [ 80.768321160000085, 9.30540599200009 ], [ 80.778819207000083, 9.291978257000039 ], [ 80.77898196700005, 9.291937567000048 ], [ 80.779795769000032, 9.291571356000077 ], [ 80.786631707000083, 9.28851959800005 ], [ 80.786713087000066, 9.288560289000088 ], [ 80.798838738000029, 9.294867255000042 ], [ 80.785166863000029, 9.312404690000051 ], [ 80.763682488000029, 9.332424221000053 ], [ 80.752452019000032, 9.346258856000077 ], [ 80.74545332100007, 9.357896226000037 ], [ 80.744395379000082, 9.35968659100007 ], [ 80.468272332000083, 9.581366278000075 ], [ 80.429209832000083, 9.603461005000042 ], [ 80.409922722000033, 9.61749909100007 ], [ 80.27898196700005, 9.76984284100007 ], [ 80.269786004000082, 9.78351471600007 ], [ 80.260590040000068, 9.816229559000078 ], [ 80.246755405000044, 9.825873114000046 ], [ 80.226817254000082, 9.829575914000088 ], [ 80.185394727000073, 9.827541408000059 ], [ 80.164561394000032, 9.82408274900007 ], [ 80.157725457000083, 9.822943427000041 ], [ 80.136729363000029, 9.81391022300005 ], [ 80.138682488000029, 9.798732815000051 ], [ 80.153819207000083, 9.787990627000056 ], [ 80.211192254000082, 9.774562893000052 ], [ 80.211192254000082, 9.77452220300006 ], [ 80.247813347000033, 9.755072333000044 ], [ 80.319834832000083, 9.672756252000056 ], [ 80.407725457000083, 9.601507880000042 ], [ 80.444021030000044, 9.583319403000075 ], [ 80.444021030000044, 9.575913804000038 ], [ 80.444021030000044, 9.575873114000046 ], [ 80.441742384000065, 9.57689036700009 ], [ 80.369639519000032, 9.609849351000037 ], [ 80.338552280000044, 9.62921784100007 ], [ 80.250336134000065, 9.724269924000055 ], [ 80.22234134200005, 9.754461981000077 ], [ 80.219004754000082, 9.756374416000085 ], [ 80.211273634000065, 9.76085032800006 ], [ 80.211192254000082, 9.760891018000052 ], [ 80.207774285000085, 9.76040273600006 ], [ 80.202891472000033, 9.759711005000042 ], [ 80.199636264000048, 9.758734442000048 ], [ 80.191172722000033, 9.75617096600007 ], [ 80.180430535000085, 9.755804755000042 ], [ 80.175954623000052, 9.764593817000048 ], [ 80.170909050000034, 9.767279364000046 ], [ 80.146983269000032, 9.773382880000042 ], [ 80.138682488000029, 9.774562893000052 ], [ 80.13013756600003, 9.777329820000091 ], [ 80.127207879000082, 9.78461334800005 ], [ 80.12818444100003, 9.805568752000056 ], [ 80.12232506600003, 9.818915106000077 ], [ 80.107432488000029, 9.82062409100007 ], [ 80.066661004000082, 9.816107489000046 ], [ 79.988536004000082, 9.822943427000041 ], [ 79.988454623000052, 9.822943427000041 ], [ 79.970713738000029, 9.815130927000041 ], [ 79.93132571700005, 9.779038804000038 ], [ 79.909678582000083, 9.76829661700009 ], [ 79.916270379000082, 9.756781317000048 ], [ 79.926524285000085, 9.743516343000067 ], [ 79.930430535000085, 9.738470770000049 ], [ 79.937022332000083, 9.727362372000073 ], [ 79.940928582000083, 9.714341539000088 ], [ 79.942881707000083, 9.702826239000046 ], [ 79.947032097000033, 9.693182684000078 ], [ 79.958018425000034, 9.685736395000049 ], [ 79.959239129000082, 9.69281647300005 ], [ 79.967295769000032, 9.689601955000057 ], [ 79.97592207100007, 9.684068101000037 ], [ 79.97820071700005, 9.682684637000079 ], [ 80.000987175000034, 9.674709377000056 ], [ 80.039317254000082, 9.64484284100007 ], [ 80.087412957000083, 9.618353583000044 ], [ 80.111338738000029, 9.608465887000079 ], [ 80.135590040000068, 9.60382721600007 ], [ 80.12468509200005, 9.616034247000073 ], [ 80.104991082000083, 9.632879950000074 ], [ 80.094086134000065, 9.644761460000041 ], [ 80.094004754000082, 9.64484284100007 ], [ 80.115489129000082, 9.635728257000039 ], [ 80.152842644000032, 9.603461005000042 ], [ 80.172048373000052, 9.593573309000078 ], [ 80.178721550000034, 9.588039455000057 ], [ 80.186045769000032, 9.584133205000057 ], [ 80.193614129000082, 9.586411851000037 ], [ 80.199961785000085, 9.599188544000071 ], [ 80.193614129000082, 9.609076239000046 ], [ 80.18287194100003, 9.617173570000091 ], [ 80.175954623000052, 9.624335028000075 ], [ 80.173594597000033, 9.648667710000041 ], [ 80.186045769000032, 9.648504950000074 ], [ 80.204600457000083, 9.637884833000044 ], [ 80.256032748000052, 9.615586656000062 ], [ 80.26693769600007, 9.610825914000088 ], [ 80.267019076000054, 9.610825914000088 ], [ 80.297536655000044, 9.59125397300005 ], [ 80.368662957000083, 9.530218817000048 ], [ 80.377940300000034, 9.527533270000049 ], [ 80.410411004000082, 9.528387762000079 ], [ 80.41570071700005, 9.527492580000057 ], [ 80.42896569100003, 9.517767645000049 ], [ 80.43287194100003, 9.519761460000041 ], [ 80.435069207000083, 9.523382880000042 ], [ 80.436208530000044, 9.525091864000046 ], [ 80.444021030000044, 9.52806224200009 ], [ 80.45639082100007, 9.528713283000059 ], [ 80.464610222000033, 9.529120184000078 ], [ 80.471446160000085, 9.52806224200009 ], [ 80.478282097000033, 9.52407461100006 ], [ 80.496348504000082, 9.51048411700009 ], [ 80.49935957100007, 9.509059963000084 ], [ 80.502452019000032, 9.507635809000078 ], [ 80.523285352000073, 9.503159898000092 ], [ 80.546722852000073, 9.492417710000041 ], [ 80.614756707000083, 9.446193752000056 ], [ 80.61459394600007, 9.446193752000056 ], [ 80.567149285000085, 9.455226955000057 ], [ 80.504242384000065, 9.483303127000056 ], [ 80.450938347000033, 9.497870184000078 ], [ 80.426605665000068, 9.500189520000049 ], [ 80.336273634000065, 9.464667059000078 ], [ 80.286875847000033, 9.452704169000071 ], [ 80.265961134000065, 9.46666087400007 ], [ 80.265879754000082, 9.466701565000051 ], [ 80.272146030000044, 9.473456122000073 ], [ 80.268565300000034, 9.480292059000078 ], [ 80.265879754000082, 9.487127997000073 ], [ 80.278086785000085, 9.49327220300006 ], [ 80.278086785000085, 9.493312893000052 ], [ 80.272227410000085, 9.504136460000041 ], [ 80.248545769000032, 9.524644273000092 ], [ 80.233409050000034, 9.534247137000079 ], [ 80.175954623000052, 9.548570054000038 ], [ 80.115733269000032, 9.583238023000092 ], [ 80.08521569100003, 9.595363674000055 ], [ 80.052989129000082, 9.596380927000041 ], [ 80.067881707000083, 9.578029690000051 ], [ 80.14185631600003, 9.534979559000078 ], [ 80.161306186000047, 9.520575262000079 ], [ 80.176036004000082, 9.50617096600007 ], [ 80.181813998000052, 9.498521226000037 ], [ 80.187510613000029, 9.49087148600006 ], [ 80.197032097000033, 9.473456122000073 ], [ 80.185557488000029, 9.471665757000039 ], [ 80.176524285000085, 9.468329169000071 ], [ 80.16920006600003, 9.464016018000052 ], [ 80.16537519600007, 9.461086330000057 ], [ 80.162852410000085, 9.459214585000041 ], [ 80.140879754000082, 9.43032461100006 ], [ 80.131846550000034, 9.425726630000042 ], [ 80.111664259000065, 9.422756252000056 ], [ 80.087087436000047, 9.414984442000048 ], [ 80.064952019000032, 9.404038804000038 ], [ 80.052989129000082, 9.391546942000048 ], [ 80.053477410000085, 9.378241278000075 ], [ 80.05827884200005, 9.354803778000075 ], [ 80.059418165000068, 9.351385809000078 ], [ 80.066172722000033, 9.332586981000077 ], [ 80.076914910000085, 9.322658596000053 ], [ 80.104502800000034, 9.308417059000078 ], [ 80.116221550000034, 9.306219794000071 ], [ 80.116221550000034, 9.30617910400008 ], [ 80.118174675000034, 9.300441799000055 ], [ 80.115977410000085, 9.291937567000048 ], [ 80.115977410000085, 9.23383209800005 ], [ 80.109792514000048, 9.209458726000037 ], [ 80.10678144600007, 9.197414455000057 ], [ 80.105642123000052, 9.192857164000088 ], [ 80.07349694100003, 9.110419012000079 ], [ 80.066661004000082, 9.07562897300005 ], [ 80.054698113000029, 9.050604559000078 ], [ 80.048024936000047, 9.026271877000056 ], [ 80.035411004000082, 9.015326239000046 ], [ 80.00513756600003, 9.000555731000077 ], [ 79.947113477000073, 8.94867584800005 ], [ 79.938243035000085, 8.945990302000041 ], [ 79.924815300000034, 8.943508205000057 ], [ 79.915537957000083, 8.938544012000079 ], [ 79.91960696700005, 8.928534247000073 ], [ 79.924815300000034, 8.919745184000078 ], [ 79.927744988000029, 8.908107815000051 ], [ 79.930186394000032, 8.884466864000046 ], [ 79.930186394000032, 8.884426174000055 ], [ 79.930186394000032, 8.883490302000041 ], [ 79.928396030000044, 8.812689520000049 ], [ 79.926442905000044, 8.801906643000052 ], [ 79.95053144600007, 8.739813544000071 ], [ 79.941661004000082, 8.642482815000051 ], [ 79.932383660000085, 8.622463283000059 ], [ 79.930186394000032, 8.613511460000041 ], [ 79.929453972000033, 8.61281972900008 ], [ 79.928070509000065, 8.611517645000049 ], [ 79.918142123000052, 8.580918687000064 ], [ 79.916514519000032, 8.575995184000078 ], [ 79.903493686000047, 8.562079169000071 ], [ 79.887380405000044, 8.551214911000045 ], [ 79.873789910000085, 8.538072007000039 ], [ 79.868011915000068, 8.517645575000074 ], [ 79.868011915000068, 8.47601959800005 ], [ 79.865896030000044, 8.461411851000037 ], [ 79.860850457000083, 8.454779364000046 ], [ 79.854258660000085, 8.449286200000074 ], [ 79.848155144000032, 8.438177802000041 ], [ 79.838633660000085, 8.340521552000041 ], [ 79.829274936000047, 8.298651434000078 ], [ 79.827159050000034, 8.277736721000053 ], [ 79.824473504000082, 8.266669012000079 ], [ 79.811371290000068, 8.249660549000055 ], [ 79.806651238000029, 8.240179755000042 ], [ 79.804698113000029, 8.228989976000037 ], [ 79.806651238000029, 8.22492096600007 ], [ 79.808604363000029, 8.223089911000045 ], [ 79.81023196700005, 8.221625067000048 ], [ 79.812917514000048, 8.214504299000055 ], [ 79.813487175000034, 8.212876695000091 ], [ 79.813487175000034, 8.212632554000038 ], [ 79.81381269600007, 8.204087632000039 ], [ 79.812673373000052, 8.183335679000038 ], [ 79.813487175000034, 8.171291408000059 ], [ 79.816579623000052, 8.163804429000038 ], [ 79.82154381600003, 8.156642971000053 ], [ 79.82585696700005, 8.148098049000055 ], [ 79.827159050000034, 8.136542059000078 ], [ 79.793467644000032, 8.072821356000077 ], [ 79.796397332000083, 8.061997789000088 ], [ 79.806407097000033, 8.055650132000039 ], [ 79.815277540000068, 8.044582424000055 ], [ 79.818858269000032, 8.040187893000052 ], [ 79.821787957000083, 8.034857489000046 ], [ 79.82935631600003, 8.020900783000059 ], [ 79.833832227000073, 8.003078518000052 ], [ 79.81023196700005, 7.986517645000049 ], [ 79.763845248000052, 7.990139065000051 ], [ 79.731944207000083, 8.01312897300005 ], [ 79.751963738000029, 8.054632880000042 ], [ 79.746999545000051, 8.060492255000042 ], [ 79.729502800000034, 8.081122137000079 ], [ 79.72820071700005, 8.100978908000059 ], [ 79.727549675000034, 8.110907294000071 ], [ 79.744476759000065, 8.164496161000045 ], [ 79.74537194100003, 8.171861070000091 ], [ 79.744476759000065, 8.195502020000049 ], [ 79.746104363000029, 8.206122137000079 ], [ 79.749766472000033, 8.208929755000042 ], [ 79.754405144000032, 8.209418036000045 ], [ 79.758799675000034, 8.212876695000091 ], [ 79.76889082100007, 8.232814846000053 ], [ 79.77857506600003, 8.259995835000041 ], [ 79.766774936000047, 8.259914455000057 ], [ 79.75709069100003, 8.263739325000074 ], [ 79.74968509200005, 8.271063544000071 ], [ 79.748627149000072, 8.273057359000063 ], [ 79.744476759000065, 8.281154690000051 ], [ 79.76335696700005, 8.314398505000042 ], [ 79.778249545000051, 8.349269924000055 ], [ 79.77857506600003, 8.350043036000045 ], [ 79.749034050000034, 8.303859768000052 ], [ 79.744476759000065, 8.291408596000053 ], [ 79.740000847000033, 8.272365627000056 ], [ 79.728770379000082, 8.249701239000046 ], [ 79.713226759000065, 8.229803778000075 ], [ 79.696787957000083, 8.21906159100007 ], [ 79.701914910000085, 8.201157945000091 ], [ 79.707204623000052, 8.142075914000088 ], [ 79.703623894000032, 8.123480536000045 ], [ 79.701426629000082, 8.126898505000042 ], [ 79.701426629000082, 8.127915757000039 ], [ 79.701101108000046, 8.128200588000084 ], [ 79.70085696700005, 8.128485419000071 ], [ 79.696787957000083, 8.13031647300005 ], [ 79.696787957000083, 8.09829336100006 ], [ 79.72193444100003, 7.985541083000044 ], [ 79.738291863000029, 7.944728908000059 ], [ 79.748383009000065, 7.893011786000045 ], [ 79.760264519000032, 7.868394273000092 ], [ 79.76295006600003, 7.855454820000091 ], [ 79.785980665000068, 7.743353583000044 ], [ 79.785899285000085, 7.70648834800005 ], [ 79.787364129000082, 7.697333075000074 ], [ 79.788828972000033, 7.688177802000041 ], [ 79.796397332000083, 7.674383856000077 ], [ 79.80201256600003, 7.659328518000052 ], [ 79.800791863000029, 7.649684963000084 ], [ 79.799571160000085, 7.64008209800005 ], [ 79.79460696700005, 7.620021877000056 ], [ 79.792979363000029, 7.602728583000044 ], [ 79.785817905000044, 7.607570705000057 ], [ 79.782725457000083, 7.607123114000046 ], [ 79.77857506600003, 7.602728583000044 ], [ 79.784678582000083, 7.589789130000042 ], [ 79.833832227000073, 7.232814846000053 ], [ 79.831797722000033, 7.225734768000052 ], [ 79.827972852000073, 7.218329169000071 ], [ 79.826345248000052, 7.21039459800005 ], [ 79.829925977000073, 7.203192450000074 ], [ 79.830577019000032, 7.20180898600006 ], [ 79.836436394000032, 7.19790273600006 ], [ 79.849619988000029, 7.195054429000038 ], [ 79.854340040000068, 7.191839911000045 ], [ 79.859385613000029, 7.180812893000052 ], [ 79.861582879000082, 7.16742584800005 ], [ 79.861582879000082, 7.167222398000092 ], [ 79.861827019000032, 7.136664130000042 ], [ 79.861827019000032, 7.136623440000051 ], [ 79.861257358000046, 7.137193101000094 ], [ 79.861175977000073, 7.137193101000094 ], [ 79.85865319100003, 7.136542059000078 ], [ 79.855804884000065, 7.132513739000046 ], [ 79.854340040000068, 7.122951565000051 ], [ 79.848155144000032, 7.122951565000051 ], [ 79.84343509200005, 7.131008205000057 ], [ 79.833832227000073, 7.164496161000045 ], [ 79.829112175000034, 7.173244533000059 ], [ 79.823741082000083, 7.180650132000039 ], [ 79.81999759200005, 7.190252997000073 ], [ 79.820323113000029, 7.205511786000045 ], [ 79.81373131600003, 7.180731512000079 ], [ 79.861582879000082, 7.011867580000057 ], [ 79.861582879000082, 7.011664130000042 ], [ 79.861827019000032, 7.000067450000074 ], [ 79.859222852000073, 6.988674221000053 ], [ 79.84929446700005, 6.964951890000066 ], [ 79.848155144000032, 6.962144273000092 ], [ 79.848155144000032, 6.890204169000071 ], [ 79.849457227000073, 6.882717190000051 ], [ 79.863047722000033, 6.807196356000077 ], [ 79.948741082000083, 6.588568427000041 ], [ 79.969574415000068, 6.535345770000049 ], [ 79.970225457000083, 6.531154690000051 ], [ 79.97787519600007, 6.478705145000049 ], [ 79.975433790000068, 6.478583075000074 ], [ 79.975352410000085, 6.478583075000074 ], [ 79.970225457000083, 6.47915273600006 ], [ 79.965342644000032, 6.477728583000044 ], [ 79.96420332100007, 6.471869208000044 ], [ 79.966970248000052, 6.466376044000071 ], [ 79.971446160000085, 6.462469794000071 ], [ 79.975759311000047, 6.459865627000056 ], [ 79.97787519600007, 6.458197333000044 ], [ 79.98210696700005, 6.441026109000063 ], [ 79.993662957000083, 6.394110419000071 ], [ 80.012054884000065, 6.361314195000091 ], [ 80.020518425000034, 6.314642645000049 ], [ 80.028819207000083, 6.297430731000077 ], [ 80.03052819100003, 6.292385158000059 ], [ 80.03052819100003, 6.292303778000075 ], [ 80.030284050000034, 6.284002997000073 ], [ 80.030039910000085, 6.27570221600007 ], [ 80.030039910000085, 6.275620835000041 ], [ 80.031993035000085, 6.26634349200009 ], [ 80.078135613000029, 6.169338283000059 ], [ 80.08716881600003, 6.157578843000067 ], [ 80.090586785000085, 6.153143622000073 ], [ 80.09310957100007, 6.14874909100007 ], [ 80.092784050000034, 6.140285549000055 ], [ 80.092784050000034, 6.140244859000063 ], [ 80.094004754000082, 6.136053778000075 ], [ 80.096283399000072, 6.133327541000085 ], [ 80.09701582100007, 6.132391669000071 ], [ 80.097097201000054, 6.13235097900008 ], [ 80.103770379000082, 6.127142645000049 ], [ 80.18523196700005, 6.041164455000057 ], [ 80.203868035000085, 6.026190497000073 ], [ 80.211192254000082, 6.033636786000045 ], [ 80.211355014000048, 6.033555406000062 ], [ 80.220957879000082, 6.028916734000063 ], [ 80.22584069100003, 6.026556708000044 ], [ 80.247569207000083, 6.009182033000059 ], [ 80.260020379000082, 6.00657786700009 ], [ 80.277517123000052, 6.002997137000079 ], [ 80.320241733000046, 5.98773834800005 ], [ 80.327321811000047, 5.985256252000056 ], [ 80.327321811000047, 5.985174872000073 ], [ 80.328135613000029, 5.98468659100007 ], [ 80.331228061000047, 5.982814846000053 ], [ 80.33757571700005, 5.973822333000044 ], [ 80.33920332100007, 5.972398179000038 ], [ 80.340993686000047, 5.970933335000041 ], [ 80.346202019000032, 5.970770575000074 ], [ 80.350108269000032, 5.973537502000056 ], [ 80.353770379000082, 5.976792710000041 ], [ 80.358409050000034, 5.978420315000051 ], [ 80.366221550000034, 5.976263739000046 ], [ 80.37045332100007, 5.971584377000056 ], [ 80.373789910000085, 5.966864325000074 ], [ 80.37859134200005, 5.964748440000051 ], [ 80.385020379000082, 5.963812567000048 ], [ 80.411957227000073, 5.959947007000039 ], [ 80.42709394600007, 5.961086330000057 ], [ 80.444021030000044, 5.970933335000041 ], [ 80.444021030000044, 5.970892645000049 ], [ 80.447194858000046, 5.966131903000075 ], [ 80.451426629000082, 5.959784247000073 ], [ 80.456797722000033, 5.948919989000046 ], [ 80.465179884000065, 5.940659898000092 ], [ 80.48170006600003, 5.937445380000042 ], [ 80.539561394000032, 5.944281317000048 ], [ 80.54656009200005, 5.942206122000073 ], [ 80.556651238000029, 5.939154364000046 ], [ 80.574229363000029, 5.930121161000045 ], [ 80.590830925000034, 5.923732815000051 ], [ 80.597829623000052, 5.925279039000088 ], [ 80.60482832100007, 5.926906643000052 ], [ 80.629161004000082, 5.945054429000038 ], [ 80.642914259000065, 5.952866929000038 ], [ 80.656260613000029, 5.957912502000056 ], [ 80.673350457000083, 5.960353908000059 ], [ 80.673431837000066, 5.960313218000067 ], [ 80.714366082000083, 5.957912502000056 ], [ 80.73210696700005, 5.978420315000051 ], [ 80.770599806000064, 6.006740627000056 ], [ 80.809092644000032, 6.035101630000042 ], [ 80.818532748000052, 6.038763739000046 ], [ 80.83521569100003, 6.045152085000041 ], [ 80.862315300000034, 6.039862372000073 ], [ 80.877452019000032, 6.061102606000077 ], [ 80.902679884000065, 6.070786851000094 ], [ 80.958018425000034, 6.08079661700009 ], [ 81.008474155000044, 6.098049221000053 ], [ 81.11255944100003, 6.120306708000044 ], [ 81.134287957000083, 6.129828192000048 ], [ 81.156016472000033, 6.14288971600007 ], [ 81.16765384200005, 6.148016669000071 ], [ 81.176442905000044, 6.150376695000091 ], [ 81.181895379000082, 6.156724351000094 ], [ 81.183848504000082, 6.173570054000038 ], [ 81.187673373000052, 6.181586005000042 ], [ 81.193695509000065, 6.183213609000063 ], [ 81.195323113000029, 6.183620510000083 ], [ 81.195485873000052, 6.183661200000074 ], [ 81.202647332000083, 6.17804596600007 ], [ 81.202728712000066, 6.17719147300005 ], [ 81.20435631600003, 6.16274648600006 ], [ 81.20443769600007, 6.16274648600006 ], [ 81.324961785000085, 6.20538971600007 ], [ 81.362071160000085, 6.225409247000073 ], [ 81.547699415000068, 6.370672919000071 ], [ 81.573090040000068, 6.38422272300005 ], [ 81.592051629000082, 6.389878648000092 ], [ 81.65007571700005, 6.430853583000044 ], [ 81.681488477000073, 6.462144273000092 ], [ 81.775645379000082, 6.610419012000079 ], [ 81.786631707000083, 6.639268296000068 ], [ 81.786631707000083, 6.63930898600006 ], [ 81.779795769000032, 6.66360097900008 ], [ 81.779795769000032, 6.663641669000071 ], [ 81.788910352000073, 6.677801825000074 ], [ 81.80827884200005, 6.707953192000048 ], [ 81.813975457000083, 6.725043036000045 ], [ 81.817149285000085, 6.737494208000044 ], [ 81.831553582000083, 6.765366929000038 ], [ 81.834971550000034, 6.783433335000041 ], [ 81.835948113000029, 6.805080471000053 ], [ 81.838552280000044, 6.821437893000052 ], [ 81.884613477000073, 6.980169989000046 ], [ 81.89031009200005, 7.019924221000053 ], [ 81.888682488000029, 7.040757554000038 ], [ 81.878428582000083, 7.076117255000042 ], [ 81.875987175000034, 7.091945705000057 ] ] } },
{ "type": "Feature", "properties": { "featurecla": "Coastline", "scalerank": 6, "min_zoom": 5.0 }, "geometry": { "type": "LineString", "coordinates": [ [ 80.968272332000083, 15.79523346600007 ], [ 80.937266472000033, 15.818915106000077 ], [ 80.88835696700005, 15.846747137000079 ], [ 80.879161004000082, 15.840073960000041 ], [ 80.86850019600007, 15.81195709800005 ], [ 80.917979363000029, 15.755113023000092 ], [ 80.942556186000047, 15.741074937000064 ], [ 80.94263756600003, 15.741034247000073 ], [ 80.971690300000034, 15.750474351000037 ], [ 80.984873894000032, 15.761786200000074 ], [ 80.988536004000082, 15.770738023000092 ], [ 80.983164910000085, 15.780747789000088 ], [ 80.968272332000083, 15.79523346600007 ] ] } },
{ "type": "Feature", "properties": { "featurecla": "Coastline", "scalerank": 0, "min_zoom": 0.0 }, "geometry": { "type": "MultiLineString", "coordinates": [ [ [ 87.404958530000044, 21.58665599200009 ], [ 87.468760613000029, 21.611395575000074 ], [ 87.477386915000068, 21.61359284100007 ], [ 87.621348504000082, 21.650620835000041 ], [ 87.642100457000083, 21.652085679000038 ], [ 87.683848504000082, 21.650132554000038 ], [ 87.703786655000044, 21.655503648000035 ], [ 87.755707227000073, 21.69171784100007 ], [ 87.833994988000029, 21.729315497000073 ], [ 87.867198113000029, 21.750799872000073 ], [ 87.892914259000065, 21.774318752000056 ], [ 87.894786004000082, 21.77875397300005 ], [ 87.895681186000047, 21.78937409100007 ], [ 87.899180535000028, 21.794826565000051 ], [ 87.902191602000073, 21.796820380000042 ], [ 87.909027540000068, 21.798814195000091 ], [ 87.948008660000028, 21.825384833000044 ], [ 87.957774285000028, 21.828924872000073 ], [ 87.970469597000033, 21.836493231000077 ], [ 87.98365319100003, 21.854193427000041 ], [ 88.032399936000047, 21.957180080000057 ], [ 88.046885613000029, 21.97601959800005 ], [ 88.050791863000029, 21.98501211100006 ], [ 88.049001498000052, 21.995428778000075 ], [ 88.045176629000082, 22.006537177000041 ], [ 88.043142123000052, 22.017279364000046 ], [ 88.048594597000033, 22.020738023000035 ], [ 88.084727410000028, 22.020697333000044 ], [ 88.111175977000073, 22.034857489000046 ], [ 88.140635613000029, 22.060126044000071 ], [ 88.164317254000082, 22.089789130000042 ], [ 88.17351321700005, 22.116888739000046 ], [ 88.160980665000068, 22.15656159100007 ], [ 88.132578972000033, 22.17914459800005 ], [ 88.095469597000033, 22.191229559000078 ], [ 88.057383660000028, 22.198879299000055 ], [ 88.025401238000029, 22.200913804000038 ], [ 88.008474155000044, 22.204901434000078 ], [ 87.991953972000033, 22.215887762000079 ], [ 87.965342644000032, 22.244818427000041 ], [ 87.95281009200005, 22.26243724200009 ], [ 87.947520379000082, 22.27765534100007 ], [ 87.935801629000082, 22.355169989000046 ], [ 87.922862175000034, 22.397772528000075 ], [ 87.906586134000065, 22.41860586100006 ], [ 87.906586134000065, 22.424750067000048 ], [ 87.927989129000082, 22.424221096000053 ], [ 87.940440300000034, 22.413031317000048 ], [ 87.946136915000068, 22.394924221000053 ], [ 87.947520379000082, 22.373846747000073 ], [ 87.950694207000083, 22.35618724200009 ], [ 87.96420332100007, 22.319281317000048 ], [ 87.967458530000044, 22.298488674000055 ], [ 87.972666863000029, 22.283189195000091 ], [ 87.985118035000028, 22.26593659100007 ], [ 88.00904381600003, 22.240423895000049 ], [ 88.02702884200005, 22.227850653000075 ], [ 88.043467644000032, 22.224758205000057 ], [ 88.059743686000047, 22.229478257000039 ], [ 88.077321811000047, 22.240423895000049 ], [ 88.08130944100003, 22.217352606000077 ], [ 88.11841881600003, 22.200181382000039 ], [ 88.16529381600003, 22.18500397300005 ], [ 88.198008660000028, 22.167792059000078 ], [ 88.203379754000082, 22.151760158000059 ], [ 88.212738477000073, 22.100043036000045 ], [ 88.222422722000033, 22.077948309000078 ], [ 88.206797722000033, 22.05337148600006 ], [ 88.164317254000082, 22.003119208000044 ], [ 88.156260613000029, 21.99087148600006 ], [ 88.149912957000083, 21.976385809000078 ], [ 88.146739129000082, 21.959214585000041 ], [ 88.15943444100003, 21.906154690000051 ], [ 88.156423373000052, 21.897853908000059 ], [ 88.154063347000033, 21.888088283000059 ], [ 88.203786655000044, 21.80540599200009 ], [ 88.209727410000028, 21.788560289000088 ], [ 88.201426629000082, 21.774318752000056 ], [ 88.210459832000083, 21.747259833000044 ], [ 88.203461134000065, 21.724351304000038 ], [ 88.190440300000034, 21.704087632000039 ], [ 88.18091881600003, 21.684963283000059 ], [ 88.181895379000082, 21.665228583000044 ], [ 88.189463738000029, 21.641791083000044 ], [ 88.20826256600003, 21.60297272300005 ], [ 88.224375847000033, 21.613023179000038 ], [ 88.237478061000047, 21.601711330000057 ], [ 88.245941602000073, 21.579901434000078 ], [ 88.24927819100003, 21.558294989000046 ], [ 88.254405144000032, 21.554673570000091 ], [ 88.266123894000032, 21.553859768000052 ], [ 88.27898196700005, 21.555161851000037 ], [ 88.287119988000029, 21.558294989000046 ], [ 88.297862175000034, 21.566555080000057 ], [ 88.303721550000034, 21.568793036000045 ], [ 88.305837436000047, 21.571682033000059 ], [ 88.304453972000033, 21.581854559000078 ], [ 88.300629102000073, 21.589341539000088 ], [ 88.287608269000032, 21.600287177000041 ], [ 88.283376498000052, 21.609198309000078 ], [ 88.284190300000034, 21.621242580000057 ], [ 88.294444207000083, 21.642808335000041 ], [ 88.297048373000052, 21.653876044000071 ], [ 88.295420769000032, 21.676581122000073 ], [ 88.264170769000032, 21.775295315000051 ], [ 88.261566602000073, 21.798651434000078 ], [ 88.27312259200005, 21.797919012000079 ], [ 88.289805535000028, 21.780218817000048 ], [ 88.29818769600007, 21.764105536000045 ], [ 88.30201256600003, 21.745184637000079 ], [ 88.304453972000033, 21.63344961100006 ], [ 88.309743686000047, 21.610174872000073 ], [ 88.321787957000083, 21.605658270000049 ], [ 88.335459832000083, 21.615790106000077 ], [ 88.345469597000033, 21.636542059000078 ], [ 88.348806186000047, 21.650295315000051 ], [ 88.349457227000073, 21.660956122000073 ], [ 88.345713738000029, 21.670599677000041 ], [ 88.32740319100003, 21.691107489000046 ], [ 88.324717644000032, 21.701361395000049 ], [ 88.326345248000052, 21.711086330000057 ], [ 88.331228061000047, 21.71906159100007 ], [ 88.336436394000032, 21.708726304000038 ], [ 88.340668165000068, 21.697495835000041 ], [ 88.346202019000032, 21.688625393000052 ], [ 88.355723504000082, 21.684963283000059 ], [ 88.36451256600003, 21.68695709800005 ], [ 88.380625847000033, 21.696193752000056 ], [ 88.392588738000029, 21.698553778000075 ], [ 88.382823113000029, 21.67133209800005 ], [ 88.383555535000028, 21.631415106000077 ], [ 88.393077019000032, 21.60024648600006 ], [ 88.409678582000083, 21.599269924000055 ], [ 88.426117384000065, 21.611029364000046 ], [ 88.441905144000032, 21.616156317000048 ], [ 88.45630944100003, 21.624009507000039 ], [ 88.468272332000083, 21.643947658000059 ], [ 88.472178582000083, 21.663275458000044 ], [ 88.468597852000073, 21.677150783000059 ], [ 88.45476321700005, 21.70538971600007 ], [ 88.452159050000034, 21.722805080000057 ], [ 88.453379754000082, 21.741766669000071 ], [ 88.457692905000044, 21.758856512000079 ], [ 88.468272332000083, 21.777248440000051 ], [ 88.474457227000073, 21.800970770000049 ], [ 88.481455925000034, 21.805161851000037 ], [ 88.488291863000029, 21.803656317000048 ], [ 88.49350019600007, 21.805161851000037 ], [ 88.495616082000083, 21.81867096600007 ], [ 88.492035352000073, 21.837144273000035 ], [ 88.477061394000032, 21.87181224200009 ], [ 88.474457227000073, 21.890326239000046 ], [ 88.481211785000028, 21.909898179000038 ], [ 88.492360873000052, 21.922023830000057 ], [ 88.499847852000073, 21.933661200000074 ], [ 88.495616082000083, 21.95180898600006 ], [ 88.51498457100007, 21.937201239000046 ], [ 88.514659050000034, 21.916205145000049 ], [ 88.495616082000083, 21.876695054000038 ], [ 88.515879754000082, 21.850816148000035 ], [ 88.531016472000033, 21.824123440000051 ], [ 88.53288821700005, 21.795314846000053 ], [ 88.512705925000034, 21.763413804000038 ], [ 88.504893425000034, 21.741522528000075 ], [ 88.509532097000033, 21.712307033000059 ], [ 88.529633009000065, 21.657619533000059 ], [ 88.522959832000083, 21.649888414000088 ], [ 88.51880944100003, 21.639146226000037 ], [ 88.516612175000034, 21.62641022300005 ], [ 88.516123894000032, 21.612616278000075 ], [ 88.514008009000065, 21.600816148000035 ], [ 88.508799675000034, 21.59438711100006 ], [ 88.502126498000052, 21.589341539000088 ], [ 88.495616082000083, 21.581854559000078 ], [ 88.48796634200005, 21.556545315000051 ], [ 88.493907097000033, 21.534816799000055 ], [ 88.51295006600003, 21.524644273000035 ], [ 88.543955925000034, 21.534084377000056 ], [ 88.53443444100003, 21.542914130000042 ], [ 88.529633009000065, 21.55337148600006 ], [ 88.530284050000034, 21.564398505000042 ], [ 88.53646894600007, 21.575100002000056 ], [ 88.544769727000073, 21.561997789000088 ], [ 88.558929884000065, 21.555568752000056 ], [ 88.572276238000029, 21.557928778000075 ], [ 88.578135613000029, 21.571682033000059 ], [ 88.578135613000029, 21.623439846000053 ], [ 88.59506269600007, 21.612127997000073 ], [ 88.599619988000029, 21.637274481000077 ], [ 88.591807488000029, 21.70538971600007 ], [ 88.598643425000034, 21.70538971600007 ], [ 88.61264082100007, 21.697495835000041 ], [ 88.623383009000065, 21.710272528000075 ], [ 88.63021894600007, 21.731756903000075 ], [ 88.632823113000029, 21.750067450000074 ], [ 88.624034050000034, 21.778021552000041 ], [ 88.604177280000044, 21.77875397300005 ], [ 88.58130944100003, 21.769435940000051 ], [ 88.564626498000052, 21.766831773000035 ], [ 88.565440300000034, 21.771185614000046 ], [ 88.564626498000052, 21.83234284100007 ], [ 88.567067905000044, 21.850816148000035 ], [ 88.598399285000028, 21.929348049000055 ], [ 88.600271030000044, 21.947211005000042 ], [ 88.598643425000034, 21.990301825000074 ], [ 88.602549675000034, 22.006415106000077 ], [ 88.62037194100003, 22.029974677000041 ], [ 88.625987175000034, 22.048041083000044 ], [ 88.625498894000032, 22.059271552000041 ], [ 88.619965040000068, 22.078314520000049 ], [ 88.618337436000047, 22.10297272300005 ], [ 88.619151238000029, 22.109523830000057 ], [ 88.622080925000034, 22.116034247000073 ], [ 88.630869988000029, 22.125799872000073 ], [ 88.634938998000052, 22.144964911000045 ], [ 88.644297722000033, 22.162298895000049 ], [ 88.646332227000073, 22.167792059000078 ], [ 88.64966881600003, 22.169094143000052 ], [ 88.656016472000033, 22.183254299000055 ], [ 88.661143425000034, 22.198960679000038 ], [ 88.660166863000029, 22.205023505000042 ], [ 88.679942254000082, 22.204413153000075 ], [ 88.683116082000083, 22.184963283000059 ], [ 88.674001498000052, 22.162054755000042 ], [ 88.656993035000028, 22.151068427000041 ], [ 88.639496290000068, 22.109523830000057 ], [ 88.639496290000068, 22.097235419000071 ], [ 88.645030144000032, 22.075140692000048 ], [ 88.648773634000065, 22.046047268000052 ], [ 88.652598504000082, 22.031805731000077 ], [ 88.653493686000047, 22.018011786000045 ], [ 88.646332227000073, 22.000230210000041 ], [ 88.631683790000068, 21.979803778000075 ], [ 88.627452019000032, 21.970404364000046 ], [ 88.625987175000034, 21.955511786000045 ], [ 88.630869988000029, 21.945461330000057 ], [ 88.642588738000029, 21.940904039000088 ], [ 88.656260613000029, 21.941066799000055 ], [ 88.667002800000034, 21.945013739000046 ], [ 88.678721550000034, 21.936672268000052 ], [ 88.689952019000032, 21.945990302000041 ], [ 88.698415561000047, 21.962591864000046 ], [ 88.701670769000032, 21.97601959800005 ], [ 88.723317905000044, 22.013088283000059 ], [ 88.730723504000082, 22.037176825000074 ], [ 88.718516472000033, 22.048041083000044 ], [ 88.699473504000082, 22.053208726000037 ], [ 88.692881707000083, 22.06586334800005 ], [ 88.694834832000083, 22.081529039000088 ], [ 88.701670769000032, 22.095851955000057 ], [ 88.71216881600003, 22.109035549000055 ], [ 88.726573113000029, 22.121161200000074 ], [ 88.743907097000033, 22.129339911000045 ], [ 88.76303144600007, 22.130560614000046 ], [ 88.73015384200005, 22.103583075000074 ], [ 88.714854363000029, 22.086981512000079 ], [ 88.708506707000083, 22.072211005000042 ], [ 88.717051629000082, 22.05805084800005 ], [ 88.754649285000028, 22.037583726000037 ], [ 88.76303144600007, 22.017279364000046 ], [ 88.758311394000032, 21.99945709800005 ], [ 88.746836785000028, 21.987127997000073 ], [ 88.733164910000028, 21.97719961100006 ], [ 88.722178582000083, 21.966131903000075 ], [ 88.716970248000052, 21.951971747000073 ], [ 88.714691602000073, 21.897853908000059 ], [ 88.694509311000047, 21.839829820000091 ], [ 88.698008660000028, 21.825506903000075 ], [ 88.703623894000032, 21.810614325000074 ], [ 88.68490644600007, 21.697211005000042 ], [ 88.687998894000032, 21.678127346000053 ], [ 88.722178582000083, 21.609198309000078 ], [ 88.707530144000032, 21.578314520000049 ], [ 88.72787519600007, 21.559881903000075 ], [ 88.762461785000028, 21.555853583000044 ], [ 88.790537957000083, 21.568264065000051 ], [ 88.796641472000033, 21.584418036000045 ], [ 88.791026238000029, 21.598863023000035 ], [ 88.781748894000032, 21.614243882000039 ], [ 88.776866082000083, 21.63344961100006 ], [ 88.777110222000033, 21.643540757000039 ], [ 88.779063347000033, 21.651190497000073 ], [ 88.784027540000068, 21.655951239000046 ], [ 88.79420006600003, 21.657619533000059 ], [ 88.80046634200005, 21.661851304000038 ], [ 88.804942254000082, 21.671861070000091 ], [ 88.810883009000065, 21.69171784100007 ], [ 88.816661004000082, 21.675034898000035 ], [ 88.818532748000052, 21.665838934000078 ], [ 88.818369988000029, 21.657619533000059 ], [ 88.814789259000065, 21.653876044000071 ], [ 88.797862175000034, 21.640204169000071 ], [ 88.805837436000047, 21.622870184000078 ], [ 88.823985222000033, 21.617254950000074 ], [ 88.844248894000032, 21.622219143000052 ], [ 88.85865319100003, 21.636542059000078 ], [ 88.859873894000032, 21.652573960000041 ], [ 88.842946811000047, 21.684149481000077 ], [ 88.838226759000065, 21.701971747000073 ], [ 88.841563347000033, 21.71625397300005 ], [ 88.855723504000082, 21.748846747000073 ], [ 88.85865319100003, 21.766831773000035 ], [ 88.866058790000068, 21.766831773000035 ], [ 88.872080925000034, 21.749009507000039 ], [ 88.881602410000028, 21.672023830000057 ], [ 88.88607832100007, 21.661810614000046 ], [ 88.891612175000034, 21.653509833000044 ], [ 88.896983269000032, 21.650132554000038 ], [ 88.933848504000082, 21.643947658000059 ], [ 88.975759311000047, 21.615912177000041 ], [ 89.000254754000082, 21.603420315000051 ], [ 89.019786004000082, 21.60610586100006 ], [ 89.021657748000052, 21.611802476000037 ], [ 89.027598504000082, 21.624579169000071 ], [ 89.033946160000028, 21.633246161000045 ], [ 89.036875847000033, 21.626898505000042 ], [ 89.038828972000033, 21.61945221600007 ], [ 89.044688347000033, 21.613511460000041 ], [ 89.053233269000032, 21.609808661000045 ], [ 89.064219597000033, 21.609198309000078 ], [ 89.082692905000044, 21.617336330000057 ], [ 89.088226759000065, 21.633734442000048 ], [ 89.08521569100003, 21.674709377000056 ], [ 89.082774285000028, 21.678208726000037 ], [ 89.067881707000083, 21.709133205000057 ], [ 89.047862175000034, 21.728013414000088 ], [ 89.043711785000028, 21.733343817000048 ], [ 89.03093509200005, 21.770453192000048 ], [ 89.015879754000082, 21.853338934000078 ], [ 88.995860222000033, 21.884182033000059 ], [ 88.968272332000083, 21.904730536000045 ], [ 88.951914910000028, 21.913885809000078 ], [ 88.937836134000065, 21.917669989000046 ], [ 88.924082879000082, 21.926336981000077 ], [ 88.910817905000044, 21.946478583000044 ], [ 88.905039910000028, 21.969427802000041 ], [ 88.913910352000073, 21.986558335000041 ], [ 88.928721550000034, 21.986558335000041 ], [ 88.934580925000034, 21.969305731000077 ], [ 88.937836134000065, 21.948716539000088 ], [ 88.94467207100007, 21.938788153000075 ], [ 88.960459832000083, 21.93431224200009 ], [ 88.993011915000068, 21.912665106000077 ], [ 89.009532097000033, 21.90460846600007 ], [ 89.008067254000082, 21.92055898600006 ], [ 89.01303144600007, 21.929429429000038 ], [ 89.02312259200005, 21.93109772300005 ], [ 89.036875847000033, 21.925116278000075 ], [ 89.060883009000065, 21.938462632000039 ], [ 89.065603061000047, 21.96710846600007 ], [ 89.057383660000028, 22.031236070000091 ], [ 89.05404707100007, 22.043646552000041 ], [ 89.040049675000034, 22.069525458000044 ], [ 89.036875847000033, 22.085598049000055 ], [ 89.039886915000068, 22.100897528000075 ], [ 89.045664910000028, 22.11204661700009 ], [ 89.048594597000033, 22.122951565000051 ], [ 89.043711785000028, 22.137396552000041 ], [ 89.060313347000033, 22.130601304000038 ], [ 89.060394727000073, 22.129868882000039 ], [ 89.063487175000034, 22.111029364000046 ], [ 89.057383660000028, 22.06509023600006 ], [ 89.062022332000083, 22.049505927000041 ], [ 89.084239129000082, 22.021185614000046 ], [ 89.09148196700005, 22.000230210000041 ], [ 89.09107506600003, 21.976792710000041 ], [ 89.080414259000065, 21.934881903000075 ], [ 89.07781009200005, 21.914252020000049 ], [ 89.079925977000073, 21.897406317000048 ], [ 89.104665561000047, 21.81586334800005 ], [ 89.10906009200005, 21.809515692000048 ], [ 89.119395379000082, 21.800970770000049 ], [ 89.141286655000044, 21.790228583000044 ], [ 89.154551629000082, 21.786851304000038 ], [ 89.160411004000082, 21.79132721600007 ], [ 89.164561394000032, 21.800197658000059 ], [ 89.174082879000082, 21.810044664000088 ], [ 89.183360222000033, 21.815619208000044 ], [ 89.187673373000052, 21.811509507000039 ], [ 89.188243035000028, 21.799709377000056 ], [ 89.189707879000082, 21.791245835000041 ], [ 89.220713738000029, 21.709418036000045 ], [ 89.218597852000073, 21.698553778000075 ], [ 89.20826256600003, 21.690619208000044 ], [ 89.20443769600007, 21.672674872000073 ], [ 89.210459832000083, 21.654120184000078 ], [ 89.229258660000028, 21.643947658000059 ], [ 89.248708530000044, 21.645900783000059 ], [ 89.268728061000047, 21.653998114000046 ], [ 89.285899285000028, 21.665594794000071 ], [ 89.297536655000044, 21.678127346000053 ], [ 89.27662194100003, 21.687567450000074 ], [ 89.273692254000082, 21.698797919000071 ], [ 89.29070071700005, 21.733343817000048 ], [ 89.294688347000033, 21.757798570000091 ], [ 89.28443444100003, 21.796820380000042 ], [ 89.283946160000028, 21.822088934000078 ], [ 89.29070071700005, 21.822088934000078 ], [ 89.29623457100007, 21.809068101000037 ], [ 89.301280144000032, 21.809393622000073 ], [ 89.306162957000083, 21.817613023000035 ], [ 89.322601759000065, 21.854641018000052 ], [ 89.328868035000028, 21.864650783000059 ], [ 89.33912194100003, 21.876695054000038 ], [ 89.355967644000032, 21.892523505000042 ], [ 89.359629754000082, 21.901678778000075 ], [ 89.359629754000082, 21.917669989000046 ], [ 89.355235222000033, 21.931626695000091 ], [ 89.348806186000047, 21.944159247000073 ], [ 89.345957879000082, 21.957017320000091 ], [ 89.352224155000044, 21.972316799000055 ], [ 89.359629754000082, 21.972316799000055 ], [ 89.364024285000028, 21.955064195000091 ], [ 89.382660352000073, 21.92133209800005 ], [ 89.386973504000082, 21.901190497000073 ], [ 89.384287957000083, 21.877834377000056 ], [ 89.371267123000052, 21.847154039000088 ], [ 89.365896030000044, 21.828924872000073 ], [ 89.362803582000083, 21.78384023600006 ], [ 89.364268425000034, 21.758205471000053 ], [ 89.369639519000032, 21.743312893000052 ], [ 89.395192905000044, 21.716376044000071 ], [ 89.406423373000052, 21.717352606000077 ], [ 89.44271894600007, 21.746649481000077 ], [ 89.456228061000047, 21.762396552000041 ], [ 89.465830925000034, 21.781317450000074 ], [ 89.469493035000028, 21.804388739000046 ], [ 89.467051629000082, 21.828599351000037 ], [ 89.463633660000028, 21.845038153000075 ], [ 89.464610222000033, 21.859198309000078 ], [ 89.475759311000047, 21.876695054000038 ], [ 89.489105665000068, 21.888373114000046 ], [ 89.502289259000065, 21.897528387000079 ], [ 89.512543165000068, 21.909125067000048 ], [ 89.521820509000065, 21.962307033000059 ], [ 89.520030144000032, 21.969183661000045 ], [ 89.512705925000034, 21.978094794000071 ], [ 89.500498894000032, 22.00259023600006 ], [ 89.496836785000028, 22.013861395000049 ], [ 89.492686394000032, 22.019191799000055 ], [ 89.490407748000052, 22.023993231000077 ], [ 89.489431186000047, 22.031236070000091 ], [ 89.49187259200005, 22.034572658000059 ], [ 89.504161004000082, 22.036688544000071 ], [ 89.50912519600007, 22.041205145000049 ], [ 89.517425977000073, 22.066473700000074 ], [ 89.518321160000028, 22.081000067000048 ], [ 89.51295006600003, 22.09243398600006 ], [ 89.506846550000034, 22.10101959800005 ], [ 89.501719597000033, 22.113104559000078 ], [ 89.498220248000052, 22.12531159100007 ], [ 89.496836785000028, 22.133978583000044 ], [ 89.494151238000029, 22.136867580000057 ], [ 89.488780144000032, 22.129584052000041 ], [ 89.48406009200005, 22.116685289000088 ], [ 89.483164910000028, 22.102606512000079 ], [ 89.475759311000047, 22.102606512000079 ], [ 89.467458530000044, 22.228989976000037 ], [ 89.475759311000047, 22.295070705000057 ], [ 89.483164910000028, 22.295070705000057 ], [ 89.493011915000068, 22.273504950000074 ], [ 89.494151238000029, 22.253566799000055 ], [ 89.489431186000047, 22.208807684000078 ], [ 89.492035352000073, 22.188381252000056 ], [ 89.537119988000029, 22.089016018000052 ], [ 89.53646894600007, 22.075832424000055 ], [ 89.526133660000028, 22.055121161000045 ], [ 89.523448113000029, 22.044623114000046 ], [ 89.52475019600007, 22.000148830000057 ], [ 89.53288821700005, 21.98468659100007 ], [ 89.551442905000044, 21.994045315000051 ], [ 89.556488477000073, 22.00844961100006 ], [ 89.564463738000029, 22.072211005000042 ], [ 89.566742384000065, 22.082098700000074 ], [ 89.576996290000068, 22.101263739000046 ], [ 89.57935631600003, 22.113226630000042 ], [ 89.578786655000044, 22.135891018000052 ], [ 89.576345248000052, 22.145493882000039 ], [ 89.571299675000034, 22.157904364000046 ], [ 89.550303582000083, 22.19212474200009 ], [ 89.549164259000065, 22.205267645000049 ], [ 89.561045769000032, 22.223089911000045 ], [ 89.580332879000082, 22.236761786000045 ], [ 89.586192254000082, 22.245428778000075 ], [ 89.577159050000034, 22.268500067000048 ], [ 89.580821160000028, 22.277248440000051 ], [ 89.592458530000044, 22.288234768000052 ], [ 89.606211785000028, 22.315619208000044 ], [ 89.615489129000082, 22.328273830000057 ], [ 89.626475457000083, 22.336004950000074 ], [ 89.616953972000033, 22.318426825000074 ], [ 89.61060631600003, 22.298895575000074 ], [ 89.60710696700005, 22.278265692000048 ], [ 89.605967644000032, 22.256903387000079 ], [ 89.597911004000082, 22.240301825000074 ], [ 89.567230665000068, 22.202826239000046 ], [ 89.567881707000083, 22.18891022300005 ], [ 89.58139082100007, 22.174058335000041 ], [ 89.593760613000029, 22.155422268000052 ], [ 89.602549675000034, 22.134507554000038 ], [ 89.605967644000032, 22.113226630000042 ], [ 89.600596550000034, 22.09125397300005 ], [ 89.576670769000032, 22.051703192000048 ], [ 89.571299675000034, 22.031236070000091 ], [ 89.563487175000034, 21.973130601000037 ], [ 89.56763756600003, 21.90070221600007 ], [ 89.564463738000029, 21.884182033000059 ], [ 89.556895379000082, 21.868801174000055 ], [ 89.53834069100003, 21.848618882000039 ], [ 89.530284050000034, 21.835760809000078 ], [ 89.527354363000029, 21.81281159100007 ], [ 89.538910352000073, 21.771470445000091 ], [ 89.537119988000029, 21.753810940000051 ], [ 89.56568444100003, 21.713364976000037 ], [ 89.586924675000034, 21.700832424000055 ], [ 89.605967644000032, 21.71906159100007 ], [ 89.603770379000082, 21.727687893000052 ], [ 89.592784050000034, 21.754380601000037 ], [ 89.595469597000033, 21.759995835000041 ], [ 89.62037194100003, 21.764349677000041 ], [ 89.631521030000044, 21.764064846000053 ], [ 89.643565300000034, 21.756903387000079 ], [ 89.668223504000082, 21.750881252000056 ], [ 89.689952019000032, 21.765204169000071 ], [ 89.700694207000083, 21.784857489000046 ], [ 89.692067905000044, 21.794826565000051 ], [ 89.672048373000052, 21.804266669000071 ], [ 89.64975019600007, 21.826361395000049 ], [ 89.630381707000083, 21.851467190000051 ], [ 89.618988477000073, 21.86985911700009 ], [ 89.646983269000032, 21.925116278000075 ], [ 89.661306186000047, 21.905829169000071 ], [ 89.66334069100003, 21.896307684000078 ], [ 89.652598504000082, 21.878851630000042 ], [ 89.653168165000068, 21.867743231000077 ], [ 89.656911655000044, 21.857123114000046 ], [ 89.661306186000047, 21.849351304000038 ], [ 89.673350457000083, 21.840073960000041 ], [ 89.690440300000034, 21.833726304000038 ], [ 89.709157748000052, 21.830064195000091 ], [ 89.72584069100003, 21.828924872000073 ], [ 89.738454623000052, 21.834418036000045 ], [ 89.753428582000083, 21.843898830000057 ], [ 89.765879754000082, 21.846747137000079 ], [ 89.77116946700005, 21.83234284100007 ], [ 89.775726759000065, 21.82758209800005 ], [ 89.78638756600003, 21.828924872000073 ], [ 89.804698113000029, 21.835760809000078 ], [ 89.814219597000033, 21.840806382000039 ], [ 89.81763756600003, 21.844916083000044 ], [ 89.81959069100003, 21.849554755000042 ], [ 89.825205925000034, 21.856268622000073 ], [ 89.85092207100007, 21.877508856000077 ], [ 89.873220248000052, 21.88157786700009 ], [ 89.880381707000083, 21.884182033000059 ], [ 89.887217644000032, 21.900091864000046 ], [ 89.881602410000028, 21.912990627000056 ], [ 89.871836785000028, 21.924261786000045 ], [ 89.863780144000032, 21.943304755000042 ], [ 89.850271030000044, 21.963120835000041 ], [ 89.846202019000032, 21.972316799000055 ], [ 89.845957879000082, 21.982896226000037 ], [ 89.851084832000083, 22.000881252000056 ], [ 89.852386915000068, 22.010443427000041 ], [ 89.847911004000082, 22.033880927000041 ], [ 89.835948113000029, 22.04946523600006 ], [ 89.818369988000029, 22.060044664000088 ], [ 89.797211134000065, 22.068508205000057 ], [ 89.797211134000065, 22.075995184000078 ], [ 89.816172722000033, 22.075995184000078 ], [ 89.831553582000083, 22.071966864000046 ], [ 89.846202019000032, 22.07062409100007 ], [ 89.86296634200005, 22.079046942000048 ], [ 89.871348504000082, 22.091864325000074 ], [ 89.87427819100003, 22.10883209800005 ], [ 89.872894727000073, 22.143622137000079 ], [ 89.861338738000029, 22.211004950000074 ], [ 89.85084069100003, 22.246527411000045 ], [ 89.838715040000068, 22.267767645000049 ], [ 89.880381707000083, 22.342230536000045 ], [ 89.88412519600007, 22.363511460000041 ], [ 89.88054446700005, 22.380601304000038 ], [ 89.874847852000073, 22.397650458000044 ], [ 89.872894727000073, 22.41860586100006 ], [ 89.903086785000028, 22.396429755000042 ], [ 89.920420769000032, 22.391831773000035 ], [ 89.928233269000032, 22.407700914000088 ], [ 89.933604363000029, 22.423529364000046 ], [ 89.947438998000052, 22.439683335000041 ], [ 89.979502800000034, 22.470078843000067 ], [ 89.982758009000065, 22.473211981000077 ], [ 90.010101759000065, 22.490220445000091 ], [ 89.997894727000073, 22.480861721000053 ], [ 89.991953972000033, 22.469875393000052 ], [ 89.988291863000029, 22.45774974200009 ], [ 89.982758009000065, 22.445257880000042 ], [ 89.900157097000033, 22.333929755000042 ], [ 89.880381707000083, 22.288234768000052 ], [ 89.876800977000073, 22.274725653000075 ], [ 89.875336134000065, 22.26398346600007 ], [ 89.87663821700005, 22.253485419000071 ], [ 89.880381707000083, 22.240423895000049 ], [ 89.885508660000028, 22.230617580000057 ], [ 89.898285352000073, 22.21165599200009 ], [ 89.900889519000032, 22.201971747000073 ], [ 89.903086785000028, 22.176906643000052 ], [ 89.912364129000082, 22.135565497000073 ], [ 89.914561394000032, 22.061672268000052 ], [ 89.917491082000083, 22.049872137000079 ], [ 89.926280144000032, 22.027167059000078 ], [ 89.928233269000032, 22.017279364000046 ], [ 89.934418165000068, 21.997707424000055 ], [ 89.949717644000032, 21.980902411000045 ], [ 89.967784050000034, 21.974554755000042 ], [ 89.982758009000065, 21.986558335000041 ], [ 89.985199415000068, 21.999416408000059 ], [ 89.982758009000065, 22.044623114000046 ], [ 89.988536004000082, 22.05304596600007 ], [ 90.015391472000033, 22.077866929000038 ], [ 90.024424675000034, 22.089016018000052 ], [ 90.040049675000034, 22.138088283000059 ], [ 90.052582227000073, 22.155462958000044 ], [ 90.078379754000082, 22.164048570000091 ], [ 90.072601759000065, 22.152044989000046 ], [ 90.063243035000028, 22.145738023000035 ], [ 90.05209394600007, 22.141099351000037 ], [ 90.042735222000033, 22.131252346000053 ], [ 90.039073113000029, 22.116278387000079 ], [ 90.034678582000083, 22.105169989000046 ], [ 90.038096550000034, 22.075344143000052 ], [ 90.035411004000082, 22.059800523000035 ], [ 90.02898196700005, 22.052964585000041 ], [ 90.020192905000044, 22.048814195000091 ], [ 90.010752800000034, 22.041205145000049 ], [ 90.00318444100003, 22.029364325000074 ], [ 90.002126498000052, 22.014105536000045 ], [ 89.996348504000082, 22.000230210000041 ], [ 90.028168165000068, 21.988104559000078 ], [ 90.038096550000034, 21.986558335000041 ], [ 90.05241946700005, 21.98899974200009 ], [ 90.05795332100007, 21.993719794000071 ], [ 90.061045769000032, 22.000799872000073 ], [ 90.073741082000083, 22.019232489000046 ], [ 90.081797722000033, 22.041001695000091 ], [ 90.088877800000034, 22.051174221000053 ], [ 90.148285352000073, 22.11078522300005 ], [ 90.164805535000028, 22.119818427000041 ], [ 90.191661004000082, 22.123114325000074 ], [ 90.205821160000028, 22.132961330000057 ], [ 90.218272332000083, 22.15570709800005 ], [ 90.236094597000033, 22.198879299000055 ], [ 90.239105665000068, 22.172267971000053 ], [ 90.23170006600003, 22.145656643000052 ], [ 90.21615644600007, 22.123236395000049 ], [ 90.195078972000033, 22.109523830000057 ], [ 90.189707879000082, 22.110825914000088 ], [ 90.181813998000052, 22.114813544000071 ], [ 90.172862175000034, 22.117010809000078 ], [ 90.164073113000029, 22.113226630000042 ], [ 90.158864780000044, 22.106919664000088 ], [ 90.15162194100003, 22.094875393000052 ], [ 90.146739129000082, 22.089016018000052 ], [ 90.105642123000052, 22.054266669000071 ], [ 90.095957879000082, 22.040106512000079 ], [ 90.092539910000028, 22.02798086100006 ], [ 90.090586785000028, 22.015448309000078 ], [ 90.085785352000073, 22.000230210000041 ], [ 90.077159050000034, 21.987982489000046 ], [ 90.06576582100007, 21.979885158000059 ], [ 90.054209832000083, 21.97337474200009 ], [ 90.044932488000029, 21.966131903000075 ], [ 90.033946160000028, 21.943548895000049 ], [ 90.031260613000029, 21.889227606000077 ], [ 90.024424675000034, 21.862453518000052 ], [ 90.036306186000047, 21.861151434000078 ], [ 90.049327019000032, 21.85101959800005 ], [ 90.05787194100003, 21.849351304000038 ], [ 90.066905144000032, 21.853420315000051 ], [ 90.07935631600003, 21.866929429000038 ], [ 90.088877800000034, 21.86985911700009 ], [ 90.098480665000068, 21.878607489000046 ], [ 90.116221550000034, 21.919338283000059 ], [ 90.12623131600003, 21.93195221600007 ], [ 90.121348504000082, 21.921576239000046 ], [ 90.121836785000028, 21.915350653000075 ], [ 90.124522332000083, 21.909735419000071 ], [ 90.12623131600003, 21.901190497000073 ], [ 90.120860222000033, 21.88930898600006 ], [ 90.110850457000083, 21.880113023000035 ], [ 90.104991082000083, 21.870266018000052 ], [ 90.112478061000047, 21.856268622000073 ], [ 90.09538821700005, 21.859442450000074 ], [ 90.088552280000044, 21.846747137000079 ], [ 90.092946811000047, 21.830267645000049 ], [ 90.10906009200005, 21.822088934000078 ], [ 90.126800977000073, 21.818793036000045 ], [ 90.164398634000065, 21.804266669000071 ], [ 90.18482506600003, 21.800970770000049 ], [ 90.203786655000044, 21.804592190000051 ], [ 90.217621290000068, 21.813462632000039 ], [ 90.27271569100003, 21.857407945000091 ], [ 90.28288821700005, 21.870794989000046 ], [ 90.29070071700005, 21.890326239000046 ], [ 90.299978061000047, 21.927679755000042 ], [ 90.30437259200005, 21.965765692000048 ], [ 90.308604363000029, 21.984035549000055 ], [ 90.327891472000033, 22.020493882000039 ], [ 90.332204623000052, 22.038072007000039 ], [ 90.334727410000028, 22.041815497000073 ], [ 90.347422722000033, 22.05532461100006 ], [ 90.365733269000032, 22.081203518000052 ], [ 90.369883660000028, 22.089829820000091 ], [ 90.373789910000028, 22.102606512000079 ], [ 90.377126498000052, 22.133612372000073 ], [ 90.380056186000047, 22.143622137000079 ], [ 90.383799675000034, 22.145738023000035 ], [ 90.388682488000029, 22.143459377000056 ], [ 90.392588738000029, 22.143011786000045 ], [ 90.395192905000044, 22.157212632000039 ], [ 90.397146030000044, 22.160630601000037 ], [ 90.399180535000028, 22.162339585000041 ], [ 90.400563998000052, 22.164048570000091 ], [ 90.408213738000029, 22.171210028000075 ], [ 90.412852410000028, 22.17804596600007 ], [ 90.414235873000052, 22.185777085000041 ], [ 90.410492384000065, 22.195705471000053 ], [ 90.40552819100003, 22.19953034100007 ], [ 90.399099155000044, 22.202215887000079 ], [ 90.390879754000082, 22.208807684000078 ], [ 90.388682488000029, 22.223211981000077 ], [ 90.398692254000082, 22.267482815000051 ], [ 90.394297722000033, 22.288234768000052 ], [ 90.410899285000028, 22.284247137000079 ], [ 90.414073113000029, 22.27179596600007 ], [ 90.407969597000033, 22.240423895000049 ], [ 90.410004102000073, 22.22728099200009 ], [ 90.421641472000033, 22.198879299000055 ], [ 90.417491082000083, 22.175034898000035 ], [ 90.393239780000044, 22.127386786000045 ], [ 90.387461785000028, 22.102606512000079 ], [ 90.39380944100003, 22.094712632000039 ], [ 90.408457879000082, 22.085923570000091 ], [ 90.42546634200005, 22.07884349200009 ], [ 90.438649936000047, 22.075995184000078 ], [ 90.450043165000068, 22.08079661700009 ], [ 90.459646030000044, 22.091945705000057 ], [ 90.488291863000029, 22.138617255000042 ], [ 90.494395379000082, 22.154242255000042 ], [ 90.496755405000044, 22.167792059000078 ], [ 90.501149936000047, 22.176703192000048 ], [ 90.511729363000029, 22.185288804000038 ], [ 90.53834069100003, 22.198879299000055 ], [ 90.55795332100007, 22.203355210000041 ], [ 90.581553582000083, 22.238226630000042 ], [ 90.613454623000052, 22.314886786000045 ], [ 90.619313998000052, 22.355902411000045 ], [ 90.61841881600003, 22.376654364000046 ], [ 90.613454623000052, 22.396877346000053 ], [ 90.593597852000073, 22.432318427000041 ], [ 90.586436394000032, 22.450588283000059 ], [ 90.586192254000082, 22.473211981000077 ], [ 90.591319207000083, 22.470526434000078 ], [ 90.606618686000047, 22.465765692000048 ], [ 90.589691602000073, 22.500433661000045 ], [ 90.57781009200005, 22.533677476000037 ], [ 90.559743686000047, 22.562323309000078 ], [ 90.524099155000044, 22.583075262000079 ], [ 90.50513756600003, 22.58624909100007 ], [ 90.487315300000034, 22.583726304000038 ], [ 90.472504102000073, 22.575588283000059 ], [ 90.462657097000033, 22.56195709800005 ], [ 90.460459832000083, 22.551174221000053 ], [ 90.463552280000044, 22.531439520000049 ], [ 90.462657097000033, 22.520982164000088 ], [ 90.458018425000034, 22.514634507000039 ], [ 90.451182488000029, 22.510158596000053 ], [ 90.44499759200005, 22.504136460000041 ], [ 90.442067905000044, 22.493638414000088 ], [ 90.442149285000028, 22.508734442000048 ], [ 90.453461134000065, 22.564195054000038 ], [ 90.459239129000082, 22.579291083000044 ], [ 90.468597852000073, 22.58470286700009 ], [ 90.491384311000047, 22.587836005000042 ], [ 90.500173373000052, 22.592352606000077 ], [ 90.510020379000082, 22.60423411700009 ], [ 90.512705925000034, 22.611476955000057 ], [ 90.508962436000047, 22.646429755000042 ], [ 90.496755405000044, 22.678656317000048 ], [ 90.492930535000028, 22.709906317000048 ], [ 90.48991946700005, 22.720200914000088 ], [ 90.479014519000032, 22.73501211100006 ], [ 90.461680535000028, 22.748846747000073 ], [ 90.44459069100003, 22.751654364000046 ], [ 90.43523196700005, 22.733303127000056 ], [ 90.415782097000033, 22.74249909100007 ], [ 90.387217644000032, 22.751288153000075 ], [ 90.372569207000083, 22.761419989000046 ], [ 90.394297722000033, 22.77484772300005 ], [ 90.406423373000052, 22.763088283000059 ], [ 90.419932488000029, 22.768255927000041 ], [ 90.424001498000052, 22.781683661000045 ], [ 90.407969597000033, 22.794663804000038 ], [ 90.436045769000032, 22.800604559000078 ], [ 90.448090040000068, 22.82843659100007 ], [ 90.457204623000052, 22.861761786000045 ], [ 90.476328972000033, 22.884100653000075 ], [ 90.490489129000082, 22.885199286000045 ], [ 90.50513756600003, 22.881659247000073 ], [ 90.520030144000032, 22.880194403000075 ], [ 90.534922722000033, 22.887152411000045 ], [ 90.540049675000034, 22.896551825000074 ], [ 90.535980665000068, 22.903387762000079 ], [ 90.524099155000044, 22.912014065000051 ], [ 90.521006707000083, 22.915676174000055 ], [ 90.51685631600003, 22.916815497000073 ], [ 90.51295006600003, 22.917059637000079 ], [ 90.510427280000044, 22.918198960000041 ], [ 90.507578972000033, 22.925360419000071 ], [ 90.509287957000083, 22.936997789000088 ], [ 90.507009311000047, 22.942084052000041 ], [ 90.486989780000044, 22.966131903000075 ], [ 90.468272332000083, 22.996079820000091 ], [ 90.45435631600003, 23.027533270000049 ], [ 90.450124545000051, 23.049343166000085 ], [ 90.44890384200005, 23.055731512000079 ], [ 90.453623894000032, 23.072333075000074 ], [ 90.46607506600003, 23.076849677000041 ], [ 90.50359134200005, 23.075873114000046 ], [ 90.52279707100007, 23.080145575000074 ], [ 90.536631707000083, 23.086818752000056 ], [ 90.547618035000028, 23.096747137000079 ], [ 90.558767123000052, 23.110663153000075 ], [ 90.565603061000047, 23.110663153000075 ], [ 90.565603061000047, 23.10382721600007 ], [ 90.55591881600003, 23.096828518000052 ], [ 90.551280144000032, 23.086900132000039 ], [ 90.553721550000034, 23.078558661000045 ], [ 90.565603061000047, 23.075873114000046 ], [ 90.57195071700005, 23.081732489000046 ], [ 90.599131707000083, 23.11749909100007 ], [ 90.60287519600007, 23.141302802000041 ], [ 90.598399285000028, 23.200425523000035 ], [ 90.593516472000033, 23.219875393000052 ], [ 90.602712436000047, 23.211004950000074 ], [ 90.610362175000034, 23.201157945000091 ], [ 90.61451256600003, 23.195461330000057 ], [ 90.610850457000083, 23.23078034100007 ], [ 90.606618686000047, 23.247219143000052 ], [ 90.577321811000047, 23.288397528000075 ], [ 90.569102410000028, 23.294989325000074 ], [ 90.50359134200005, 23.301743882000039 ], [ 90.48796634200005, 23.306830145000049 ], [ 90.46021569100003, 23.319728908000059 ], [ 90.428477410000028, 23.326117255000042 ], [ 90.419688347000033, 23.335598049000055 ], [ 90.41342207100007, 23.34796784100007 ], [ 90.404144727000073, 23.360419012000079 ], [ 90.388519727000073, 23.372381903000075 ], [ 90.258799675000034, 23.444566148000035 ], [ 90.24935957100007, 23.45538971600007 ], [ 90.250336134000065, 23.466945705000057 ], [ 90.28443444100003, 23.446193752000056 ], [ 90.322438998000052, 23.433294989000046 ], [ 90.518321160000028, 23.398260809000078 ], [ 90.551931186000047, 23.384955145000049 ], [ 90.553721550000034, 23.40070221600007 ], [ 90.55990644600007, 23.418402411000045 ], [ 90.568125847000033, 23.432928778000075 ], [ 90.575938347000033, 23.438950914000088 ], [ 90.578949415000068, 23.44985586100006 ], [ 90.576833530000044, 23.539496161000045 ], [ 90.568695509000065, 23.54751211100006 ], [ 90.531504754000082, 23.548814195000091 ], [ 90.51498457100007, 23.55141836100006 ], [ 90.498383009000065, 23.55727773600006 ], [ 90.484385613000029, 23.567450262000079 ], [ 90.476328972000033, 23.582953192000048 ], [ 90.501719597000033, 23.567938544000071 ], [ 90.514659050000034, 23.563788153000075 ], [ 90.531504754000082, 23.562486070000091 ], [ 90.547211134000065, 23.563788153000075 ], [ 90.559418165000068, 23.567938544000071 ], [ 90.564463738000029, 23.576402085000041 ], [ 90.558767123000052, 23.590399481000077 ], [ 90.595469597000033, 23.604396877000056 ], [ 90.611989780000044, 23.60610586100006 ], [ 90.619639519000032, 23.596625067000048 ], [ 90.624034050000034, 23.598089911000045 ], [ 90.625254754000082, 23.598334052000041 ], [ 90.625336134000065, 23.599351304000038 ], [ 90.627126498000052, 23.603461005000042 ], [ 90.633311394000032, 23.596625067000048 ], [ 90.608164910000028, 23.585760809000078 ], [ 90.592051629000082, 23.562486070000091 ], [ 90.588145379000082, 23.534165757000039 ], [ 90.603363477000073, 23.494696356000077 ], [ 90.607758009000065, 23.491115627000056 ], [ 90.622080925000034, 23.500067450000074 ], [ 90.647471550000034, 23.507879950000074 ], [ 90.666758660000028, 23.51821523600006 ], [ 90.677744988000029, 23.517279364000046 ], [ 90.695323113000029, 23.507879950000074 ], [ 90.702159050000034, 23.528387762000079 ], [ 90.684336785000028, 23.54173411700009 ], [ 90.67546634200005, 23.550930080000057 ], [ 90.678233269000032, 23.555080471000053 ], [ 90.695811394000032, 23.555487372000073 ], [ 90.705577019000032, 23.554510809000078 ], [ 90.711192254000082, 23.548814195000091 ], [ 90.715830925000034, 23.535142320000091 ], [ 90.715017123000052, 23.49835846600007 ], [ 90.691579623000052, 23.486476955000057 ], [ 90.633311394000032, 23.486761786000045 ], [ 90.60873457100007, 23.472723700000074 ], [ 90.600271030000044, 23.44993724200009 ], [ 90.599131707000083, 23.391180731000077 ], [ 90.601735873000052, 23.372463283000059 ], [ 90.611338738000029, 23.342474677000041 ], [ 90.628428582000083, 23.321519273000035 ], [ 90.65365644600007, 23.329738674000055 ], [ 90.653168165000068, 23.324652411000045 ], [ 90.654795769000032, 23.323309637000079 ], [ 90.657725457000083, 23.323228257000039 ], [ 90.661143425000034, 23.322251695000091 ], [ 90.650157097000033, 23.313544012000079 ], [ 90.650889519000032, 23.30023834800005 ], [ 90.66732832100007, 23.267645575000074 ], [ 90.661143425000034, 23.267645575000074 ], [ 90.665212436000047, 23.24876536700009 ], [ 90.657074415000068, 23.230373440000051 ], [ 90.64584394600007, 23.210923570000091 ], [ 90.640147332000083, 23.188869533000059 ], [ 90.638682488000029, 23.14789459800005 ], [ 90.627207879000082, 23.08665599200009 ], [ 90.627126498000052, 23.075873114000046 ], [ 90.629405144000032, 23.064398505000042 ], [ 90.640147332000083, 23.038031317000048 ], [ 90.717458530000044, 22.940619208000044 ], [ 90.722666863000029, 22.92845286700009 ], [ 90.725596550000034, 22.90570709800005 ], [ 90.732920769000032, 22.889064846000053 ], [ 90.741953972000033, 22.874212958000044 ], [ 90.750010613000029, 22.856756903000075 ], [ 90.757334832000083, 22.822658596000053 ], [ 90.769541863000029, 22.795355536000045 ], [ 90.771006707000083, 22.784816799000055 ], [ 90.774180535000028, 22.77806224200009 ], [ 90.78834069100003, 22.75922272300005 ], [ 90.794932488000029, 22.741359768000052 ], [ 90.802582227000073, 22.736395575000074 ], [ 90.81177819100003, 22.732367255000042 ], [ 90.819509311000047, 22.726467190000051 ], [ 90.83130944100003, 22.690578518000052 ], [ 90.835948113000029, 22.684881903000075 ], [ 90.865489129000082, 22.687160549000055 ], [ 90.876475457000083, 22.682806708000044 ], [ 90.88412519600007, 22.654486395000049 ], [ 90.898773634000065, 22.63617584800005 ], [ 90.90202884200005, 22.627101955000057 ], [ 90.908213738000029, 22.617865302000041 ], [ 90.935557488000029, 22.599676825000074 ], [ 90.941742384000065, 22.585882880000042 ], [ 90.954925977000073, 22.575832424000055 ], [ 90.985118035000028, 22.574367580000057 ], [ 91.017588738000029, 22.579291083000044 ], [ 91.037933790000068, 22.58860911700009 ], [ 91.040212436000047, 22.60773346600007 ], [ 91.032237175000034, 22.636867580000057 ], [ 91.018728061000047, 22.664455471000053 ], [ 91.003754102000073, 22.678656317000048 ], [ 91.018321160000028, 22.683091539000088 ], [ 91.02670332100007, 22.674261786000045 ], [ 91.037933790000068, 22.643866278000075 ], [ 91.048675977000073, 22.626166083000044 ], [ 91.058604363000029, 22.614325262000079 ], [ 91.069579671000042, 22.571556869000062 ], [ 91.089200582000046, 22.544430256000055 ], [ 91.127343458000041, 22.527025948000073 ], [ 91.176565684000082, 22.536419414000079 ], [ 91.20274304600008, 22.543219639000085 ], [ 91.221364576000042, 22.557192605000068 ], [ 91.241568800000039, 22.575395765000053 ], [ 91.253103061000047, 22.613836981000077 ], [ 91.26107832100007, 22.627875067000048 ], [ 91.264496290000068, 22.640814520000049 ], [ 91.253428582000083, 22.660711981000077 ], [ 91.226898634000065, 22.671087958000044 ], [ 91.168955925000034, 22.684881903000075 ], [ 91.168955925000034, 22.692287502000056 ], [ 91.192149285000028, 22.691636460000041 ], [ 91.199229363000029, 22.698797919000071 ], [ 91.19459069100003, 22.709662177000041 ], [ 91.181895379000082, 22.720200914000088 ], [ 91.181895379000082, 22.726467190000051 ], [ 91.21607506600003, 22.726060289000088 ], [ 91.231211785000028, 22.724310614000046 ], [ 91.24341881600003, 22.720200914000088 ], [ 91.243907097000033, 22.71743398600006 ], [ 91.24341881600003, 22.702215887000079 ], [ 91.244802280000044, 22.698391018000052 ], [ 91.248383009000065, 22.698228257000039 ], [ 91.252777540000068, 22.699286200000074 ], [ 91.283457879000082, 22.693345445000091 ], [ 91.28443444100003, 22.692287502000056 ], [ 91.300547722000033, 22.693264065000051 ], [ 91.317393425000034, 22.697211005000042 ], [ 91.329925977000073, 22.70571523600006 ], [ 91.332774285000028, 22.720200914000088 ], [ 91.325043165000068, 22.726141669000071 ], [ 91.308848504000082, 22.733099677000041 ], [ 91.290782097000033, 22.738430080000057 ], [ 91.342621290000068, 22.739447333000044 ], [ 91.360118035000028, 22.743394273000035 ], [ 91.370127800000034, 22.752183335000041 ], [ 91.367442254000082, 22.761664130000042 ], [ 91.346446160000028, 22.767401434000078 ], [ 91.346446160000028, 22.77484772300005 ], [ 91.368337436000047, 22.773993231000077 ], [ 91.385020379000082, 22.770697333000044 ], [ 91.39966881600003, 22.76430898600006 ], [ 91.414724155000044, 22.753729559000078 ], [ 91.411631707000083, 22.777818101000037 ], [ 91.416758660000028, 22.799994208000044 ], [ 91.430430535000028, 22.816310940000051 ], [ 91.45248457100007, 22.822658596000053 ], [ 91.462412957000083, 22.83344147300005 ], [ 91.479665561000047, 22.885891018000052 ], [ 91.483083530000044, 22.904527085000041 ], [ 91.490489129000082, 22.904527085000041 ], [ 91.490000847000033, 22.880560614000046 ], [ 91.47396894600007, 22.838324286000045 ], [ 91.467784050000034, 22.80931224200009 ], [ 91.45834394600007, 22.797064520000049 ], [ 91.45630944100003, 22.784816799000055 ], [ 91.458018425000034, 22.772284247000073 ], [ 91.462412957000083, 22.761908270000049 ], [ 91.469004754000082, 22.757066148000035 ], [ 91.476817254000082, 22.76117584800005 ], [ 91.484629754000082, 22.745510158000059 ], [ 91.498708530000044, 22.72728099200009 ], [ 91.516368035000028, 22.712225653000075 ], [ 91.54810631600003, 22.700344143000052 ], [ 91.676036004000082, 22.53461334800005 ], [ 91.743662957000083, 22.411078192000048 ], [ 91.754405144000032, 22.374660549000055 ], [ 91.771657748000052, 22.260321356000077 ], [ 91.787119988000029, 22.237941799000055 ], [ 91.808929884000065, 22.236273505000042 ], [ 91.825938347000033, 22.248480536000045 ], [ 91.826345248000052, 22.267767645000049 ], [ 91.817230665000068, 22.27407461100006 ], [ 91.804535352000073, 22.278469143000052 ], [ 91.793955925000034, 22.286037502000056 ], [ 91.791351759000065, 22.301906643000052 ], [ 91.798594597000033, 22.311916408000059 ], [ 91.823252800000034, 22.324164130000042 ], [ 91.826345248000052, 22.329169012000079 ], [ 91.844004754000082, 22.334947007000039 ], [ 91.859141472000033, 22.346625067000048 ], [ 91.87045332100007, 22.358099677000041 ], [ 91.877452019000032, 22.363348700000074 ], [ 91.875743035000028, 22.371079820000091 ], [ 91.885508660000028, 22.409654039000088 ], [ 91.887705925000034, 22.424750067000048 ], [ 91.901866082000083, 22.424058335000041 ], [ 91.908050977000073, 22.424750067000048 ], [ 91.884938998000052, 22.35382721600007 ], [ 91.874034050000034, 22.336004950000074 ], [ 91.852386915000068, 22.325344143000052 ], [ 91.826508009000065, 22.318264065000051 ], [ 91.808848504000082, 22.306341864000046 ], [ 91.812022332000083, 22.281398830000057 ], [ 91.819183790000068, 22.275824286000045 ], [ 91.829844597000033, 22.271307684000078 ], [ 91.838389519000032, 22.263088283000059 ], [ 91.839854363000029, 22.246649481000077 ], [ 91.834727410000028, 22.237616278000075 ], [ 91.82585696700005, 22.230047919000071 ], [ 91.816905144000032, 22.220282294000071 ], [ 91.812022332000083, 22.205023505000042 ], [ 91.812998894000032, 22.18032461100006 ], [ 91.819346550000034, 22.155951239000046 ], [ 91.829112175000034, 22.134100653000075 ], [ 91.839854363000029, 22.116888739000046 ], [ 91.846039259000065, 22.116888739000046 ], [ 91.846039259000065, 22.135972398000035 ], [ 91.853282097000033, 22.14874909100007 ], [ 91.862071160000028, 22.150620835000041 ], [ 91.867198113000029, 22.137396552000041 ], [ 91.863942905000044, 22.139593817000048 ], [ 91.853526238000029, 22.143622137000079 ], [ 91.855235222000033, 22.109198309000078 ], [ 91.880869988000029, 22.007025458000044 ], [ 91.880869988000029, 21.969183661000045 ], [ 91.88404381600003, 21.960150458000044 ], [ 91.898203972000033, 21.944891669000071 ], [ 91.901215040000068, 21.935370184000078 ], [ 91.90560957100007, 21.895575262000079 ], [ 91.910329623000052, 21.874904690000051 ], [ 91.91570071700005, 21.862453518000052 ], [ 91.922129754000082, 21.871568101000037 ], [ 91.929942254000082, 21.878648179000038 ], [ 91.939219597000033, 21.883042710000041 ], [ 91.949717644000032, 21.884182033000059 ], [ 91.949717644000032, 21.876695054000038 ], [ 91.936289910000028, 21.870835679000038 ], [ 91.925547722000033, 21.862860419000071 ], [ 91.921641472000033, 21.853420315000051 ], [ 91.92937259200005, 21.843166408000059 ], [ 91.91138756600003, 21.83470286700009 ], [ 91.900889519000032, 21.813299872000073 ], [ 91.899261915000068, 21.789496161000045 ], [ 91.908702019000032, 21.781154690000051 ], [ 91.924082879000082, 21.785223700000074 ], [ 91.943695509000065, 21.791408596000053 ], [ 91.990000847000033, 21.794826565000051 ], [ 91.990000847000033, 21.787909247000073 ], [ 91.966563347000033, 21.778876044000071 ], [ 91.96029707100007, 21.763820705000057 ], [ 91.967295769000032, 21.755438544000071 ], [ 91.983897332000083, 21.766831773000035 ], [ 91.990000847000033, 21.759995835000041 ], [ 91.974782748000052, 21.746486721000053 ], [ 91.961924675000034, 21.743841864000046 ], [ 91.952972852000073, 21.738348700000074 ], [ 91.949717644000032, 21.715969143000052 ], [ 91.953623894000032, 21.701402085000041 ], [ 91.962657097000033, 21.689520575000074 ], [ 91.97193444100003, 21.68821849200009 ], [ 91.977061394000032, 21.70538971600007 ], [ 91.983897332000083, 21.70538971600007 ], [ 91.984222852000073, 21.693508205000057 ], [ 91.978851759000065, 21.677720445000091 ], [ 91.976084832000083, 21.662054755000042 ], [ 91.983897332000083, 21.650132554000038 ], [ 92.000743035000028, 21.649807033000059 ], [ 92.012380405000044, 21.664211330000057 ], [ 92.025401238000029, 21.698553778000075 ], [ 92.017914259000065, 21.698553778000075 ], [ 92.022146030000044, 21.701564846000053 ], [ 92.023936394000032, 21.704657294000071 ], [ 92.025401238000029, 21.712836005000042 ], [ 92.029307488000029, 21.704901434000078 ], [ 92.029307488000029, 21.696234442000048 ], [ 92.025563998000052, 21.687241929000038 ], [ 92.02279707100007, 21.676825262000079 ], [ 92.02857506600003, 21.674790757000039 ], [ 92.035899285000028, 21.668158270000049 ], [ 92.037771030000044, 21.659572658000059 ], [ 92.031748894000032, 21.650132554000038 ], [ 92.035817905000044, 21.640448309000078 ], [ 92.032969597000033, 21.633002020000049 ], [ 92.017914259000065, 21.616034247000073 ], [ 92.022146030000044, 21.599351304000038 ], [ 92.012461785000028, 21.58539459800005 ], [ 91.998545769000032, 21.573187567000048 ], [ 91.990000847000033, 21.561997789000088 ], [ 91.989756707000083, 21.543402411000045 ], [ 91.99537194100003, 21.522609768000052 ], [ 92.005381707000083, 21.504299221000053 ], [ 92.017914259000065, 21.493109442000048 ], [ 91.999034050000034, 21.499497789000088 ], [ 91.982920769000032, 21.488836981000077 ], [ 91.970876498000052, 21.470038153000075 ], [ 91.963389519000032, 21.452134507000039 ], [ 91.960134311000047, 21.454250393000052 ], [ 91.958832227000073, 21.454413153000075 ], [ 91.958018425000034, 21.455023505000042 ], [ 91.955902540000068, 21.458400783000059 ], [ 91.949717644000032, 21.458400783000059 ], [ 91.952972852000073, 21.441839911000045 ], [ 91.959727410000028, 21.423976955000057 ], [ 91.969411655000044, 21.40961334800005 ], [ 91.980479363000029, 21.40375397300005 ], [ 91.989756707000083, 21.394232489000046 ], [ 92.045258009000065, 21.29954661700009 ], [ 92.05046634200005, 21.280462958000044 ], [ 92.052256707000083, 21.256659247000073 ], [ 92.043955925000034, 21.19204336100006 ], [ 92.045420769000032, 21.170965887000079 ], [ 92.052500847000033, 21.154771226000037 ], [ 92.096853061000047, 21.105861721000053 ], [ 92.108083530000044, 21.089911200000074 ], [ 92.12435957100007, 21.060451565000051 ], [ 92.13412519600007, 21.04751211100006 ], [ 92.186289910000028, 21.005845445000091 ], [ 92.192881707000083, 20.995672919000071 ], [ 92.209727410000028, 20.930812893000052 ], [ 92.278086785000028, 20.814113674000055 ], [ 92.301036004000082, 20.762274481000077 ], [ 92.309092644000032, 20.753241278000075 ], [ 92.314219597000033, 20.749253648000035 ], [ 92.319346550000034, 20.742010809000078 ], [ 92.32553144600007, 20.738714911000045 ], [ 92.333994988000029, 20.74640534100007 ], [ 92.336273634000065, 20.757147528000075 ], [ 92.33326256600003, 20.767726955000057 ], [ 92.325938347000033, 20.780585028000075 ], [ 92.307627800000034, 20.833197333000044 ], [ 92.305430535000028, 20.851955471000053 ], [ 92.300629102000073, 20.862372137000079 ], [ 92.271983269000032, 20.903509833000044 ], [ 92.261485222000033, 20.940252997000073 ], [ 92.25709069100003, 20.98110586100006 ], [ 92.258555535000028, 21.022528387000079 ], [ 92.265147332000083, 21.061102606000077 ], [ 92.270518425000034, 21.049017645000049 ], [ 92.281016472000033, 20.959418036000045 ], [ 92.288096550000034, 20.943589585000041 ], [ 92.305430535000028, 20.917710679000038 ], [ 92.36068769600007, 20.766913153000075 ], [ 92.370860222000033, 20.72134023600006 ], [ 92.381114129000082, 20.700140692000048 ], [ 92.398203972000033, 20.691148179000038 ], [ 92.408457879000082, 20.687974351000037 ], [ 92.42896569100003, 20.673895575000074 ], [ 92.439219597000033, 20.670721747000073 ], [ 92.453623894000032, 20.668524481000077 ], [ 92.459646030000044, 20.662583726000037 ], [ 92.463226759000065, 20.653876044000071 ], [ 92.470550977000073, 20.643377997000073 ], [ 92.507009311000047, 20.609279690000051 ], [ 92.520030144000032, 20.589667059000078 ], [ 92.529144727000073, 20.543402411000045 ], [ 92.539886915000068, 20.527533270000049 ], [ 92.632578972000033, 20.446600653000075 ], [ 92.653168165000068, 20.41828034100007 ], [ 92.697113477000073, 20.308254299000055 ], [ 92.70630944100003, 20.292914130000042 ], [ 92.72388756600003, 20.271429755000042 ], [ 92.731211785000028, 20.259182033000059 ], [ 92.739268425000034, 20.279689846000053 ], [ 92.731211785000028, 20.382717190000051 ], [ 92.738454623000052, 20.42837148600006 ], [ 92.737478061000047, 20.44476959800005 ], [ 92.716970248000052, 20.499986070000091 ], [ 92.70826256600003, 20.578680731000077 ], [ 92.70443769600007, 20.589056708000044 ], [ 92.65943444100003, 20.652818101000037 ], [ 92.635020379000082, 20.69798411700009 ], [ 92.662852410000028, 20.679185289000088 ], [ 92.699554884000065, 20.619533596000053 ], [ 92.720713738000029, 20.592230536000045 ], [ 92.736582879000082, 20.56313711100006 ], [ 92.741709832000083, 20.529282945000091 ], [ 92.750987175000034, 20.498521226000037 ], [ 92.77898196700005, 20.478257554000038 ], [ 92.773448113000029, 20.47728099200009 ], [ 92.758555535000028, 20.47211334800005 ], [ 92.769297722000033, 20.455064195000091 ], [ 92.785329623000052, 20.462958075000074 ], [ 92.79656009200005, 20.48383209800005 ], [ 92.79265384200005, 20.506252346000053 ], [ 92.815277540000068, 20.504706122000073 ], [ 92.826914910000028, 20.495062567000048 ], [ 92.831553582000083, 20.478949286000045 ], [ 92.840505405000044, 20.390122789000088 ], [ 92.84693444100003, 20.377346096000053 ], [ 92.856618686000047, 20.367621161000045 ], [ 92.880707227000073, 20.349188544000071 ], [ 92.887705925000034, 20.340277411000045 ], [ 92.889659050000034, 20.333644924000055 ], [ 92.893321160000028, 20.32953522300005 ], [ 92.905284050000034, 20.328070380000042 ], [ 92.925303582000083, 20.327826239000046 ], [ 92.933929884000065, 20.325913804000038 ], [ 92.942881707000083, 20.321234442000048 ], [ 92.901215040000068, 20.30805084800005 ], [ 92.864024285000028, 20.300767320000091 ], [ 92.799489780000044, 20.259182033000059 ], [ 92.786631707000083, 20.245917059000078 ], [ 92.778168165000068, 20.231634833000044 ], [ 92.773610873000052, 20.216742255000042 ], [ 92.772146030000044, 20.20148346600007 ], [ 92.782969597000033, 20.189846096000053 ], [ 92.846690300000034, 20.143133856000077 ], [ 92.855235222000033, 20.130601304000038 ], [ 92.860362175000034, 20.124945380000042 ], [ 92.867686394000032, 20.122015692000048 ], [ 92.88054446700005, 20.123195705000057 ], [ 92.889414910000028, 20.127997137000079 ], [ 92.895030144000032, 20.133246161000045 ], [ 92.898448113000029, 20.135687567000048 ], [ 92.936045769000032, 20.211981512000079 ], [ 92.994802280000044, 20.286607164000088 ], [ 93.016286655000044, 20.32485586100006 ], [ 93.024912957000083, 20.368475653000075 ], [ 93.020030144000032, 20.424017645000049 ], [ 93.022634311000047, 20.452541408000059 ], [ 93.035655144000032, 20.475165106000077 ], [ 93.049082879000082, 20.491766669000071 ], [ 93.060313347000033, 20.513373114000046 ], [ 93.068695509000065, 20.535711981000077 ], [ 93.073252800000034, 20.554632880000042 ], [ 93.08562259200005, 20.532945054000038 ], [ 93.070567254000082, 20.496161200000074 ], [ 93.032237175000034, 20.43109772300005 ], [ 93.031016472000033, 20.409654039000088 ], [ 93.034190300000034, 20.38422272300005 ], [ 93.043223504000082, 20.364935614000046 ], [ 93.059580925000034, 20.362250067000048 ], [ 93.072520379000082, 20.376613674000055 ], [ 93.081879102000073, 20.416978257000039 ], [ 93.100433790000068, 20.43109772300005 ], [ 93.091319207000083, 20.381008205000057 ], [ 93.080821160000028, 20.358547268000052 ], [ 93.056162957000083, 20.349188544000071 ], [ 93.041270379000082, 20.332017320000091 ], [ 93.01880944100003, 20.25649648600006 ], [ 93.00123131600003, 20.239325262000079 ], [ 92.987478061000047, 20.186672268000052 ], [ 92.990489129000082, 20.15493398600006 ], [ 93.018565300000034, 20.149969794000071 ], [ 93.047373894000032, 20.167954820000091 ], [ 93.08920332100007, 20.210353908000059 ], [ 93.120941602000073, 20.21820709800005 ], [ 93.120941602000073, 20.211981512000079 ], [ 93.115489129000082, 20.202622789000088 ], [ 93.094248894000032, 20.149969794000071 ], [ 93.086924675000034, 20.149969794000071 ], [ 93.086680535000028, 20.156805731000077 ], [ 93.084971550000034, 20.161118882000039 ], [ 93.082692905000044, 20.165025132000039 ], [ 93.080088738000029, 20.170477606000077 ], [ 93.064707879000082, 20.14712148600006 ], [ 93.054453972000033, 20.134751695000091 ], [ 93.042491082000083, 20.129461981000077 ], [ 92.988291863000029, 20.124986070000091 ], [ 92.970225457000083, 20.129461981000077 ], [ 92.974131707000083, 20.117254950000074 ], [ 92.97592207100007, 20.087836005000042 ], [ 92.980723504000082, 20.077948309000078 ], [ 92.99154707100007, 20.067531643000052 ], [ 93.011729363000029, 20.040106512000079 ], [ 93.03842207100007, 20.012925523000035 ], [ 93.048675977000073, 19.994818427000041 ], [ 93.052744988000029, 19.968410549000055 ], [ 93.059418165000068, 19.951117255000042 ], [ 93.11264082100007, 19.874335028000075 ], [ 93.125010613000029, 19.846665757000039 ], [ 93.134532097000033, 19.834051825000074 ], [ 93.139414910000028, 19.831691799000055 ], [ 93.149180535000028, 19.828924872000073 ], [ 93.168793165000068, 19.807318427000041 ], [ 93.168955925000034, 19.809393622000073 ], [ 93.158946160000028, 19.82367584800005 ], [ 93.155772332000083, 19.827826239000046 ], [ 93.151133660000028, 19.830145575000074 ], [ 93.147308790000068, 19.833034572000088 ], [ 93.134532097000033, 19.84829336100006 ], [ 93.129893425000034, 19.862372137000079 ], [ 93.12435957100007, 19.893866278000075 ], [ 93.106130405000044, 19.930650132000039 ], [ 93.102061394000032, 19.964097398000035 ], [ 93.109141472000033, 19.993801174000055 ], [ 93.131521030000044, 20.00657786700009 ], [ 93.14812259200005, 19.994330145000049 ], [ 93.160655144000032, 19.96625397300005 ], [ 93.176280144000032, 19.916571356000077 ], [ 93.201426629000082, 19.862779039000088 ], [ 93.217621290000068, 19.837103583000044 ], [ 93.238291863000029, 19.820990302000041 ], [ 93.235850457000083, 19.847235419000071 ], [ 93.176280144000032, 19.957505601000037 ], [ 93.155772332000083, 20.026434637000079 ], [ 93.136729363000029, 20.05923086100006 ], [ 93.129893425000034, 20.075100002000056 ], [ 93.128428582000083, 20.094671942000048 ], [ 93.13607832100007, 20.081529039000088 ], [ 93.147471550000034, 20.070013739000046 ], [ 93.16138756600003, 20.060614325000074 ], [ 93.176280144000032, 20.053697007000039 ], [ 93.190277540000068, 20.064439195000091 ], [ 93.215179884000065, 20.05931224200009 ], [ 93.244639519000032, 20.049872137000079 ], [ 93.272471550000034, 20.04751211100006 ], [ 93.293955925000034, 20.054185289000088 ], [ 93.312754754000082, 20.065375067000048 ], [ 93.326508009000065, 20.081284898000035 ], [ 93.333832227000073, 20.10219961100006 ], [ 93.340668165000068, 20.10219961100006 ], [ 93.355967644000032, 20.038397528000075 ], [ 93.361827019000032, 20.026434637000079 ], [ 93.372080925000034, 20.030829169000071 ], [ 93.374522332000083, 20.050604559000078 ], [ 93.374847852000073, 20.08852773600006 ], [ 93.382334832000083, 20.08852773600006 ], [ 93.383962436000047, 20.064398505000042 ], [ 93.404470248000052, 20.012925523000035 ], [ 93.409678582000083, 19.98859284100007 ], [ 93.413584832000083, 19.977525132000039 ], [ 93.42318769600007, 19.965318101000037 ], [ 93.435313347000033, 19.95538971600007 ], [ 93.44654381600003, 19.951361395000049 ], [ 93.457041863000029, 19.954250393000052 ], [ 93.463226759000065, 19.961818752000056 ], [ 93.470469597000033, 19.984849351000037 ], [ 93.475433790000068, 19.979559637000079 ], [ 93.487315300000034, 19.970200914000088 ], [ 93.492198113000029, 19.964992580000057 ], [ 93.495860222000033, 19.977362372000073 ], [ 93.503428582000083, 19.986273505000042 ], [ 93.513682488000029, 19.993068752000056 ], [ 93.525645379000082, 19.999172268000052 ], [ 93.529551629000082, 19.992173570000091 ], [ 93.531911655000044, 19.984849351000037 ], [ 93.51685631600003, 19.98118724200009 ], [ 93.511973504000082, 19.970445054000038 ], [ 93.517100457000083, 19.958563544000071 ], [ 93.531911655000044, 19.951361395000049 ], [ 93.518321160000028, 19.939601955000057 ], [ 93.529063347000033, 19.930080471000053 ], [ 93.565928582000083, 19.916571356000077 ], [ 93.559580925000034, 19.912909247000073 ], [ 93.551605665000068, 19.905747789000088 ], [ 93.546722852000073, 19.902899481000077 ], [ 93.554698113000029, 19.893866278000075 ], [ 93.566742384000065, 19.885931708000044 ], [ 93.580739780000044, 19.881333726000037 ], [ 93.594004754000082, 19.882473049000055 ], [ 93.60084069100003, 19.888576565000051 ], [ 93.608409050000034, 19.906642971000053 ], [ 93.611338738000029, 19.910345770000049 ], [ 93.629161004000082, 19.909491278000075 ], [ 93.638194207000083, 19.910305080000057 ], [ 93.645518425000034, 19.913478908000059 ], [ 93.656504754000082, 19.916205145000049 ], [ 93.707530144000032, 19.916571356000077 ], [ 93.711599155000044, 19.919663804000038 ], [ 93.711680535000028, 19.933823960000041 ], [ 93.717539910000028, 19.937689520000049 ], [ 93.72624759200005, 19.936590887000079 ], [ 93.73365319100003, 19.932114976000037 ], [ 93.740000847000033, 19.925116278000075 ], [ 93.74537194100003, 19.916571356000077 ], [ 93.730479363000029, 19.914292710000041 ], [ 93.725596550000034, 19.905585028000075 ], [ 93.728770379000082, 19.893784898000035 ], [ 93.738047722000033, 19.882473049000055 ], [ 93.703949415000068, 19.885199286000045 ], [ 93.679942254000082, 19.883368231000077 ], [ 93.660655144000032, 19.870835679000038 ], [ 93.606455925000034, 19.796128648000035 ], [ 93.601410352000073, 19.783433335000041 ], [ 93.601410352000073, 19.718573309000078 ], [ 93.615570509000065, 19.723863023000035 ], [ 93.623301629000082, 19.733587958000044 ], [ 93.635508660000028, 19.759507554000038 ], [ 93.636241082000083, 19.73501211100006 ], [ 93.648448113000029, 19.725165106000077 ], [ 93.693532748000052, 19.724798895000049 ], [ 93.70248457100007, 19.734361070000091 ], [ 93.708832227000073, 19.753810940000051 ], [ 93.72193444100003, 19.76898834800005 ], [ 93.75163821700005, 19.765692450000074 ], [ 93.74187259200005, 19.754055080000057 ], [ 93.718760613000029, 19.74359772300005 ], [ 93.711273634000065, 19.731634833000044 ], [ 93.709483269000032, 19.71352773600006 ], [ 93.713145379000082, 19.697658596000053 ], [ 93.720957879000082, 19.685288804000038 ], [ 93.731211785000028, 19.677639065000051 ], [ 93.76107832100007, 19.674872137000079 ], [ 93.783864780000044, 19.691107489000046 ], [ 93.799164259000065, 19.717718817000048 ], [ 93.806813998000052, 19.745835679000038 ], [ 93.813161655000044, 19.739488023000035 ], [ 93.82740319100003, 19.718573309000078 ], [ 93.816172722000033, 19.703355210000041 ], [ 93.802500847000033, 19.688869533000059 ], [ 93.794444207000083, 19.673570054000038 ], [ 93.80005944100003, 19.656480210000041 ], [ 93.77865644600007, 19.662502346000053 ], [ 93.756114129000082, 19.661078192000048 ], [ 93.738454623000052, 19.651353257000039 ], [ 93.731211785000028, 19.632554429000038 ], [ 93.73959394600007, 19.61749909100007 ], [ 93.777191602000073, 19.603094794000071 ], [ 93.785655144000032, 19.591294664000088 ], [ 93.794444207000083, 19.571234442000048 ], [ 93.814707879000082, 19.55304596600007 ], [ 93.855235222000033, 19.52680084800005 ], [ 93.88209069100003, 19.501898505000042 ], [ 93.892425977000073, 19.498846747000073 ], [ 93.916026238000029, 19.498928127000056 ], [ 93.926768425000034, 19.497015692000048 ], [ 93.937266472000033, 19.492010809000078 ], [ 93.91920006600003, 19.484279690000051 ], [ 93.914561394000032, 19.472805080000057 ], [ 93.923838738000029, 19.462388414000088 ], [ 93.947113477000073, 19.457912502000056 ], [ 93.978363477000073, 19.463771877000056 ], [ 93.984385613000029, 19.464056708000044 ], [ 93.991058790000068, 19.457180080000057 ], [ 93.990244988000029, 19.449652411000045 ], [ 93.984385613000029, 19.437445380000042 ], [ 93.988047722000033, 19.40493398600006 ], [ 93.987315300000034, 19.386704820000091 ], [ 93.980967644000032, 19.372259833000044 ], [ 93.963877800000034, 19.348049221000053 ], [ 93.961436394000032, 19.346136786000045 ], [ 93.953135613000029, 19.343451239000046 ], [ 93.950205925000034, 19.341782945000091 ], [ 93.949066602000073, 19.337591864000046 ], [ 93.950938347000033, 19.325262762000079 ], [ 93.950205925000034, 19.320705471000053 ], [ 93.929942254000082, 19.299750067000048 ], [ 93.865489129000082, 19.254095770000049 ], [ 93.834239129000082, 19.238185940000051 ], [ 93.796885613000029, 19.235174872000073 ], [ 93.754649285000028, 19.247137762000079 ], [ 93.722911004000082, 19.268459377000056 ], [ 93.717539910000028, 19.293402411000045 ], [ 93.687510613000029, 19.296698309000078 ], [ 93.66529381600003, 19.305609442000048 ], [ 93.621348504000082, 19.334377346000053 ], [ 93.636973504000082, 19.34906647300005 ], [ 93.631114129000082, 19.372300523000035 ], [ 93.611338738000029, 19.403265692000048 ], [ 93.577159050000034, 19.403265692000048 ], [ 93.56804446700005, 19.406724351000037 ], [ 93.56381269600007, 19.414740302000041 ], [ 93.560394727000073, 19.423814195000091 ], [ 93.552989129000082, 19.430568752000056 ], [ 93.530121290000068, 19.432074286000045 ], [ 93.507823113000029, 19.42259349200009 ], [ 93.490896030000044, 19.407619533000059 ], [ 93.484141472000033, 19.392726955000057 ], [ 93.483246290000068, 19.350653387000079 ], [ 93.487071160000028, 19.333726304000038 ], [ 93.497813347000033, 19.31391022300005 ], [ 93.556407097000033, 19.238185940000051 ], [ 93.567149285000028, 19.23110586100006 ], [ 93.594004754000082, 19.176703192000048 ], [ 93.607432488000029, 19.162258205000057 ], [ 93.642344597000033, 19.13422272300005 ], [ 93.649180535000028, 19.118638414000088 ], [ 93.650889519000032, 19.108791408000059 ], [ 93.655039910000028, 19.097072658000059 ], [ 93.660411004000082, 19.085760809000078 ], [ 93.666270379000082, 19.077378648000035 ], [ 93.670909050000034, 19.066880601000037 ], [ 93.667735222000033, 19.043931382000039 ], [ 93.669688347000033, 19.032700914000088 ], [ 93.678884311000047, 19.019598700000074 ], [ 93.686045769000032, 19.01821523600006 ], [ 93.693532748000052, 19.020575262000079 ], [ 93.703868035000028, 19.018459377000056 ], [ 93.714854363000029, 19.010199286000045 ], [ 93.721202019000032, 19.001288153000075 ], [ 93.726735873000052, 18.991766669000071 ], [ 93.734629754000082, 18.98118724200009 ], [ 93.750254754000082, 18.970404364000046 ], [ 93.793955925000034, 18.953924872000073 ], [ 93.81373131600003, 18.94399648600006 ], [ 93.865733269000032, 18.895493882000039 ], [ 93.907399936000047, 18.881781317000048 ], [ 93.920258009000065, 18.867377020000049 ], [ 93.930430535000028, 18.858628648000035 ], [ 93.944102410000028, 18.868231512000079 ], [ 93.941905144000032, 18.86985911700009 ], [ 93.93913821700005, 18.876206773000035 ], [ 93.93718509200005, 18.883775132000039 ], [ 93.937266472000033, 18.889349677000041 ], [ 93.939300977000073, 18.890529690000051 ], [ 93.947927280000044, 18.894232489000046 ], [ 93.950205925000034, 18.895493882000039 ], [ 93.97388756600003, 18.922796942000048 ], [ 93.977549675000034, 18.933417059000078 ], [ 93.978688998000052, 18.941595770000049 ], [ 93.983409050000034, 18.956691799000055 ], [ 93.984385613000029, 18.967840887000079 ], [ 93.981211785000028, 18.980658270000049 ], [ 93.96452884200005, 19.001044012000079 ], [ 93.957774285000028, 19.012193101000037 ], [ 93.95248457100007, 19.032049872000073 ], [ 93.950205925000034, 19.098211981000077 ], [ 93.95240319100003, 19.109849351000037 ], [ 93.955577019000032, 19.118312893000052 ], [ 93.955414259000065, 19.126898505000042 ], [ 93.947113477000073, 19.139146226000037 ], [ 93.914886915000068, 19.169582424000055 ], [ 93.909922722000033, 19.176703192000048 ], [ 93.910411004000082, 19.190985419000071 ], [ 93.916026238000029, 19.203924872000073 ], [ 93.92546634200005, 19.210272528000075 ], [ 93.937266472000033, 19.204657294000071 ], [ 93.941172722000033, 19.194973049000055 ], [ 93.94263756600003, 19.169907945000091 ], [ 93.947113477000073, 19.159654039000088 ], [ 93.973480665000068, 19.146307684000078 ], [ 93.994395379000082, 19.159084377000056 ], [ 94.010427280000044, 19.17999909100007 ], [ 94.022227410000028, 19.190985419000071 ], [ 94.033376498000052, 19.20453522300005 ], [ 94.033213738000029, 19.23509349200009 ], [ 94.025238477000073, 19.28656647300005 ], [ 94.03060957100007, 19.315904039000088 ], [ 94.056976759000065, 19.363348700000074 ], [ 94.066905144000032, 19.38898346600007 ], [ 94.07390384200005, 19.373846747000073 ], [ 94.06967207100007, 19.350897528000075 ], [ 94.05990644600007, 19.329901434000078 ], [ 94.049978061000047, 19.320705471000053 ], [ 94.045909050000034, 19.304673570000091 ], [ 94.053233269000032, 19.221380927000041 ], [ 94.050547722000033, 19.208319403000075 ], [ 94.037364129000082, 19.181870835000041 ], [ 94.032725457000026, 19.169256903000075 ], [ 94.031911655000044, 19.153998114000046 ], [ 94.037852410000028, 19.13226959800005 ], [ 94.039073113000029, 19.122056382000039 ], [ 94.03443444100003, 19.105861721000053 ], [ 94.029063347000033, 19.095404364000046 ], [ 94.03052819100003, 19.087958075000074 ], [ 94.04656009200005, 19.081122137000079 ], [ 94.056651238000029, 19.080959377000056 ], [ 94.080088738000029, 19.08734772300005 ], [ 94.094248894000032, 19.08734772300005 ], [ 94.086924675000034, 19.080511786000045 ], [ 94.060069207000026, 19.063706773000035 ], [ 94.061696811000047, 19.057074286000045 ], [ 94.064463738000029, 19.049383856000077 ], [ 94.06609134200005, 19.042873440000051 ], [ 94.063487175000034, 19.040187893000052 ], [ 94.053233269000032, 19.022162177000041 ], [ 94.051036004000082, 19.014593817000048 ], [ 94.041188998000052, 18.997626044000071 ], [ 94.039073113000029, 18.984930731000077 ], [ 94.04037519600007, 18.971177476000037 ], [ 94.053233269000032, 18.936509507000039 ], [ 94.036631707000026, 18.918036200000074 ], [ 94.032074415000068, 18.888576565000051 ], [ 94.038096550000034, 18.859116929000038 ], [ 94.053233269000032, 18.840887762000079 ], [ 94.057139519000032, 18.843736070000091 ], [ 94.066905144000032, 18.848334052000041 ], [ 94.078461134000065, 18.833075262000079 ], [ 94.098399285000028, 18.82172272300005 ], [ 94.119639519000032, 18.816636460000041 ], [ 94.135101759000065, 18.820461330000057 ], [ 94.133311394000032, 18.831854559000078 ], [ 94.133555535000028, 18.846502997000073 ], [ 94.138194207000026, 18.86009349200009 ], [ 94.148936394000032, 18.868231512000079 ], [ 94.147308790000068, 18.839829820000091 ], [ 94.153086785000028, 18.82103099200009 ], [ 94.18295332100007, 18.785630601000037 ], [ 94.212412957000026, 18.741848049000055 ], [ 94.228037957000026, 18.735541083000044 ], [ 94.252452019000032, 18.752142645000049 ], [ 94.263682488000029, 18.745510158000059 ], [ 94.279307488000029, 18.738511460000041 ], [ 94.211599155000044, 18.725531317000048 ], [ 94.174571160000028, 18.725043036000045 ], [ 94.156423373000052, 18.738511460000041 ], [ 94.148936394000032, 18.738511460000041 ], [ 94.148936394000032, 18.731024481000077 ], [ 94.248789910000028, 18.638861395000049 ], [ 94.252940300000034, 18.627997137000079 ], [ 94.262217644000032, 18.545111395000049 ], [ 94.258962436000047, 18.535711981000077 ], [ 94.244965040000068, 18.539252020000049 ], [ 94.258962436000047, 18.509019273000092 ], [ 94.279633009000065, 18.480210679000038 ], [ 94.331065300000034, 18.425970770000049 ], [ 94.33920332100007, 18.410223700000074 ], [ 94.344004754000082, 18.39126211100006 ], [ 94.350596550000034, 18.375230210000041 ], [ 94.365489129000082, 18.36859772300005 ], [ 94.389659050000034, 18.362697658000059 ], [ 94.399587436000047, 18.348211981000077 ], [ 94.405284050000034, 18.330308335000041 ], [ 94.417002800000034, 18.313950914000088 ], [ 94.409027540000068, 18.308823960000041 ], [ 94.396983269000032, 18.291449286000045 ], [ 94.389170769000032, 18.286037502000056 ], [ 94.37859134200005, 18.287095445000091 ], [ 94.365896030000044, 18.298570054000038 ], [ 94.350271030000044, 18.292914130000042 ], [ 94.33920332100007, 18.305975653000075 ], [ 94.331065300000034, 18.303127346000053 ], [ 94.327972852000073, 18.295111395000049 ], [ 94.326182488000029, 18.281642971000053 ], [ 94.32585696700005, 18.267726955000057 ], [ 94.327647332000026, 18.258734442000048 ], [ 94.341563347000033, 18.24750397300005 ], [ 94.36060631600003, 18.246079820000091 ], [ 94.406504754000082, 18.251288153000075 ], [ 94.422862175000034, 18.24249909100007 ], [ 94.430186394000032, 18.222154039000088 ], [ 94.43677819100003, 18.18235911700009 ], [ 94.44109134200005, 18.17641836100006 ], [ 94.452321811000047, 18.165106512000079 ], [ 94.457855665000068, 18.15570709800005 ], [ 94.46062259200005, 18.144191799000055 ], [ 94.46062259200005, 18.132798570000091 ], [ 94.461924675000034, 18.121771552000041 ], [ 94.480967644000032, 18.094224351000037 ], [ 94.490570509000065, 18.072495835000041 ], [ 94.494883660000028, 18.048814195000091 ], [ 94.492198113000029, 18.025946356000077 ], [ 94.48178144600007, 18.015204169000071 ], [ 94.45085696700005, 18.002427476000037 ], [ 94.444346550000034, 17.988104559000078 ], [ 94.447438998000052, 17.973334052000041 ], [ 94.483409050000034, 17.902289130000042 ], [ 94.48951256600003, 17.876206773000092 ], [ 94.492198113000029, 17.816799221000053 ], [ 94.5, 17.792059903367392 ] ], [ [ 94.5, 17.173797928666591 ], [ 94.464691602000073, 17.189276434000078 ], [ 94.45435631600003, 17.180080471000053 ], [ 94.452647332000026, 17.166205145000049 ], [ 94.457774285000028, 17.15375397300005 ], [ 94.48568769600007, 17.141017971000053 ], [ 94.488780144000032, 17.124212958000044 ], [ 94.484141472000033, 17.105698960000041 ], [ 94.478363477000073, 17.093085028000075 ], [ 94.461924675000034, 17.069647528000075 ], [ 94.457855665000068, 17.059556382000039 ], [ 94.45671634200005, 17.050604559000078 ], [ 94.457774285000028, 16.982896226000037 ], [ 94.453868035000028, 16.965236721000053 ], [ 94.444346550000034, 16.949652411000045 ], [ 94.464691602000073, 16.949652411000045 ], [ 94.435313347000033, 16.910142320000091 ], [ 94.42318769600007, 16.901271877000056 ], [ 94.411875847000033, 16.90070221600007 ], [ 94.400645379000082, 16.904445705000057 ], [ 94.390635613000029, 16.906642971000053 ], [ 94.382334832000026, 16.901271877000056 ], [ 94.378916863000029, 16.886948960000041 ], [ 94.383474155000044, 16.872015692000048 ], [ 94.396494988000029, 16.846625067000048 ], [ 94.400645379000082, 16.830633856000077 ], [ 94.402679884000065, 16.788275458000044 ], [ 94.398448113000029, 16.775783596000053 ], [ 94.379649285000028, 16.755357164000088 ], [ 94.375498894000032, 16.740790106000077 ], [ 94.373383009000065, 16.729315497000073 ], [ 94.364431186000047, 16.701117255000042 ], [ 94.362315300000034, 16.68585846600007 ], [ 94.361989780000044, 16.63548411700009 ], [ 94.352061394000032, 16.61859772300005 ], [ 94.327647332000026, 16.606431382000039 ], [ 94.327647332000026, 16.60024648600006 ], [ 94.346202019000032, 16.59243398600006 ], [ 94.34896894600007, 16.578111070000091 ], [ 94.341319207000026, 16.548407294000071 ], [ 94.331065300000034, 16.528631903000075 ], [ 94.308604363000029, 16.527777411000045 ], [ 94.27312259200005, 16.538153387000079 ], [ 94.268321160000028, 16.527492580000057 ], [ 94.27312259200005, 16.466498114000046 ], [ 94.258636915000068, 16.38735586100006 ], [ 94.254079623000052, 16.379461981000077 ], [ 94.241709832000026, 16.366034247000073 ], [ 94.238129102000073, 16.360663153000075 ], [ 94.235362175000034, 16.34837474200009 ], [ 94.237803582000026, 16.273138739000046 ], [ 94.215098504000082, 16.15766022300005 ], [ 94.209239129000082, 16.044501044000071 ], [ 94.209808790000068, 16.028998114000046 ], [ 94.214610222000033, 16.014797268000052 ], [ 94.23951256600003, 15.976304429000038 ], [ 94.251475457000026, 15.968451239000046 ], [ 94.265635613000029, 15.975083726000037 ], [ 94.286631707000026, 15.99750397300005 ], [ 94.300791863000029, 15.989732164000088 ], [ 94.321462436000047, 15.989935614000046 ], [ 94.340017123000052, 15.996242580000057 ], [ 94.347992384000065, 16.007147528000075 ], [ 94.351328972000033, 16.034369208000044 ], [ 94.36060631600003, 16.049261786000045 ], [ 94.375743035000028, 16.056057033000059 ], [ 94.396494988000029, 16.058986721000053 ], [ 94.428070509000065, 16.074164130000042 ], [ 94.455577019000032, 16.105617580000057 ], [ 94.5, 16.178156371289354 ] ] ] } },
{ "type": "Feature", "properties": { "featurecla": "Coastline", "scalerank": 0, "min_zoom": 0.0 }, "geometry": { "type": "LineString", "coordinates": [ [ 67.219467845505321, 24.5 ], [ 67.230723504000082, 24.488836981000077 ], [ 67.246836785000085, 24.467962958000044 ], [ 67.256846550000034, 24.444973049000055 ], [ 67.258799675000034, 24.419094143000052 ], [ 67.273610873000052, 24.426947333000044 ], [ 67.28052819100003, 24.432318427000041 ], [ 67.286631707000083, 24.439520575000074 ], [ 67.273610873000052, 24.395086981000077 ], [ 67.271657748000052, 24.369086005000042 ], [ 67.282969597000033, 24.357611395000049 ], [ 67.325368686000047, 24.357611395000049 ], [ 67.342539910000085, 24.35382721600007 ], [ 67.362478061000047, 24.343939520000049 ], [ 67.336436394000032, 24.34642161700009 ], [ 67.30591881600003, 24.342840887000079 ], [ 67.285980665000068, 24.329575914000088 ], [ 67.292816602000073, 24.302964585000041 ], [ 67.289317254000082, 24.298651434000078 ], [ 67.283864780000044, 24.287909247000073 ], [ 67.279144727000073, 24.281236070000091 ], [ 67.28842207100007, 24.269964911000045 ], [ 67.29232832100007, 24.261867580000057 ], [ 67.293304884000065, 24.212225653000075 ], [ 67.295583530000044, 24.199204820000091 ], [ 67.300303582000083, 24.18626536700009 ], [ 67.326426629000082, 24.143784898000035 ], [ 67.337087436000047, 24.118963934000078 ], [ 67.341319207000083, 24.086371161000045 ], [ 67.354014519000032, 24.070868231000077 ], [ 67.383555535000085, 24.066799221000053 ], [ 67.44068444100003, 24.070257880000042 ], [ 67.467295769000032, 24.064154364000046 ], [ 67.489105665000068, 24.054103908000059 ], [ 67.509776238000086, 24.052069403000075 ], [ 67.533050977000073, 24.070257880000042 ], [ 67.529795769000032, 24.054917710000041 ], [ 67.519867384000065, 24.045070705000057 ], [ 67.492198113000086, 24.028021552000041 ], [ 67.47820071700005, 24.032416083000044 ], [ 67.46810957100007, 24.021958726000037 ], [ 67.451182488000086, 23.987697658000059 ], [ 67.463633660000085, 23.982001044000071 ], [ 67.506358269000032, 23.974025783000059 ], [ 67.499766472000033, 23.951646226000037 ], [ 67.496918165000068, 23.935614325000074 ], [ 67.498871290000068, 23.925604559000078 ], [ 67.50904381600003, 23.923244533000059 ], [ 67.519867384000065, 23.928290106000077 ], [ 67.53052819100003, 23.935492255000042 ], [ 67.540537957000083, 23.939276434000078 ], [ 67.532237175000034, 23.92914459800005 ], [ 67.520518425000034, 23.907049872000073 ], [ 67.512543165000068, 23.898260809000078 ], [ 67.502614780000044, 23.89288971600007 ], [ 67.495290561000047, 23.892279364000046 ], [ 67.488047722000033, 23.893052476000037 ], [ 67.478526238000086, 23.891506252000056 ], [ 67.491058790000068, 23.88312409100007 ], [ 67.546641472000033, 23.870998440000051 ], [ 67.535899285000085, 23.880031643000052 ], [ 67.530121290000068, 23.89126211100006 ], [ 67.53256269600007, 23.89915599200009 ], [ 67.546641472000033, 23.898260809000078 ], [ 67.558116082000083, 23.888657945000091 ], [ 67.56609134200005, 23.876450914000088 ], [ 67.574554884000065, 23.871771552000041 ], [ 67.588389519000032, 23.884670315000051 ], [ 67.589366082000083, 23.866522528000075 ], [ 67.599619988000086, 23.85423411700009 ], [ 67.61451256600003, 23.850083726000037 ], [ 67.629242384000065, 23.856675523000035 ], [ 67.637380405000044, 23.874253648000035 ], [ 67.63803144600007, 23.915920315000051 ], [ 67.650401238000086, 23.93305084800005 ], [ 67.651215040000068, 23.929754950000074 ], [ 67.651052280000044, 23.926906643000052 ], [ 67.65202884200005, 23.925279039000088 ], [ 67.656586134000065, 23.925604559000078 ], [ 67.656586134000065, 23.91937897300005 ], [ 67.651052280000044, 23.907049872000073 ], [ 67.642914259000065, 23.850490627000056 ], [ 67.638845248000052, 23.840643622000073 ], [ 67.634287957000083, 23.833075262000079 ], [ 67.630707227000073, 23.824774481000077 ], [ 67.629242384000065, 23.812648830000057 ], [ 67.631602410000085, 23.80345286700009 ], [ 67.637705925000034, 23.801743882000039 ], [ 67.646494988000086, 23.802883205000057 ], [ 67.656586134000065, 23.802069403000075 ], [ 67.693614129000082, 23.793443101000037 ], [ 67.715668165000068, 23.791693427000041 ], [ 67.732269727000073, 23.79523346600007 ], [ 67.743662957000083, 23.808783270000049 ], [ 67.741058790000068, 23.823065497000073 ], [ 67.730723504000082, 23.835598049000055 ], [ 67.718597852000073, 23.843695380000042 ], [ 67.773203972000033, 23.821112372000073 ], [ 67.802582227000073, 23.81281159100007 ], [ 67.83171634200005, 23.809515692000048 ], [ 67.839040561000047, 23.823391018000052 ], [ 67.849131707000083, 23.889471747000073 ], [ 67.855235222000033, 23.911932684000078 ], [ 67.863291863000086, 23.902818101000037 ], [ 67.86451256600003, 23.865790106000077 ], [ 67.868907097000033, 23.850490627000056 ], [ 67.883474155000044, 23.864813544000071 ], [ 67.89193769600007, 23.869574286000045 ], [ 67.899912957000083, 23.867580471000053 ], [ 67.90593509200005, 23.859279690000051 ], [ 67.904633009000065, 23.846258856000077 ], [ 67.909922722000033, 23.83624909100007 ], [ 67.916758660000085, 23.833644924000055 ], [ 67.926036004000082, 23.834051825000074 ], [ 67.934255405000044, 23.832993882000039 ], [ 67.937754754000082, 23.826320705000057 ], [ 67.941661004000082, 23.81586334800005 ], [ 67.95085696700005, 23.80890534100007 ], [ 67.961924675000034, 23.804673570000091 ], [ 67.97193444100003, 23.802069403000075 ], [ 67.973399285000085, 23.805243231000077 ], [ 67.983164910000085, 23.809637762000079 ], [ 67.994151238000086, 23.81118398600006 ], [ 67.99927819100003, 23.805812893000052 ], [ 68.000336134000065, 23.797308661000045 ], [ 68.003428582000083, 23.785305080000057 ], [ 68.007985873000052, 23.774237372000073 ], [ 68.013519727000073, 23.768540757000039 ], [ 68.024424675000034, 23.774603583000044 ], [ 68.035655144000032, 23.79242584800005 ], [ 68.053884311000047, 23.829413153000075 ], [ 68.041514519000032, 23.852240302000041 ], [ 68.013519727000073, 23.939276434000078 ], [ 68.024180535000085, 23.935248114000046 ], [ 68.047699415000068, 23.921210028000075 ], [ 68.06373131600003, 23.923163153000075 ], [ 68.061696811000047, 23.911281643000052 ], [ 68.053884311000047, 23.884670315000051 ], [ 68.059418165000068, 23.861883856000077 ], [ 68.072520379000082, 23.841864325000074 ], [ 68.088389519000032, 23.826076565000051 ], [ 68.102224155000044, 23.815741278000075 ], [ 68.102224155000044, 23.809515692000048 ], [ 68.088226759000065, 23.809515692000048 ], [ 68.08171634200005, 23.805650132000039 ], [ 68.074392123000052, 23.788397528000075 ], [ 68.073252800000034, 23.783433335000041 ], [ 68.074392123000052, 23.764837958000044 ], [ 68.071055535000085, 23.760646877000056 ], [ 68.056976759000065, 23.750962632000039 ], [ 68.053884311000047, 23.743719794000071 ], [ 68.062754754000082, 23.723130601000037 ], [ 68.08171634200005, 23.708685614000046 ], [ 68.09888756600003, 23.70929596600007 ], [ 68.102224155000044, 23.73383209800005 ], [ 68.130381707000083, 23.708197333000044 ], [ 68.149099155000044, 23.694525458000044 ], [ 68.15748131600003, 23.696234442000048 ], [ 68.154795769000032, 23.71430084800005 ], [ 68.14421634200005, 23.743150132000039 ], [ 68.143321160000085, 23.761135158000059 ], [ 68.148692254000082, 23.780910549000055 ], [ 68.166758660000085, 23.820013739000046 ], [ 68.170583530000044, 23.839911200000074 ], [ 68.168711785000085, 23.844794012000079 ], [ 68.160166863000086, 23.857855536000045 ], [ 68.15748131600003, 23.864162502000056 ], [ 68.156423373000052, 23.874009507000039 ], [ 68.15748131600003, 23.905096747000073 ], [ 68.183116082000083, 23.843451239000046 ], [ 68.183034701000054, 23.84210846600007 ], [ 68.182465040000068, 23.835760809000078 ], [ 68.179698113000086, 23.827460028000075 ], [ 68.175629102000073, 23.798244533000059 ], [ 68.166026238000086, 23.773179429000038 ], [ 68.16374759200005, 23.757717190000051 ], [ 68.168142123000052, 23.747463283000059 ], [ 68.178233269000032, 23.754299221000053 ], [ 68.197764519000032, 23.774807033000059 ], [ 68.197927280000044, 23.753404039000088 ], [ 68.195811394000032, 23.733465887000079 ], [ 68.197520379000082, 23.714544989000046 ], [ 68.208750847000033, 23.696234442000048 ], [ 68.224864129000082, 23.681870835000041 ], [ 68.240977410000085, 23.674017645000049 ], [ 68.258962436000047, 23.674709377000056 ], [ 68.280446811000047, 23.685980536000045 ], [ 68.275889519000032, 23.665838934000078 ], [ 68.261892123000052, 23.661444403000075 ], [ 68.245127800000034, 23.659125067000048 ], [ 68.232676629000082, 23.645005601000037 ], [ 68.22006269600007, 23.659247137000079 ], [ 68.209320509000065, 23.66274648600006 ], [ 68.198090040000068, 23.659084377000056 ], [ 68.184255405000044, 23.651922919000071 ], [ 68.181895379000082, 23.647853908000059 ], [ 68.178233269000032, 23.634344794000071 ], [ 68.174327019000032, 23.631415106000077 ], [ 68.154144727000073, 23.632310289000088 ], [ 68.15007571700005, 23.631415106000077 ], [ 68.143402540000068, 23.612697658000059 ], [ 68.157399936000047, 23.600816148000035 ], [ 68.181407097000033, 23.59406159100007 ], [ 68.230804884000065, 23.588080145000049 ], [ 68.294118686000047, 23.590399481000077 ], [ 68.308116082000083, 23.589056708000044 ], [ 68.31763756600003, 23.586127020000049 ], [ 68.327321811000047, 23.586900132000039 ], [ 68.341970248000052, 23.596625067000048 ], [ 68.34888756600003, 23.603420315000051 ], [ 68.353037957000083, 23.610663153000075 ], [ 68.351573113000086, 23.61782461100006 ], [ 68.341970248000052, 23.623968817000048 ], [ 68.410817905000044, 23.700506903000075 ], [ 68.427744988000086, 23.71430084800005 ], [ 68.449717644000032, 23.723334052000041 ], [ 68.472829623000052, 23.737494208000044 ], [ 68.510020379000082, 23.744086005000042 ], [ 68.52475019600007, 23.752020575000074 ], [ 68.53834069100003, 23.761297919000071 ], [ 68.554698113000086, 23.768540757000039 ], [ 68.587738477000073, 23.77570221600007 ], [ 68.59888756600003, 23.78188711100006 ], [ 68.609385613000086, 23.79523346600007 ], [ 68.623057488000086, 23.824408270000049 ], [ 68.633474155000044, 23.833075262000079 ], [ 68.654063347000033, 23.83624909100007 ], [ 68.691905144000032, 23.83665599200009 ], [ 68.717784050000034, 23.841009833000044 ], [ 68.740244988000086, 23.853461005000042 ], [ 68.76693769600007, 23.878404039000088 ], [ 68.780039910000085, 23.874090887000079 ], [ 68.805674675000034, 23.884426174000055 ], [ 68.82162519600007, 23.878404039000088 ], [ 68.76880944100003, 23.841131903000075 ], [ 68.756521030000044, 23.83624909100007 ], [ 68.745127800000034, 23.833075262000079 ], [ 68.725596550000034, 23.818915106000077 ], [ 68.715586785000085, 23.815741278000075 ], [ 68.680186394000032, 23.817775783000059 ], [ 68.670746290000068, 23.815741278000075 ], [ 68.654551629000082, 23.799058335000041 ], [ 68.637868686000047, 23.761542059000078 ], [ 68.601735873000052, 23.74868398600006 ], [ 68.583506707000083, 23.735296942000048 ], [ 68.554698113000086, 23.70648834800005 ], [ 68.538828972000033, 23.684027411000045 ], [ 68.533539259000065, 23.679185289000088 ], [ 68.523936394000032, 23.675930080000057 ], [ 68.504730665000068, 23.674221096000053 ], [ 68.488942905000044, 23.66478099200009 ], [ 68.469411655000044, 23.659247137000079 ], [ 68.465505405000044, 23.655259507000039 ], [ 68.468760613000086, 23.640814520000049 ], [ 68.476898634000065, 23.639349677000041 ], [ 68.486175977000073, 23.641424872000073 ], [ 68.492686394000032, 23.637600002000056 ], [ 68.49146569100003, 23.618841864000046 ], [ 68.471527540000068, 23.618638414000088 ], [ 68.427500847000033, 23.631415106000077 ], [ 68.408864780000044, 23.621323960000041 ], [ 68.404958530000044, 23.597601630000042 ], [ 68.410817905000044, 23.548814195000091 ], [ 68.406097852000073, 23.508734442000048 ], [ 68.411631707000083, 23.494696356000077 ], [ 68.431162957000083, 23.49359772300005 ], [ 68.44695071700005, 23.502997137000079 ], [ 68.447438998000052, 23.51634349200009 ], [ 68.441416863000086, 23.532049872000073 ], [ 68.437347852000073, 23.548814195000091 ], [ 68.444021030000044, 23.541205145000049 ], [ 68.454112175000034, 23.526271877000056 ], [ 68.45866946700005, 23.521470445000091 ], [ 68.46802819100003, 23.51984284100007 ], [ 68.475596550000034, 23.524115302000041 ], [ 68.481293165000068, 23.525132554000038 ], [ 68.485850457000083, 23.514105536000045 ], [ 68.465586785000085, 23.505275783000059 ], [ 68.447438998000052, 23.487453518000052 ], [ 68.43295332100007, 23.465887762000079 ], [ 68.423675977000073, 23.445786851000037 ], [ 68.43091881600003, 23.436590887000079 ], [ 68.440440300000034, 23.434271552000041 ], [ 68.451914910000085, 23.437730210000041 ], [ 68.465505405000044, 23.445786851000037 ], [ 68.461110873000052, 23.433172919000071 ], [ 68.458832227000073, 23.419826565000051 ], [ 68.46257571700005, 23.409125067000048 ], [ 68.475352410000085, 23.404852606000077 ], [ 68.490489129000082, 23.409328518000052 ], [ 68.496429884000065, 23.417873440000051 ], [ 68.501475457000083, 23.42328522300005 ], [ 68.513194207000083, 23.418524481000077 ], [ 68.522146030000044, 23.424750067000048 ], [ 68.530121290000068, 23.425685940000051 ], [ 68.53638756600003, 23.42133209800005 ], [ 68.541026238000086, 23.411688544000071 ], [ 68.529551629000082, 23.411932684000078 ], [ 68.52076256600003, 23.407538153000075 ], [ 68.515147332000083, 23.399318752000056 ], [ 68.513194207000083, 23.388088283000059 ], [ 68.515147332000083, 23.377020575000074 ], [ 68.520681186000047, 23.369208075000074 ], [ 68.529470248000052, 23.363104559000078 ], [ 68.541026238000086, 23.357001044000071 ], [ 68.543142123000052, 23.358587958000044 ], [ 68.54851321700005, 23.361517645000049 ], [ 68.555186394000032, 23.363959052000041 ], [ 68.561045769000032, 23.36391836100006 ], [ 68.56373131600003, 23.359930731000077 ], [ 68.566661004000082, 23.35297272300005 ], [ 68.571055535000085, 23.346380927000041 ], [ 68.578379754000082, 23.343410549000055 ], [ 68.592051629000082, 23.340073960000041 ], [ 68.603037957000083, 23.332831122000073 ], [ 68.606944207000083, 23.325588283000059 ], [ 68.599131707000083, 23.322251695000091 ], [ 68.568532748000052, 23.318426825000074 ], [ 68.561045769000032, 23.316107489000046 ], [ 68.541026238000086, 23.278225002000056 ], [ 68.552256707000083, 23.259711005000042 ], [ 68.57781009200005, 23.255275783000059 ], [ 68.605316602000073, 23.259588934000078 ], [ 68.623057488000086, 23.267645575000074 ], [ 68.623220248000052, 23.25617096600007 ], [ 68.620127800000034, 23.245428778000075 ], [ 68.609385613000086, 23.226711330000057 ], [ 68.598317905000044, 23.23696523600006 ], [ 68.595713738000086, 23.240383205000057 ], [ 68.599945509000065, 23.225043036000045 ], [ 68.609141472000033, 23.206773179000038 ], [ 68.622569207000083, 23.191555080000057 ], [ 68.64966881600003, 23.180853583000044 ], [ 68.651133660000085, 23.171454169000071 ], [ 68.650645379000082, 23.162054755000042 ], [ 68.654063347000033, 23.157782294000071 ], [ 68.660655144000032, 23.154242255000042 ], [ 68.691254102000073, 23.130519924000055 ], [ 68.866221550000034, 23.019964911000045 ], [ 69.039886915000068, 22.950506903000075 ], [ 69.135590040000068, 22.888373114000046 ], [ 69.201914910000085, 22.852240302000041 ], [ 69.238780144000032, 22.841945705000057 ], [ 69.338145379000082, 22.833075262000079 ], [ 69.372569207000083, 22.81899648600006 ], [ 69.40593509200005, 22.813666083000044 ], [ 69.424652540000068, 22.804266669000071 ], [ 69.472178582000083, 22.794663804000038 ], [ 69.477305535000085, 22.792059637000079 ], [ 69.482595248000052, 22.788478908000059 ], [ 69.489431186000047, 22.784735419000071 ], [ 69.500010613000086, 22.781683661000045 ], [ 69.510752800000034, 22.780503648000035 ], [ 69.544444207000083, 22.781683661000045 ], [ 69.556976759000065, 22.778509833000044 ], [ 69.575694207000083, 22.764349677000041 ], [ 69.585703972000033, 22.76117584800005 ], [ 69.653819207000083, 22.76048411700009 ], [ 69.694346550000034, 22.749701239000046 ], [ 69.715830925000034, 22.746893622000073 ], [ 69.728851759000065, 22.754828192000048 ], [ 69.760101759000065, 22.808335679000038 ], [ 69.780121290000068, 22.827460028000075 ], [ 69.806813998000052, 22.845282294000071 ], [ 69.833181186000047, 22.858465887000079 ], [ 69.85287519600007, 22.86359284100007 ], [ 69.884287957000083, 22.86782461100006 ], [ 69.94068444100003, 22.886135158000059 ], [ 69.996918165000068, 22.893784898000035 ], [ 70.06177819100003, 22.918198960000041 ], [ 70.120127800000034, 22.925034898000035 ], [ 70.135427280000044, 22.92999909100007 ], [ 70.132334832000083, 22.941066799000055 ], [ 70.12045332100007, 22.95258209800005 ], [ 70.109548373000052, 22.959173895000049 ], [ 70.130625847000033, 22.993963934000078 ], [ 70.12623131600003, 22.984808661000045 ], [ 70.125010613000086, 22.975978908000059 ], [ 70.129079623000052, 22.969305731000077 ], [ 70.140635613000086, 22.966620184000078 ], [ 70.147471550000034, 22.966050523000035 ], [ 70.14966881600003, 22.96430084800005 ], [ 70.150726759000065, 22.961004950000074 ], [ 70.154307488000086, 22.956040757000039 ], [ 70.163096550000034, 22.948960679000038 ], [ 70.167735222000033, 22.949123440000051 ], [ 70.171722852000073, 22.951971747000073 ], [ 70.178477410000085, 22.953029690000051 ], [ 70.204112175000034, 22.952215887000079 ], [ 70.22201582100007, 22.959173895000049 ], [ 70.231944207000083, 22.97492096600007 ], [ 70.233083530000044, 23.000148830000057 ], [ 70.24968509200005, 22.987453518000052 ], [ 70.258311394000032, 22.971869208000044 ], [ 70.269297722000033, 22.958563544000071 ], [ 70.291758660000085, 22.953029690000051 ], [ 70.293630405000044, 22.951402085000041 ], [ 70.30005944100003, 22.944281317000048 ], [ 70.303477410000085, 22.93813711100006 ], [ 70.308767123000052, 22.93976471600007 ], [ 70.314626498000052, 22.943508205000057 ], [ 70.319102410000085, 22.945502020000049 ], [ 70.325694207000083, 22.945013739000046 ], [ 70.330414259000065, 22.943304755000042 ], [ 70.334483269000032, 22.940130927000041 ], [ 70.33952884200005, 22.935288804000038 ], [ 70.346690300000034, 22.931301174000055 ], [ 70.352386915000068, 22.93305084800005 ], [ 70.357676629000082, 22.936712958000044 ], [ 70.363536004000082, 22.938706773000035 ], [ 70.384532097000033, 22.938869533000059 ], [ 70.392425977000073, 22.94086334800005 ], [ 70.398773634000065, 22.945502020000049 ], [ 70.40162194100003, 22.95384349200009 ], [ 70.403493686000047, 22.967840887000079 ], [ 70.403819207000083, 22.98187897300005 ], [ 70.40202884200005, 22.990220445000091 ], [ 70.401866082000083, 22.999253648000035 ], [ 70.410980665000068, 23.023179429000038 ], [ 70.404470248000052, 23.033351955000057 ], [ 70.401052280000044, 23.045396226000037 ], [ 70.398936394000032, 23.059068101000037 ], [ 70.398773634000065, 23.069037177000041 ], [ 70.410655144000032, 23.086004950000074 ], [ 70.450938347000033, 23.105658270000049 ], [ 70.459646030000044, 23.11399974200009 ], [ 70.467133009000065, 23.129706122000073 ], [ 70.484222852000073, 23.122137762000079 ], [ 70.502940300000034, 23.104396877000056 ], [ 70.51490319100003, 23.089544989000046 ], [ 70.523692254000082, 23.070379950000074 ], [ 70.528493686000047, 23.047064520000049 ], [ 70.527191602000073, 23.023586330000057 ], [ 70.517914259000065, 23.003892320000091 ], [ 70.512380405000044, 22.995347398000035 ], [ 70.504730665000068, 22.979559637000079 ], [ 70.497569207000083, 22.970038153000075 ], [ 70.486338738000086, 22.963690497000073 ], [ 70.47429446700005, 22.964056708000044 ], [ 70.462738477000073, 22.966538804000038 ], [ 70.453379754000082, 22.966620184000078 ], [ 70.43685957100007, 22.954901434000078 ], [ 70.404633009000065, 22.919501044000071 ], [ 70.387705925000034, 22.912014065000051 ], [ 70.375254754000082, 22.90265534100007 ], [ 70.342946811000047, 22.843166408000059 ], [ 70.32545006600003, 22.826320705000057 ], [ 70.322520379000082, 22.822658596000053 ], [ 70.32154381600003, 22.811712958000044 ], [ 70.323252800000034, 22.787665106000077 ], [ 70.319102410000085, 22.778265692000048 ], [ 70.26726321700005, 22.705959377000056 ], [ 70.234873894000032, 22.648871161000045 ], [ 70.207286004000082, 22.614976304000038 ], [ 70.189707879000082, 22.577785549000055 ], [ 70.178477410000085, 22.56195709800005 ], [ 70.144704623000052, 22.547796942000048 ], [ 70.059092644000032, 22.558417059000078 ], [ 70.02084394600007, 22.555121161000045 ], [ 70.002696160000085, 22.543158270000049 ], [ 69.996267123000052, 22.541449286000045 ], [ 69.97388756600003, 22.539984442000048 ], [ 69.972992384000065, 22.541449286000045 ], [ 69.962087436000047, 22.535345770000049 ], [ 69.905284050000034, 22.486395575000074 ], [ 69.884776238000086, 22.473578192000048 ], [ 69.863780144000032, 22.465765692000048 ], [ 69.851084832000083, 22.465236721000053 ], [ 69.841807488000086, 22.466376044000071 ], [ 69.83326256600003, 22.463812567000048 ], [ 69.822276238000086, 22.452093817000048 ], [ 69.816905144000032, 22.440985419000071 ], [ 69.812998894000032, 22.429510809000078 ], [ 69.806976759000065, 22.420965887000079 ], [ 69.794932488000086, 22.41860586100006 ], [ 69.78874759200005, 22.423163153000075 ], [ 69.742198113000086, 22.47296784100007 ], [ 69.733409050000034, 22.480047919000071 ], [ 69.725352410000085, 22.464544989000046 ], [ 69.708994988000086, 22.418890692000048 ], [ 69.699392123000052, 22.404282945000091 ], [ 69.694509311000047, 22.403957424000055 ], [ 69.680837436000047, 22.40961334800005 ], [ 69.674652540000068, 22.411078192000048 ], [ 69.669444207000083, 22.409247137000079 ], [ 69.665212436000047, 22.404974677000041 ], [ 69.661306186000047, 22.400213934000078 ], [ 69.657725457000083, 22.396877346000053 ], [ 69.652354363000086, 22.389878648000035 ], [ 69.647227410000085, 22.380438544000071 ], [ 69.640391472000033, 22.375962632000039 ], [ 69.629730665000068, 22.383775132000039 ], [ 69.619883660000085, 22.371039130000042 ], [ 69.617442254000082, 22.365057684000078 ], [ 69.616058790000068, 22.355902411000045 ], [ 69.601084832000083, 22.363836981000077 ], [ 69.569021030000044, 22.37055084800005 ], [ 69.554698113000086, 22.377630927000041 ], [ 69.561696811000047, 22.391587632000039 ], [ 69.55982506600003, 22.411525783000059 ], [ 69.547862175000034, 22.452093817000048 ], [ 69.541026238000086, 22.452093817000048 ], [ 69.530772332000083, 22.446112372000073 ], [ 69.521983269000032, 22.448919989000046 ], [ 69.515961134000065, 22.448146877000056 ], [ 69.513682488000086, 22.431586005000042 ], [ 69.51693769600007, 22.416083075000074 ], [ 69.52279707100007, 22.403876044000071 ], [ 69.525645379000082, 22.392075914000088 ], [ 69.519867384000065, 22.377630927000041 ], [ 69.515147332000083, 22.375189520000049 ], [ 69.508555535000085, 22.374253648000035 ], [ 69.502696160000085, 22.372259833000044 ], [ 69.500010613000086, 22.366766669000071 ], [ 69.485362175000034, 22.347560940000051 ], [ 69.479665561000047, 22.342230536000045 ], [ 69.468923373000052, 22.337836005000042 ], [ 69.435394727000073, 22.33038971600007 ], [ 69.359873894000032, 22.329169012000079 ], [ 69.346446160000085, 22.324896552000041 ], [ 69.335703972000033, 22.306138414000088 ], [ 69.28646894600007, 22.28461334800005 ], [ 69.212087436000047, 22.273911851000037 ], [ 69.212087436000047, 22.281398830000057 ], [ 69.190440300000034, 22.292303778000075 ], [ 69.173838738000086, 22.308294989000046 ], [ 69.169688347000033, 22.327948309000078 ], [ 69.185313347000033, 22.349676825000074 ], [ 69.182139519000032, 22.366441148000035 ], [ 69.205739780000044, 22.398667710000041 ], [ 69.202159050000034, 22.414862372000073 ], [ 69.188243035000085, 22.42641836100006 ], [ 69.178558790000068, 22.427639065000051 ], [ 69.168793165000068, 22.42064036700009 ], [ 69.154633009000065, 22.407700914000088 ], [ 69.146983269000032, 22.404852606000077 ], [ 69.139821811000047, 22.407131252000056 ], [ 69.132009311000047, 22.41046784100007 ], [ 69.12273196700005, 22.411078192000048 ], [ 69.113780144000032, 22.407863674000055 ], [ 69.097422722000033, 22.398871161000045 ], [ 69.088552280000044, 22.396877346000053 ], [ 69.071787957000083, 22.399481512000079 ], [ 69.062266472000033, 22.407700914000088 ], [ 69.04818769600007, 22.431586005000042 ], [ 69.05600019600007, 22.441839911000045 ], [ 69.074473504000082, 22.449448960000041 ], [ 69.082286004000082, 22.459540106000077 ], [ 69.08521569100003, 22.472886460000041 ], [ 69.08139082100007, 22.480536200000074 ], [ 69.07357832100007, 22.48187897300005 ], [ 69.047536655000044, 22.464016018000052 ], [ 69.00749759200005, 22.443182684000078 ], [ 68.992930535000085, 22.431586005000042 ], [ 68.983246290000068, 22.41937897300005 ], [ 68.974375847000033, 22.404730536000045 ], [ 68.967621290000068, 22.387193101000037 ], [ 68.965017123000052, 22.366766669000071 ], [ 68.96062259200005, 22.349514065000051 ], [ 68.951426629000082, 22.334865627000056 ], [ 68.944021030000044, 22.318264065000051 ], [ 68.94459069100003, 22.295070705000057 ], [ 68.953298373000052, 22.27602773600006 ], [ 68.980479363000086, 22.235541083000044 ], [ 68.994151238000086, 22.203924872000073 ], [ 69.012543165000068, 22.185614325000074 ], [ 69.04818769600007, 22.157904364000046 ], [ 69.092051629000082, 22.099595445000091 ], [ 69.103037957000083, 22.076361395000049 ], [ 69.119313998000052, 22.062079169000071 ], [ 69.150645379000082, 22.041205145000049 ], [ 69.198415561000047, 21.979722398000035 ], [ 69.21225019600007, 21.967474677000041 ], [ 69.243907097000033, 21.94594961100006 ], [ 69.336192254000082, 21.862453518000052 ], [ 69.355479363000086, 21.853176174000055 ], [ 69.367849155000044, 21.85610586100006 ], [ 69.390879754000082, 21.876695054000038 ], [ 69.395192905000044, 21.861314195000091 ], [ 69.391774936000047, 21.832180080000057 ], [ 69.39771569100003, 21.815252997000073 ], [ 69.42741946700005, 21.781236070000091 ], [ 69.446299675000034, 21.766302802000041 ], [ 69.478526238000086, 21.752630927000041 ], [ 69.49935957100007, 21.720200914000088 ], [ 69.519786004000082, 21.704779364000046 ], [ 69.552744988000086, 21.665187893000052 ], [ 69.568207227000073, 21.650132554000038 ], [ 69.629730665000068, 21.616034247000073 ], [ 69.756358269000032, 21.490423895000049 ], [ 69.771494988000086, 21.478420315000051 ], [ 69.78874759200005, 21.469305731000077 ], [ 69.808604363000086, 21.465806382000039 ], [ 69.814707879000082, 21.433661200000074 ], [ 69.84498131600003, 21.389593817000048 ], [ 69.911631707000083, 21.315008856000077 ], [ 69.95826256600003, 21.273342190000051 ], [ 69.96615644600007, 21.263413804000038 ], [ 69.971202019000032, 21.254136460000041 ], [ 70.057627800000034, 21.149237372000073 ], [ 70.152191602000073, 21.078517971000053 ], [ 70.263519727000073, 20.980414130000042 ], [ 70.299978061000047, 20.958563544000071 ], [ 70.336680535000085, 20.927069403000075 ], [ 70.398773634000065, 20.903509833000044 ], [ 70.417002800000034, 20.890448309000078 ], [ 70.451426629000082, 20.855902411000045 ], [ 70.463063998000052, 20.848863023000035 ], [ 70.484141472000033, 20.843939520000049 ], [ 70.541514519000032, 20.807847398000035 ], [ 70.69857832100007, 20.74640534100007 ], [ 70.730804884000065, 20.723211981000077 ], [ 70.740244988000086, 20.718491929000038 ], [ 70.75163821700005, 20.719631252000056 ], [ 70.763194207000083, 20.724554755000042 ], [ 70.774587436000047, 20.727362372000073 ], [ 70.785166863000086, 20.722154039000088 ], [ 70.801605665000068, 20.709051825000074 ], [ 70.81967207100007, 20.702948309000078 ], [ 70.840179884000065, 20.70189036700009 ], [ 70.972992384000065, 20.70962148600006 ], [ 70.982432488000086, 20.710150458000044 ], [ 71.000824415000068, 20.722154039000088 ], [ 71.005951368000069, 20.736558335000041 ], [ 71.007660352000073, 20.741603908000059 ], [ 71.024180535000085, 20.744533596000053 ], [ 71.044444207000083, 20.74054596600007 ], [ 71.062347852000073, 20.738959052000041 ], [ 71.072601759000065, 20.745672919000071 ], [ 71.08326256600003, 20.756537177000041 ], [ 71.095469597000033, 20.763739325000074 ], [ 71.110118035000085, 20.759466864000046 ], [ 71.116953972000033, 20.766913153000075 ], [ 71.140635613000086, 20.765692450000074 ], [ 71.318614129000082, 20.849310614000046 ], [ 71.378103061000047, 20.859442450000074 ], [ 71.46225019600007, 20.885321356000077 ], [ 71.480723504000082, 20.900376695000091 ], [ 71.484385613000086, 20.917141018000052 ], [ 71.49341881600003, 20.92914459800005 ], [ 71.53679446700005, 20.96430084800005 ], [ 71.551117384000065, 20.973578192000048 ], [ 71.569346550000034, 20.979193427000041 ], [ 71.562347852000073, 20.97296784100007 ], [ 71.557302280000044, 20.966009833000044 ], [ 71.549571160000085, 20.951239325000074 ], [ 71.583506707000083, 20.958238023000035 ], [ 71.63998457100007, 20.99681224200009 ], [ 71.683360222000033, 21.011460679000038 ], [ 71.717621290000068, 21.032049872000073 ], [ 71.730235222000033, 21.03070709800005 ], [ 71.743662957000083, 21.027573960000041 ], [ 71.76295006600003, 21.032294012000079 ], [ 71.788584832000083, 21.04751211100006 ], [ 71.806162957000083, 21.062079169000071 ], [ 71.926280144000032, 21.130031643000052 ], [ 71.972422722000033, 21.13226959800005 ], [ 71.990733269000032, 21.136379299000055 ], [ 72.055023634000065, 21.168361721000053 ], [ 72.062836134000065, 21.174709377000056 ], [ 72.066661004000082, 21.181341864000046 ], [ 72.07545006600003, 21.185695705000057 ], [ 72.084808790000068, 21.188706773000035 ], [ 72.090830925000034, 21.191473700000074 ], [ 72.10474694100003, 21.205064195000091 ], [ 72.104502800000034, 21.222154039000088 ], [ 72.093516472000033, 21.243557033000059 ], [ 72.090830925000034, 21.252915757000039 ], [ 72.093597852000073, 21.258205471000053 ], [ 72.099375847000033, 21.264960028000075 ], [ 72.102549675000034, 21.274400132000039 ], [ 72.09701582100007, 21.287665106000077 ], [ 72.107758009000065, 21.289984442000048 ], [ 72.111501498000052, 21.296087958000044 ], [ 72.110036655000044, 21.304836330000057 ], [ 72.104502800000034, 21.315008856000077 ], [ 72.116058790000068, 21.322739976000037 ], [ 72.15162194100003, 21.360174872000073 ], [ 72.159190300000034, 21.373277085000041 ], [ 72.166840040000068, 21.392075914000088 ], [ 72.219899936000047, 21.444728908000059 ], [ 72.242198113000029, 21.48078034100007 ], [ 72.275157097000033, 21.595526434000078 ], [ 72.279144727000073, 21.600531317000048 ], [ 72.292002800000034, 21.611761786000045 ], [ 72.295664910000085, 21.616034247000073 ], [ 72.298838738000029, 21.626288153000075 ], [ 72.29851321700005, 21.633978583000044 ], [ 72.296641472000033, 21.642157294000071 ], [ 72.295664910000085, 21.653876044000071 ], [ 72.292491082000083, 21.659491278000075 ], [ 72.285411004000082, 21.665025132000039 ], [ 72.278330925000034, 21.671942450000074 ], [ 72.271739129000082, 21.690904039000088 ], [ 72.26303144600007, 21.692328192000048 ], [ 72.251800977000073, 21.690904039000088 ], [ 72.240407748000052, 21.69171784100007 ], [ 72.230235222000033, 21.695990302000041 ], [ 72.223806186000047, 21.700588283000059 ], [ 72.219004754000082, 21.706000067000048 ], [ 72.214366082000083, 21.712836005000042 ], [ 72.20240319100003, 21.748114325000074 ], [ 72.200043165000068, 21.750067450000074 ], [ 72.195811394000032, 21.757798570000091 ], [ 72.17701256600003, 21.766669012000079 ], [ 72.172699415000068, 21.777736721000053 ], [ 72.171071811000047, 21.790961005000042 ], [ 72.166026238000029, 21.793931382000039 ], [ 72.117442254000082, 21.776597398000035 ], [ 72.10320071700005, 21.775213934000078 ], [ 72.087412957000083, 21.784491278000075 ], [ 72.07390384200005, 21.788723049000055 ], [ 72.054942254000082, 21.785589911000045 ], [ 72.021820509000065, 21.774318752000056 ], [ 72.022308790000068, 21.780910549000055 ], [ 72.021494988000029, 21.794419664000088 ], [ 72.021820509000065, 21.800970770000049 ], [ 72.009613477000073, 21.795599677000041 ], [ 72.005381707000083, 21.792954820000091 ], [ 72.001475457000083, 21.787909247000073 ], [ 71.996104363000029, 21.799505927000041 ], [ 71.994151238000029, 21.812201239000046 ], [ 71.994639519000032, 21.839504299000055 ], [ 71.99732506600003, 21.85492584800005 ], [ 72.004161004000082, 21.85773346600007 ], [ 72.062836134000065, 21.834377346000053 ], [ 72.086761915000068, 21.830267645000049 ], [ 72.104502800000034, 21.835760809000078 ], [ 72.086436394000032, 21.865627346000053 ], [ 72.080332879000082, 21.86985911700009 ], [ 72.071787957000083, 21.870794989000046 ], [ 72.061534050000034, 21.873114325000074 ], [ 72.052907748000052, 21.876532294000071 ], [ 72.049327019000032, 21.880438544000071 ], [ 72.05795332100007, 21.89874909100007 ], [ 72.077647332000083, 21.894435940000051 ], [ 72.098480665000068, 21.880519924000055 ], [ 72.111338738000029, 21.86985911700009 ], [ 72.123301629000082, 21.853745835000041 ], [ 72.130869988000029, 21.846258856000077 ], [ 72.161875847000033, 21.839178778000075 ], [ 72.169444207000083, 21.841376044000071 ], [ 72.162608269000032, 21.852850653000075 ], [ 72.160004102000073, 21.865912177000041 ], [ 72.16732832100007, 21.879136460000041 ], [ 72.169769727000073, 21.890448309000078 ], [ 72.152354363000029, 21.897853908000059 ], [ 72.159190300000034, 21.90460846600007 ], [ 72.145355665000068, 21.910834052000041 ], [ 72.145355665000068, 21.917669989000046 ], [ 72.156504754000082, 21.925848700000074 ], [ 72.142100457000083, 21.924994208000044 ], [ 72.104502800000034, 21.917669989000046 ], [ 72.08757571700005, 21.919663804000038 ], [ 72.02865644600007, 21.938788153000075 ], [ 72.03842207100007, 21.94757721600007 ], [ 72.055186394000032, 21.953517971000053 ], [ 72.073252800000034, 21.954494533000059 ], [ 72.087412957000083, 21.948431708000044 ], [ 72.096202019000032, 21.943019924000055 ], [ 72.102061394000032, 21.945054429000038 ], [ 72.10482832100007, 21.95148346600007 ], [ 72.104502800000034, 21.959214585000041 ], [ 72.082530144000032, 21.97337474200009 ], [ 72.076508009000065, 21.979722398000035 ], [ 72.11491946700005, 21.96938711100006 ], [ 72.124847852000073, 21.972316799000055 ], [ 72.128103061000047, 21.983547268000052 ], [ 72.119313998000052, 21.993638414000088 ], [ 72.09701582100007, 22.007025458000044 ], [ 72.113780144000032, 22.010565497000073 ], [ 72.134287957000083, 22.004584052000041 ], [ 72.15170332100007, 21.993882554000038 ], [ 72.159190300000034, 21.98314036700009 ], [ 72.16342207100007, 21.973211981000077 ], [ 72.17310631600003, 21.975653387000079 ], [ 72.182465040000068, 21.98273346600007 ], [ 72.186371290000068, 21.986558335000041 ], [ 72.191172722000033, 21.993638414000088 ], [ 72.195160352000073, 22.003648179000038 ], [ 72.199880405000044, 22.006984768000052 ], [ 72.20630944100003, 21.994045315000051 ], [ 72.214366082000083, 21.994045315000051 ], [ 72.21648196700005, 22.007798570000091 ], [ 72.220957879000082, 22.010972398000035 ], [ 72.237315300000034, 22.007025458000044 ], [ 72.24935957100007, 22.008286851000037 ], [ 72.257660352000073, 22.012152411000045 ], [ 72.275157097000033, 22.027533270000049 ], [ 72.276133660000085, 22.031642971000053 ], [ 72.283457879000082, 22.04360586100006 ], [ 72.291758660000085, 22.053412177000041 ], [ 72.295664910000085, 22.051174221000053 ], [ 72.298024936000047, 22.061672268000052 ], [ 72.307627800000034, 22.079006252000056 ], [ 72.317230665000068, 22.184881903000075 ], [ 72.306488477000073, 22.229559637000079 ], [ 72.268321160000085, 22.226752020000049 ], [ 72.239105665000068, 22.23891836100006 ], [ 72.234141472000033, 22.243557033000059 ], [ 72.237315300000034, 22.256293036000045 ], [ 72.243174675000034, 22.26593659100007 ], [ 72.246104363000029, 22.275580145000049 ], [ 72.240407748000052, 22.288234768000052 ], [ 72.209239129000082, 22.259426174000055 ], [ 72.19068444100003, 22.251288153000075 ], [ 72.166026238000029, 22.260321356000077 ], [ 72.148773634000065, 22.277899481000077 ], [ 72.16179446700005, 22.280951239000046 ], [ 72.20630944100003, 22.273911851000037 ], [ 72.200938347000033, 22.291449286000045 ], [ 72.208506707000083, 22.300441799000055 ], [ 72.223399285000085, 22.303168036000045 ], [ 72.240407748000052, 22.301906643000052 ], [ 72.264659050000034, 22.29523346600007 ], [ 72.265961134000065, 22.287339585000041 ], [ 72.263194207000083, 22.276353257000039 ], [ 72.275157097000033, 22.260321356000077 ], [ 72.28834069100003, 22.261297919000071 ], [ 72.309092644000032, 22.257228908000059 ], [ 72.328298373000052, 22.260728257000039 ], [ 72.336599155000044, 22.284816799000055 ], [ 72.340505405000044, 22.303208726000037 ], [ 72.349619988000029, 22.324367580000057 ], [ 72.36101321700005, 22.343451239000046 ], [ 72.371348504000082, 22.355902411000045 ], [ 72.397227410000085, 22.366766669000071 ], [ 72.408050977000073, 22.353461005000042 ], [ 72.404958530000044, 22.332953192000048 ], [ 72.388194207000083, 22.322333075000074 ], [ 72.380381707000083, 22.312404690000051 ], [ 72.381032748000052, 22.289943752000056 ], [ 72.386241082000083, 22.266506252000056 ], [ 72.39185631600003, 22.253485419000071 ], [ 72.41374759200005, 22.246323960000041 ], [ 72.432302280000044, 22.255845445000091 ], [ 72.448741082000083, 22.266831773000035 ], [ 72.463877800000034, 22.26398346600007 ], [ 72.466970248000052, 22.255845445000091 ], [ 72.454844597000033, 22.245306708000044 ], [ 72.457041863000029, 22.236721096000053 ], [ 72.46615644600007, 22.232570705000057 ], [ 72.479014519000032, 22.233384507000039 ], [ 72.501719597000033, 22.240423895000049 ], [ 72.52116946700005, 22.253119208000044 ], [ 72.553070509000065, 22.282456773000035 ], [ 72.573741082000083, 22.288234768000052 ], [ 72.596364780000044, 22.286932684000078 ], [ 72.606618686000047, 22.28384023600006 ], [ 72.625010613000029, 22.271389065000051 ], [ 72.635264519000032, 22.271633205000057 ], [ 72.646494988000029, 22.273911851000037 ], [ 72.65943444100003, 22.273911851000037 ], [ 72.726573113000029, 22.248928127000056 ], [ 72.756602410000085, 22.243719794000071 ], [ 72.785411004000082, 22.256903387000079 ], [ 72.798675977000073, 22.265570380000042 ], [ 72.818207227000073, 22.273423570000091 ], [ 72.838633660000085, 22.276556708000044 ], [ 72.854258660000085, 22.270819403000075 ], [ 72.869476759000065, 22.262396552000041 ], [ 72.88607832100007, 22.262396552000041 ], [ 72.89966881600003, 22.269191799000055 ], [ 72.905772332000083, 22.281398830000057 ], [ 72.917491082000083, 22.271429755000042 ], [ 72.922699415000068, 22.254584052000041 ], [ 72.922129754000082, 22.236517645000049 ], [ 72.916026238000029, 22.223089911000045 ], [ 72.897227410000085, 22.213039455000057 ], [ 72.881114129000082, 22.220404364000046 ], [ 72.865082227000073, 22.233465887000079 ], [ 72.847422722000033, 22.240423895000049 ], [ 72.812266472000033, 22.234116929000038 ], [ 72.790212436000047, 22.217230536000045 ], [ 72.748220248000052, 22.164048570000091 ], [ 72.729258660000085, 22.177435614000046 ], [ 72.719411655000044, 22.182196356000077 ], [ 72.707774285000085, 22.185777085000041 ], [ 72.699717644000032, 22.184963283000059 ], [ 72.691661004000082, 22.18195221600007 ], [ 72.681895379000082, 22.181586005000042 ], [ 72.66960696700005, 22.18891022300005 ], [ 72.652354363000029, 22.202337958000044 ], [ 72.63445071700005, 22.21039459800005 ], [ 72.614105665000068, 22.211737372000073 ], [ 72.590505405000044, 22.205023505000042 ], [ 72.57545006600003, 22.194525458000044 ], [ 72.557383660000085, 22.176662502000056 ], [ 72.542165561000047, 22.156724351000037 ], [ 72.535899285000085, 22.140529690000051 ], [ 72.533376498000052, 22.118557033000059 ], [ 72.530039910000085, 22.107489325000074 ], [ 72.519541863000029, 22.088446356000077 ], [ 72.519541863000029, 22.077541408000059 ], [ 72.521494988000029, 22.066148179000038 ], [ 72.522227410000085, 22.054266669000071 ], [ 72.517751498000052, 22.032131252000056 ], [ 72.504567905000044, 21.994208075000074 ], [ 72.501719597000033, 21.97601959800005 ], [ 72.50709069100003, 21.962307033000059 ], [ 72.533376498000052, 21.920314846000053 ], [ 72.542735222000033, 21.910834052000041 ], [ 72.558604363000029, 21.915269273000035 ], [ 72.581797722000033, 21.928168036000045 ], [ 72.602712436000047, 21.943589585000041 ], [ 72.611582879000082, 21.955511786000045 ], [ 72.623057488000029, 21.966620184000078 ], [ 72.693532748000052, 21.972316799000055 ], [ 72.695648634000065, 21.975897528000075 ], [ 72.697520379000082, 21.982123114000046 ], [ 72.700938347000033, 21.98891836100006 ], [ 72.707774285000085, 21.994045315000051 ], [ 72.713715040000068, 21.995794989000046 ], [ 72.719899936000047, 21.996323960000041 ], [ 72.726410352000073, 21.995754299000055 ], [ 72.734548373000052, 21.994045315000051 ], [ 72.734548373000052, 21.986558335000041 ], [ 72.714040561000047, 21.982977606000077 ], [ 72.706797722000033, 21.966131903000075 ], [ 72.702321811000047, 21.94757721600007 ], [ 72.690114780000044, 21.938788153000075 ], [ 72.652110222000033, 21.941066799000055 ], [ 72.63404381600003, 21.937486070000091 ], [ 72.61841881600003, 21.925116278000075 ], [ 72.598806186000047, 21.881008205000057 ], [ 72.585459832000083, 21.858872789000088 ], [ 72.566905144000032, 21.849351304000038 ], [ 72.562754754000082, 21.839422919000071 ], [ 72.55632571700005, 21.774318752000056 ], [ 72.55014082100007, 21.751939195000091 ], [ 72.532074415000068, 21.713853257000039 ], [ 72.528493686000047, 21.695135809000078 ], [ 72.534678582000083, 21.672919012000079 ], [ 72.550303582000083, 21.666693427000041 ], [ 72.570485873000052, 21.670477606000077 ], [ 72.616058790000068, 21.685451565000051 ], [ 72.634938998000052, 21.684637762000079 ], [ 72.653005405000044, 21.680568752000056 ], [ 72.676442905000044, 21.678127346000053 ], [ 72.733246290000068, 21.687486070000091 ], [ 72.755625847000033, 21.684963283000059 ], [ 72.79810631600003, 21.673529364000046 ], [ 72.819183790000068, 21.675034898000035 ], [ 72.840342644000032, 21.688381252000056 ], [ 72.858164910000085, 21.694973049000055 ], [ 72.882823113000029, 21.693019924000055 ], [ 72.926931186000047, 21.684963283000059 ], [ 72.950205925000034, 21.689154364000046 ], [ 72.99146569100003, 21.70844147300005 ], [ 73.012461785000085, 21.712836005000042 ], [ 73.022471550000034, 21.716009833000044 ], [ 73.041026238000029, 21.730169989000046 ], [ 73.046641472000033, 21.733343817000048 ], [ 73.083994988000029, 21.74640534100007 ], [ 73.11882571700005, 21.764715887000079 ], [ 73.126149936000047, 21.766831773000035 ], [ 73.132009311000047, 21.757798570000091 ], [ 73.126963738000029, 21.746771552000041 ], [ 73.116953972000033, 21.737250067000048 ], [ 73.108164910000085, 21.733343817000048 ], [ 73.084971550000034, 21.729681708000044 ], [ 73.022471550000034, 21.698553778000075 ], [ 72.965342644000032, 21.678778387000079 ], [ 72.935557488000029, 21.658351955000057 ], [ 72.889659050000034, 21.640529690000051 ], [ 72.871592644000032, 21.636542059000078 ], [ 72.85873457100007, 21.637600002000056 ], [ 72.833994988000029, 21.644476630000042 ], [ 72.823090040000068, 21.643947658000059 ], [ 72.810394727000073, 21.63507721600007 ], [ 72.789073113000029, 21.595526434000078 ], [ 72.773203972000033, 21.580511786000045 ], [ 72.751149936000047, 21.565130927000041 ], [ 72.726817254000082, 21.553168036000045 ], [ 72.703949415000068, 21.548407294000071 ], [ 72.690114780000044, 21.540676174000055 ], [ 72.651052280000044, 21.507025458000044 ], [ 72.635101759000065, 21.499335028000075 ], [ 72.619639519000032, 21.487372137000079 ], [ 72.589854363000029, 21.432766018000052 ], [ 72.58366946700005, 21.41742584800005 ], [ 72.612478061000047, 21.421861070000091 ], [ 72.665049675000034, 21.457220770000049 ], [ 72.68327884200005, 21.465806382000039 ], [ 72.738291863000029, 21.482855536000045 ], [ 72.748545769000032, 21.479641018000052 ], [ 72.752614780000044, 21.463568427000041 ], [ 72.747080925000034, 21.452866929000038 ], [ 72.728282097000033, 21.465806382000039 ], [ 72.676442905000044, 21.431626695000091 ], [ 72.672862175000034, 21.428127346000053 ], [ 72.635101759000065, 21.407456773000035 ], [ 72.573741082000083, 21.39008209800005 ], [ 72.564626498000052, 21.385809637000079 ], [ 72.56763756600003, 21.37641022300005 ], [ 72.578868035000085, 21.367010809000078 ], [ 72.594086134000065, 21.362779039000088 ], [ 72.623383009000065, 21.370266018000052 ], [ 72.638682488000029, 21.371242580000057 ], [ 72.64576256600003, 21.362779039000088 ], [ 72.638519727000073, 21.357163804000038 ], [ 72.60320071700005, 21.352728583000044 ], [ 72.590505405000044, 21.348537502000056 ], [ 72.586761915000068, 21.341213283000059 ], [ 72.588633660000085, 21.331976630000042 ], [ 72.597911004000082, 21.307562567000048 ], [ 72.602061394000032, 21.27765534100007 ], [ 72.606130405000044, 21.266587632000039 ], [ 72.61841881600003, 21.252915757000039 ], [ 72.625173373000052, 21.259344794000071 ], [ 72.64576256600003, 21.273382880000042 ], [ 72.646983269000032, 21.253607489000046 ], [ 72.659353061000047, 21.244696356000077 ], [ 72.67318769600007, 21.239081122000073 ], [ 72.679860873000052, 21.228989976000037 ], [ 72.687673373000052, 21.220445054000038 ], [ 72.723643425000034, 21.209133205000057 ], [ 72.734548373000052, 21.198919989000046 ], [ 72.721039259000065, 21.198797919000071 ], [ 72.711761915000068, 21.194037177000041 ], [ 72.693532748000052, 21.17845286700009 ], [ 72.630381707000083, 21.135972398000035 ], [ 72.615489129000082, 21.119818427000041 ], [ 72.615000847000033, 21.105861721000053 ], [ 72.629649285000085, 21.087958075000074 ], [ 72.637868686000047, 21.08539459800005 ], [ 72.658702019000032, 21.097601630000042 ], [ 72.666351759000065, 21.097398179000038 ], [ 72.67123457100007, 21.099798895000049 ], [ 72.673024936000047, 21.112616278000075 ], [ 72.671885613000029, 21.134426174000055 ], [ 72.672699415000068, 21.145738023000035 ], [ 72.676442905000044, 21.153631903000075 ], [ 72.686696811000047, 21.158148505000042 ], [ 72.706553582000083, 21.157700914000088 ], [ 72.714040561000047, 21.164129950000074 ], [ 72.728688998000052, 21.148098049000055 ], [ 72.720550977000073, 21.129706122000073 ], [ 72.705821160000085, 21.106350002000056 ], [ 72.700368686000047, 21.074774481000077 ], [ 72.73015384200005, 21.087836005000042 ], [ 72.734548373000052, 21.092474677000041 ], [ 72.73560631600003, 21.110744533000059 ], [ 72.73764082100007, 21.117377020000049 ], [ 72.741953972000033, 21.123236395000049 ], [ 72.746348504000082, 21.118353583000044 ], [ 72.752777540000068, 21.113714911000045 ], [ 72.755625847000033, 21.109564520000049 ], [ 72.799571160000085, 21.128810940000051 ], [ 72.809580925000034, 21.130031643000052 ], [ 72.815928582000083, 21.121486721000053 ], [ 72.849864129000082, 21.048000393000052 ], [ 72.84498131600003, 21.038316148000035 ], [ 72.823090040000068, 21.03384023600006 ], [ 72.783946160000085, 21.040432033000059 ], [ 72.76685631600003, 21.038560289000088 ], [ 72.771983269000032, 21.023871161000045 ], [ 72.781993035000085, 21.010158596000053 ], [ 72.787608269000032, 21.006903387000079 ], [ 72.799327019000032, 21.005845445000091 ], [ 72.808360222000033, 21.003973700000074 ], [ 72.81609134200005, 20.999009507000039 ], [ 72.821299675000034, 20.991603908000059 ], [ 72.823090040000068, 20.982611395000049 ], [ 72.832692905000044, 20.972357489000046 ], [ 72.853770379000082, 20.97492096600007 ], [ 72.875987175000034, 20.981350002000056 ], [ 72.888438347000033, 20.982611395000049 ], [ 72.886485222000033, 20.962103583000044 ], [ 72.856455925000034, 20.94798411700009 ], [ 72.836680535000085, 20.929917710000041 ], [ 72.86491946700005, 20.897284247000073 ], [ 72.854258660000085, 20.887152411000045 ], [ 72.845876498000052, 20.851792710000041 ], [ 72.836924675000034, 20.835842190000051 ], [ 72.875336134000065, 20.862494208000044 ], [ 72.881195509000065, 20.865668036000045 ], [ 72.89380944100003, 20.870062567000048 ], [ 72.900401238000029, 20.868109442000048 ], [ 72.888438347000033, 20.851955471000053 ], [ 72.88013756600003, 20.829901434000078 ], [ 72.885752800000034, 20.807114976000037 ], [ 72.900238477000073, 20.79913971600007 ], [ 72.919444207000083, 20.821519273000035 ], [ 72.924978061000047, 20.810614325000074 ], [ 72.922862175000034, 20.802679755000042 ], [ 72.919118686000047, 20.795599677000041 ], [ 72.919444207000083, 20.78742096600007 ], [ 72.926442905000044, 20.780991929000038 ], [ 72.936371290000068, 20.776271877000056 ], [ 72.94499759200005, 20.770005601000037 ], [ 72.946787957000083, 20.759466864000046 ], [ 72.940277540000068, 20.759426174000055 ], [ 72.898936394000032, 20.732163804000038 ], [ 72.907969597000033, 20.718329169000071 ], [ 72.90943444100003, 20.69867584800005 ], [ 72.905772332000083, 20.653306382000039 ], [ 72.902598504000082, 20.641913153000075 ], [ 72.888438347000033, 20.628485419000071 ], [ 72.885264519000032, 20.619208075000074 ], [ 72.886241082000083, 20.608465887000079 ], [ 72.890635613000029, 20.587062893000052 ], [ 72.891449415000068, 20.575140692000048 ], [ 72.890391472000033, 20.552679755000042 ], [ 72.886485222000033, 20.53156159100007 ], [ 72.879161004000082, 20.51243724200009 ], [ 72.840017123000052, 20.458726304000038 ], [ 72.82943769600007, 20.437933661000045 ], [ 72.823090040000068, 20.416815497000073 ], [ 72.820811394000032, 20.386135158000059 ], [ 72.817067905000044, 20.375921942000048 ], [ 72.810313347000033, 20.368841864000046 ], [ 72.79818769600007, 20.359320380000042 ], [ 72.78679446700005, 20.352240302000041 ], [ 72.781586134000065, 20.35228099200009 ], [ 72.777517123000052, 20.330064195000091 ], [ 72.767832879000082, 20.31195709800005 ], [ 72.756602410000085, 20.295965887000079 ], [ 72.748220248000052, 20.280340887000079 ], [ 72.743011915000068, 20.247748114000046 ], [ 72.741953972000033, 20.24555084800005 ], [ 72.741953972000033, 20.225043036000045 ], [ 72.744395379000082, 20.21938711100006 ], [ 72.749034050000034, 20.218329169000071 ], [ 72.75359134200005, 20.21820709800005 ], [ 72.755625847000033, 20.21515534100007 ], [ 72.752289259000065, 20.20376211100006 ], [ 72.73764082100007, 20.184271552000041 ], [ 72.734548373000052, 20.173529364000046 ], [ 72.728282097000033, 20.129461981000077 ], [ 72.71029707100007, 20.082912502000056 ], [ 72.707774285000085, 20.071112372000073 ], [ 72.707774285000085, 20.012762762000079 ], [ 72.703379754000082, 19.997626044000071 ], [ 72.694509311000047, 19.979315497000073 ], [ 72.684336785000085, 19.964016018000052 ], [ 72.676442905000044, 19.957505601000037 ], [ 72.665212436000047, 19.952948309000078 ], [ 72.662771030000044, 19.941799221000053 ], [ 72.666188998000052, 19.916571356000077 ], [ 72.664235873000052, 19.88157786700009 ], [ 72.659190300000034, 19.866441148000035 ], [ 72.649180535000085, 19.851996161000045 ], [ 72.65007571700005, 19.841986395000049 ], [ 72.672862175000034, 19.81281159100007 ], [ 72.679860873000052, 19.800482489000046 ], [ 72.675791863000029, 19.764146226000037 ], [ 72.677907748000052, 19.746568101000037 ], [ 72.690114780000044, 19.748968817000048 ], [ 72.728282097000033, 19.793646552000041 ], [ 72.732758009000065, 19.779730536000045 ], [ 72.73406009200005, 19.771918036000045 ], [ 72.734548373000052, 19.762640692000048 ], [ 72.731293165000068, 19.754584052000041 ], [ 72.724375847000033, 19.75267161700009 ], [ 72.717295769000032, 19.751532294000071 ], [ 72.714040561000047, 19.745835679000038 ], [ 72.718597852000073, 19.727932033000059 ], [ 72.726410352000073, 19.715236721000053 ], [ 72.726410352000073, 19.70579661700009 ], [ 72.707774285000085, 19.697455145000049 ], [ 72.704600457000083, 19.706529039000088 ], [ 72.699961785000085, 19.714178778000075 ], [ 72.694102410000085, 19.720200914000088 ], [ 72.686696811000047, 19.724798895000049 ], [ 72.709646030000044, 19.649969794000071 ], [ 72.71802819100003, 19.606675523000035 ], [ 72.710785352000073, 19.587591864000046 ], [ 72.722504102000073, 19.536281643000052 ], [ 72.74154707100007, 19.516017971000053 ], [ 72.749196811000047, 19.512600002000056 ], [ 72.755625847000033, 19.519354559000078 ], [ 72.754893425000034, 19.527044989000046 ], [ 72.74927819100003, 19.534247137000079 ], [ 72.734548373000052, 19.546616929000038 ], [ 72.739756707000083, 19.552679755000042 ], [ 72.740733269000032, 19.560736395000049 ], [ 72.738291863000029, 19.570257880000042 ], [ 72.734548373000052, 19.58079661700009 ], [ 72.741953972000033, 19.58079661700009 ], [ 72.760020379000082, 19.573065497000073 ], [ 72.770681186000047, 19.566148179000038 ], [ 72.775401238000029, 19.557196356000077 ], [ 72.77702884200005, 19.54555898600006 ], [ 72.781260613000029, 19.53656647300005 ], [ 72.787852410000085, 19.530259507000039 ], [ 72.795909050000034, 19.52680084800005 ], [ 72.815928582000083, 19.528509833000044 ], [ 72.835948113000029, 19.536688544000071 ], [ 72.85670006600003, 19.54132721600007 ], [ 72.879161004000082, 19.532375393000052 ], [ 72.76921634200005, 19.490464585000041 ], [ 72.754405144000032, 19.481756903000075 ], [ 72.746836785000085, 19.467962958000044 ], [ 72.748220248000052, 19.444240627000056 ], [ 72.759776238000029, 19.38898346600007 ], [ 72.763438347000033, 19.380194403000075 ], [ 72.787608269000032, 19.345200914000088 ], [ 72.80209394600007, 19.331935940000051 ], [ 72.818532748000052, 19.330267645000049 ], [ 72.836924675000034, 19.348049221000053 ], [ 72.855316602000073, 19.339504299000055 ], [ 72.883555535000085, 19.316392320000091 ], [ 72.898936394000032, 19.307033596000053 ], [ 72.916758660000085, 19.30337148600006 ], [ 72.970957879000082, 19.307033596000053 ], [ 72.987803582000083, 19.300685940000051 ], [ 73.001800977000073, 19.28656647300005 ], [ 73.012461785000085, 19.272447007000039 ], [ 73.019297722000033, 19.266058661000045 ], [ 73.029144727000073, 19.259344794000071 ], [ 73.028005405000044, 19.244086005000042 ], [ 73.030039910000085, 19.227728583000044 ], [ 73.049652540000068, 19.217718817000048 ], [ 73.02662194100003, 19.205511786000045 ], [ 73.010508660000085, 19.224310614000046 ], [ 72.988291863000029, 19.279120184000078 ], [ 72.972666863000029, 19.29368724200009 ], [ 72.959727410000085, 19.294826565000051 ], [ 72.94654381600003, 19.289862372000073 ], [ 72.930349155000044, 19.28656647300005 ], [ 72.900563998000052, 19.290757554000038 ], [ 72.885508660000085, 19.296047268000052 ], [ 72.867035352000073, 19.316799221000053 ], [ 72.839366082000083, 19.31907786700009 ], [ 72.785411004000082, 19.31391022300005 ], [ 72.775645379000082, 19.299017645000049 ], [ 72.772227410000085, 19.265122789000088 ], [ 72.775401238000029, 19.204657294000071 ], [ 72.789398634000065, 19.217352606000077 ], [ 72.80209394600007, 19.237860419000071 ], [ 72.815114780000044, 19.253648179000038 ], [ 72.830088738000029, 19.252427476000037 ], [ 72.819834832000083, 19.240627346000053 ], [ 72.802500847000033, 19.211615302000041 ], [ 72.783376498000052, 19.168646552000041 ], [ 72.781586134000065, 19.159654039000088 ], [ 72.784922722000033, 19.150376695000091 ], [ 72.792165561000047, 19.150458075000074 ], [ 72.799571160000085, 19.15688711100006 ], [ 72.805186394000032, 19.171820380000042 ], [ 72.811208530000044, 19.175523179000038 ], [ 72.81804446700005, 19.175360419000071 ], [ 72.823090040000068, 19.169256903000075 ], [ 72.822438998000052, 19.163763739000046 ], [ 72.81218509200005, 19.153713283000059 ], [ 72.809580925000034, 19.146307684000078 ], [ 72.81177819100003, 19.13735586100006 ], [ 72.821055535000085, 19.119208075000074 ], [ 72.823090040000068, 19.108465887000079 ], [ 72.82195071700005, 19.09711334800005 ], [ 72.809580925000034, 19.066839911000045 ], [ 72.821299675000034, 19.063177802000041 ], [ 72.824229363000029, 19.053534247000073 ], [ 72.821787957000083, 19.041978257000039 ], [ 72.817067905000044, 19.032700914000088 ], [ 72.812998894000032, 19.035549221000053 ], [ 72.802744988000029, 19.040187893000052 ], [ 72.804942254000082, 19.011053778000075 ], [ 72.80241946700005, 18.999660549000055 ], [ 72.795909050000034, 18.984930731000077 ], [ 72.776052280000044, 18.95970286700009 ], [ 72.770355665000068, 18.948187567000048 ], [ 72.775401238000029, 18.936509507000039 ], [ 72.788259311000047, 18.946519273000035 ], [ 72.79232832100007, 18.951239325000074 ], [ 72.795909050000034, 18.957586981000077 ], [ 72.802744988000029, 18.957586981000077 ], [ 72.807383660000085, 18.94281647300005 ], [ 72.805349155000044, 18.930975653000075 ], [ 72.80201256600003, 18.920477606000077 ], [ 72.802744988000029, 18.909816799000055 ], [ 72.812510613000029, 18.897447007000039 ], [ 72.821299675000034, 18.903306382000039 ], [ 72.827647332000083, 18.918361721000053 ], [ 72.836273634000065, 18.959133205000057 ], [ 72.851084832000083, 18.987127997000073 ], [ 72.869313998000052, 19.011419989000046 ], [ 72.885264519000032, 19.025864976000037 ], [ 72.891449415000068, 19.001369533000059 ], [ 72.891449415000068, 18.991766669000071 ], [ 72.934255405000044, 19.034084377000056 ], [ 72.943369988000029, 19.055121161000045 ], [ 72.926931186000047, 19.066839911000045 ], [ 72.933929884000065, 19.080308335000041 ], [ 72.935557488000029, 19.115057684000078 ], [ 72.950043165000068, 19.127915757000039 ], [ 72.967295769000032, 19.163072007000039 ], [ 72.974782748000052, 19.163072007000039 ], [ 72.967295769000032, 19.091009833000044 ], [ 72.973806186000047, 19.078558661000045 ], [ 72.98568769600007, 19.074286200000074 ], [ 72.99187259200005, 19.067206122000073 ], [ 72.980967644000032, 19.046372789000088 ], [ 72.987803582000083, 19.036932684000078 ], [ 72.983571811000047, 19.010443427000041 ], [ 72.988291863000029, 18.998602606000077 ], [ 73.011892123000052, 19.009426174000055 ], [ 73.039805535000085, 19.017523505000042 ], [ 73.056813998000052, 19.015326239000046 ], [ 73.046641472000033, 18.995184637000079 ], [ 73.042165561000047, 18.995754299000055 ], [ 72.992035352000073, 18.982489325000074 ], [ 72.968272332000083, 18.972601630000042 ], [ 72.953623894000032, 18.971258856000077 ], [ 72.953623894000032, 18.964422919000071 ], [ 72.988291863000029, 18.964422919000071 ], [ 72.977224155000044, 18.948431708000044 ], [ 72.963389519000032, 18.94798411700009 ], [ 72.949229363000029, 18.95148346600007 ], [ 72.93677819100003, 18.947414455000057 ], [ 72.934580925000034, 18.920803127000056 ], [ 72.928070509000065, 18.911363023000035 ], [ 72.912608269000032, 18.923488674000055 ], [ 72.896820509000065, 18.894476630000042 ], [ 72.916270379000082, 18.870510158000059 ], [ 72.946136915000068, 18.858303127000056 ], [ 72.961680535000085, 18.865139065000051 ], [ 72.963145379000082, 18.868963934000078 ], [ 72.966970248000052, 18.872137762000079 ], [ 72.972178582000083, 18.874253648000035 ], [ 72.97779381600003, 18.874986070000091 ], [ 72.98170006600003, 18.871486721000053 ], [ 72.97974694100003, 18.863348700000074 ], [ 72.976084832000083, 18.854396877000056 ], [ 72.974782748000052, 18.848334052000041 ], [ 72.981293165000068, 18.832709052000041 ], [ 72.98796634200005, 18.82493724200009 ], [ 73.016286655000044, 18.813625393000052 ], [ 73.002452019000032, 18.801459052000041 ], [ 72.991709832000083, 18.779364325000074 ], [ 72.988047722000033, 18.753851630000042 ], [ 72.995127800000034, 18.731024481000077 ], [ 72.980642123000052, 18.736761786000045 ], [ 72.969574415000068, 18.746975002000056 ], [ 72.966319207000083, 18.761419989000046 ], [ 72.974782748000052, 18.779486395000049 ], [ 72.938975457000083, 18.816961981000077 ], [ 72.926931186000047, 18.826646226000037 ], [ 72.912608269000032, 18.799994208000044 ], [ 72.90202884200005, 18.799505927000041 ], [ 72.887054884000065, 18.807033596000053 ], [ 72.879161004000082, 18.80735911700009 ], [ 72.865570509000065, 18.799383856000077 ], [ 72.856944207000083, 18.786200262000079 ], [ 72.852386915000068, 18.769924221000053 ], [ 72.851735873000052, 18.719671942000048 ], [ 72.855316602000073, 18.681138414000088 ], [ 72.86451256600003, 18.648911851000037 ], [ 72.88217207100007, 18.63548411700009 ], [ 72.905772332000083, 18.577134507000039 ], [ 72.910166863000029, 18.558986721000053 ], [ 72.92115319100003, 18.554877020000049 ], [ 72.950205925000034, 18.560370184000078 ], [ 72.96029707100007, 18.554673570000091 ], [ 72.97038821700005, 18.541001695000091 ], [ 72.97787519600007, 18.524115302000041 ], [ 72.980967644000032, 18.508856512000079 ], [ 72.988780144000032, 18.489935614000046 ], [ 73.004405144000032, 18.480047919000071 ], [ 73.01498457100007, 18.469956773000092 ], [ 73.008799675000034, 18.450506903000075 ], [ 72.990244988000029, 18.469956773000092 ], [ 72.961110873000052, 18.517726955000057 ], [ 72.946787957000083, 18.532416083000044 ], [ 72.924652540000068, 18.535630601000037 ], [ 72.907237175000034, 18.523586330000057 ], [ 72.89576256600003, 18.502997137000079 ], [ 72.891449415000068, 18.480902411000045 ], [ 72.889659050000034, 18.441310940000051 ], [ 72.891449415000068, 18.429388739000046 ], [ 72.897227410000085, 18.417303778000075 ], [ 72.904307488000029, 18.40851471600007 ], [ 72.910166863000029, 18.399237372000073 ], [ 72.912608269000032, 18.385646877000056 ], [ 72.911631707000083, 18.377346096000053 ], [ 72.910166863000029, 18.37250397300005 ], [ 72.90984134200005, 18.368068752000056 ], [ 72.912608269000032, 18.361151434000078 ], [ 72.91732832100007, 18.356390692000048 ], [ 72.922536655000044, 18.356634833000044 ], [ 72.927907748000052, 18.357570705000057 ], [ 72.933604363000029, 18.35492584800005 ], [ 72.95085696700005, 18.332953192000048 ], [ 72.958750847000033, 18.328111070000091 ], [ 72.974782748000052, 18.32758209800005 ], [ 72.96802819100003, 18.310614325000074 ], [ 72.977386915000068, 18.295070705000057 ], [ 72.994883660000085, 18.283596096000053 ], [ 73.012461785000085, 18.279201565000051 ], [ 73.042979363000029, 18.282375393000052 ], [ 73.056976759000065, 18.280951239000046 ], [ 73.07154381600003, 18.273016669000071 ], [ 73.065277540000068, 18.257554429000038 ], [ 73.073985222000033, 18.224188544000071 ], [ 73.07154381600003, 18.204087632000039 ], [ 73.057465040000068, 18.185614325000074 ], [ 73.047618035000085, 18.188788153000075 ], [ 73.047618035000085, 18.201157945000091 ], [ 73.063487175000034, 18.210353908000059 ], [ 73.050954623000052, 18.227484442000048 ], [ 73.032399936000047, 18.237860419000071 ], [ 73.012461785000085, 18.243150132000039 ], [ 72.995127800000034, 18.245062567000048 ], [ 72.982269727000073, 18.244208075000074 ], [ 72.976735873000052, 18.242580471000053 ], [ 72.972666863000029, 18.244696356000077 ], [ 72.96452884200005, 18.254950262000079 ], [ 72.959239129000082, 18.265855210000041 ], [ 72.957530144000032, 18.274603583000044 ], [ 72.953135613000029, 18.281317450000074 ], [ 72.939952019000032, 18.286037502000056 ], [ 72.935069207000083, 18.276312567000048 ], [ 72.93327884200005, 18.266587632000039 ], [ 72.93482506600003, 18.257879950000074 ], [ 72.939952019000032, 18.251288153000075 ], [ 72.93523196700005, 18.24477773600006 ], [ 72.926931186000047, 18.223944403000075 ], [ 72.954844597000033, 18.21751536700009 ], [ 72.967295769000032, 18.195990302000041 ], [ 72.976084832000083, 18.118638414000088 ], [ 72.978363477000073, 18.111883856000077 ], [ 72.984629754000082, 18.104193427000041 ], [ 72.988129102000073, 18.09601471600007 ], [ 72.986664259000065, 18.087713934000078 ], [ 72.983164910000085, 18.081732489000046 ], [ 72.980967644000032, 18.080552476000037 ], [ 72.987315300000034, 18.066555080000057 ], [ 73.001149936000047, 18.052069403000075 ], [ 73.008799675000034, 18.039007880000042 ], [ 73.015147332000083, 18.04913971600007 ], [ 73.02271569100003, 18.057684637000079 ], [ 73.031993035000085, 18.06391022300005 ], [ 73.043467644000032, 18.066961981000077 ], [ 73.04224694100003, 18.048976955000057 ], [ 73.03248131600003, 18.041083075000074 ], [ 73.019541863000029, 18.03587474200009 ], [ 73.008799675000034, 18.025946356000077 ], [ 73.00521894600007, 18.01235586100006 ], [ 73.008636915000068, 18.000230210000041 ], [ 73.01889082100007, 17.99249909100007 ], [ 73.035411004000082, 17.991848049000055 ], [ 73.017100457000083, 17.97211334800005 ], [ 73.018565300000034, 17.951727606000077 ], [ 73.065196160000085, 17.87836334800005 ], [ 73.073741082000083, 17.857123114000046 ], [ 73.07943769600007, 17.824611721000053 ], [ 73.085459832000083, 17.813666083000044 ], [ 73.101328972000033, 17.79633209800005 ], [ 73.106618686000047, 17.785549221000053 ], [ 73.109873894000032, 17.758286851000037 ], [ 73.115000847000033, 17.748195705000057 ], [ 73.123301629000082, 17.73578522300005 ], [ 73.123220248000052, 17.723334052000041 ], [ 73.117360873000052, 17.71124909100007 ], [ 73.108164910000085, 17.699774481000077 ], [ 73.105479363000029, 17.68891022300005 ], [ 73.110524936000047, 17.675726630000042 ], [ 73.118907097000033, 17.663478908000059 ], [ 73.126149936000047, 17.655422268000052 ], [ 73.120290561000047, 17.64203522300005 ], [ 73.121348504000082, 17.62641022300005 ], [ 73.12818444100003, 17.611558335000041 ], [ 73.139170769000032, 17.600775458000044 ], [ 73.154063347000033, 17.595607815000051 ], [ 73.185883009000065, 17.59251536700009 ], [ 73.200694207000083, 17.586493231000077 ], [ 73.16342207100007, 17.569484768000052 ], [ 73.149424675000034, 17.567287502000056 ], [ 73.13640384200005, 17.567206122000073 ], [ 73.127940300000034, 17.564683335000041 ], [ 73.125987175000034, 17.556545315000051 ], [ 73.131683790000068, 17.53937409100007 ], [ 73.165537957000083, 17.503404039000088 ], [ 73.180674675000034, 17.477687893000052 ], [ 73.173350457000083, 17.457424221000053 ], [ 73.185394727000073, 17.441880601000037 ], [ 73.17709394600007, 17.426662502000056 ], [ 73.16529381600003, 17.413031317000048 ], [ 73.166514519000032, 17.402167059000078 ], [ 73.170583530000044, 17.389715887000079 ], [ 73.195974155000044, 17.369370835000041 ], [ 73.207367384000065, 17.353745835000041 ], [ 73.234711134000065, 17.302313544000071 ], [ 73.249034050000034, 17.284857489000046 ], [ 73.231211785000085, 17.279282945000091 ], [ 73.217133009000065, 17.286851304000038 ], [ 73.203461134000065, 17.298732815000051 ], [ 73.187022332000083, 17.305975653000075 ], [ 73.193125847000033, 17.294012762000079 ], [ 73.211192254000082, 17.275091864000046 ], [ 73.214854363000029, 17.268744208000044 ], [ 73.21802819100003, 17.253241278000075 ], [ 73.23601321700005, 17.220607815000051 ], [ 73.236175977000073, 17.199204820000091 ], [ 73.25513756600003, 17.165187893000052 ], [ 73.260590040000068, 17.150539455000057 ], [ 73.261973504000082, 17.134955145000049 ], [ 73.25513756600003, 17.120998440000051 ], [ 73.267425977000073, 17.101385809000078 ], [ 73.275726759000065, 17.078599351000037 ], [ 73.277354363000029, 17.054673570000091 ], [ 73.269379102000073, 17.031642971000053 ], [ 73.258962436000047, 17.044094143000052 ], [ 73.251475457000083, 17.04242584800005 ], [ 73.25123131600003, 17.032171942000048 ], [ 73.262705925000034, 17.018540757000039 ], [ 73.254567905000044, 17.006740627000056 ], [ 73.262380405000044, 16.996975002000056 ], [ 73.289398634000065, 16.98383209800005 ], [ 73.274912957000083, 16.958644924000055 ], [ 73.270518425000034, 16.945013739000046 ], [ 73.269379102000073, 16.929185289000088 ], [ 73.279063347000033, 16.891913153000075 ], [ 73.279551629000082, 16.887640692000048 ], [ 73.269379102000073, 16.87563711100006 ], [ 73.27466881600003, 16.848822333000044 ], [ 73.286631707000083, 16.820868231000077 ], [ 73.296885613000029, 16.805650132000039 ], [ 73.303721550000034, 16.81313711100006 ], [ 73.304453972000033, 16.793524481000077 ], [ 73.295258009000065, 16.768052476000037 ], [ 73.289561394000032, 16.740220445000091 ], [ 73.300303582000083, 16.71320221600007 ], [ 73.316579623000052, 16.699896552000041 ], [ 73.32162519600007, 16.692450262000079 ], [ 73.32349694100003, 16.679103908000059 ], [ 73.321462436000047, 16.670843817000048 ], [ 73.312510613000029, 16.658392645000049 ], [ 73.310557488000029, 16.651434637000079 ], [ 73.31218509200005, 16.644720770000049 ], [ 73.32349694100003, 16.620672919000071 ], [ 73.338877800000034, 16.631659247000073 ], [ 73.354258660000085, 16.634670315000051 ], [ 73.36646569100003, 16.628078518000052 ], [ 73.371267123000052, 16.610174872000073 ], [ 73.368662957000083, 16.599025783000059 ], [ 73.363047722000033, 16.596828518000052 ], [ 73.358409050000034, 16.603949286000045 ], [ 73.358246290000068, 16.620672919000071 ], [ 73.326996290000068, 16.607123114000046 ], [ 73.32349694100003, 16.606431382000039 ], [ 73.31609134200005, 16.600043036000045 ], [ 73.314626498000052, 16.599432684000078 ], [ 73.31609134200005, 16.59829336100006 ], [ 73.317230665000068, 16.590277411000045 ], [ 73.322764519000032, 16.576157945000091 ], [ 73.336436394000032, 16.565619208000044 ], [ 73.354014519000032, 16.559637762000079 ], [ 73.371267123000052, 16.559271552000041 ], [ 73.365000847000033, 16.554388739000046 ], [ 73.354340040000068, 16.543158270000049 ], [ 73.35084069100003, 16.538153387000079 ], [ 73.356211785000085, 16.530747789000088 ], [ 73.362315300000034, 16.525458075000074 ], [ 73.369476759000065, 16.521470445000091 ], [ 73.378672722000033, 16.51829661700009 ], [ 73.355723504000082, 16.519435940000051 ], [ 73.344004754000082, 16.523586330000057 ], [ 73.32349694100003, 16.544989325000074 ], [ 73.32195071700005, 16.548488674000055 ], [ 73.314952019000032, 16.557603257000039 ], [ 73.307302280000044, 16.563177802000041 ], [ 73.303721550000034, 16.555568752000056 ], [ 73.302989129000082, 16.533026434000078 ], [ 73.305837436000047, 16.522650458000044 ], [ 73.31381269600007, 16.51829661700009 ], [ 73.319183790000068, 16.509751695000091 ], [ 73.333994988000029, 16.468166408000059 ], [ 73.341319207000083, 16.432074286000045 ], [ 73.352061394000032, 16.418117580000057 ], [ 73.367442254000082, 16.408636786000045 ], [ 73.384938998000052, 16.401597398000092 ], [ 73.373057488000029, 16.395656643000052 ], [ 73.364431186000047, 16.38930898600006 ], [ 73.359385613000029, 16.380601304000038 ], [ 73.358246290000068, 16.36749909100007 ], [ 73.375661655000044, 16.360256252000056 ], [ 73.378672722000033, 16.356919664000088 ], [ 73.377777540000068, 16.337958075000074 ], [ 73.378672722000033, 16.332709052000041 ], [ 73.406097852000073, 16.250799872000073 ], [ 73.410411004000082, 16.230454820000091 ], [ 73.413584832000083, 16.223944403000075 ], [ 73.419688347000033, 16.216701565000051 ], [ 73.425954623000052, 16.21515534100007 ], [ 73.430837436000047, 16.218736070000091 ], [ 73.43523196700005, 16.217840887000079 ], [ 73.440196160000085, 16.202337958000044 ], [ 73.440196160000085, 16.162014065000051 ], [ 73.447032097000033, 16.11359284100007 ], [ 73.448008660000085, 16.14329661700009 ], [ 73.45281009200005, 16.166571356000077 ], [ 73.465017123000052, 16.18227773600006 ], [ 73.48796634200005, 16.189357815000051 ], [ 73.479258660000085, 16.177232164000088 ], [ 73.470225457000083, 16.168890692000048 ], [ 73.463389519000032, 16.159572658000059 ], [ 73.460703972000033, 16.144680080000057 ], [ 73.460703972000033, 16.086330471000053 ], [ 73.457530144000032, 16.07953522300005 ], [ 73.452972852000073, 16.074164130000042 ], [ 73.447032097000033, 16.068915106000077 ], [ 73.450368686000047, 16.05890534100007 ], [ 73.457530144000032, 16.054185289000088 ], [ 73.464854363000029, 16.051662502000056 ], [ 73.46810957100007, 16.048488674000055 ], [ 73.472504102000073, 16.036363023000092 ], [ 73.483897332000083, 16.028225002000056 ], [ 73.49927819100003, 16.024318752000056 ], [ 73.515961134000065, 16.02484772300005 ], [ 73.515961134000065, 16.017401434000078 ], [ 73.487315300000034, 16.014227606000077 ], [ 73.490977410000085, 15.993475653000075 ], [ 73.510101759000065, 15.967596747000073 ], [ 73.52898196700005, 15.949164130000042 ], [ 73.58757571700005, 15.902899481000077 ], [ 73.604665561000047, 15.880845445000091 ], [ 73.638845248000052, 15.817206122000073 ], [ 73.646250847000033, 15.792141018000052 ], [ 73.643565300000034, 15.749090887000079 ], [ 73.646250847000033, 15.736883856000077 ], [ 73.656016472000033, 15.730292059000078 ], [ 73.672373894000032, 15.726507880000042 ], [ 73.689870639000048, 15.72447337400007 ], [ 73.70085696700005, 15.723211981000077 ], [ 73.68677819100003, 15.713120835000041 ], [ 73.685883009000065, 15.704291083000044 ], [ 73.69076582100007, 15.693793036000045 ], [ 73.697927280000044, 15.66282786700009 ], [ 73.707041863000029, 15.643703518000052 ], [ 73.718272332000083, 15.627142645000049 ], [ 73.728282097000033, 15.619574286000045 ], [ 73.733246290000068, 15.625067450000074 ], [ 73.768239780000044, 15.646918036000045 ], [ 73.77662194100003, 15.650864976000037 ], [ 73.783864780000044, 15.659125067000048 ], [ 73.801036004000082, 15.661851304000038 ], [ 73.838145379000082, 15.661118882000039 ], [ 73.838145379000082, 15.654282945000091 ], [ 73.787364129000082, 15.641791083000044 ], [ 73.760427280000044, 15.632025458000044 ], [ 73.748708530000044, 15.616766669000071 ], [ 73.746592644000032, 15.608384507000039 ], [ 73.741709832000083, 15.604193427000041 ], [ 73.737071160000085, 15.598537502000056 ], [ 73.735118035000085, 15.586004950000074 ], [ 73.736827019000032, 15.57172272300005 ], [ 73.741221550000034, 15.559963283000059 ], [ 73.756114129000082, 15.537583726000037 ], [ 73.75123131600003, 15.51312897300005 ], [ 73.766286655000044, 15.497259833000044 ], [ 73.78638756600003, 15.492173570000091 ], [ 73.796397332000083, 15.500392971000053 ], [ 73.865977410000085, 15.537583726000037 ], [ 73.865977410000085, 15.531398830000057 ], [ 73.860524936000047, 15.525864976000037 ], [ 73.859548373000052, 15.521144924000055 ], [ 73.863129102000073, 15.51634349200009 ], [ 73.872243686000047, 15.510931708000044 ], [ 73.828135613000029, 15.50141022300005 ], [ 73.817556186000047, 15.496649481000077 ], [ 73.808848504000082, 15.488023179000038 ], [ 73.80046634200005, 15.475002346000053 ], [ 73.795176629000082, 15.460760809000078 ], [ 73.796397332000083, 15.448879299000055 ], [ 73.806162957000083, 15.452215887000079 ], [ 73.841563347000033, 15.448879299000055 ], [ 73.846853061000047, 15.447088934000078 ], [ 73.854177280000044, 15.438299872000073 ], [ 73.858571811000047, 15.435207424000055 ], [ 73.865082227000073, 15.43431224200009 ], [ 73.879161004000082, 15.435777085000041 ], [ 73.885915561000047, 15.435207424000055 ], [ 73.927582227000073, 15.417385158000059 ], [ 73.937022332000083, 15.411322333000044 ], [ 73.959971550000034, 15.380682684000078 ], [ 73.967784050000034, 15.37376536700009 ], [ 73.96420332100007, 15.370184637000079 ], [ 73.961680535000085, 15.368231512000079 ], [ 73.958506707000083, 15.367173570000091 ], [ 73.954112175000034, 15.366278387000079 ], [ 73.945323113000029, 15.385687567000048 ], [ 73.933360222000033, 15.395412502000056 ], [ 73.899587436000047, 15.407904364000046 ], [ 73.884938998000052, 15.398016669000071 ], [ 73.871918165000068, 15.401841539000088 ], [ 73.860118035000085, 15.407863674000055 ], [ 73.848399285000085, 15.404486395000049 ], [ 73.839366082000083, 15.404038804000038 ], [ 73.78288821700005, 15.407904364000046 ], [ 73.810394727000073, 15.37759023600006 ], [ 73.82740319100003, 15.365179755000042 ], [ 73.848399285000085, 15.36009349200009 ], [ 73.869476759000065, 15.359564520000049 ], [ 73.882578972000033, 15.355292059000078 ], [ 73.891286655000044, 15.34320709800005 ], [ 73.947276238000029, 15.160834052000041 ], [ 73.954112175000034, 15.16828034100007 ], [ 73.96216881600003, 15.152044989000046 ], [ 73.95826256600003, 15.143133856000077 ], [ 73.937022332000083, 15.130438544000071 ], [ 73.92896569100003, 15.120591539000088 ], [ 73.922536655000044, 15.107855536000045 ], [ 73.913096550000034, 15.078924872000073 ], [ 73.964366082000083, 15.064642645000049 ], [ 73.972992384000065, 15.056870835000041 ], [ 73.99577884200005, 15.010687567000048 ], [ 74.006846550000034, 15.004868882000039 ], [ 74.020192905000044, 15.001776434000078 ], [ 74.031260613000029, 14.995306708000044 ], [ 74.035980665000068, 14.979641018000052 ], [ 74.031016472000033, 14.949774481000077 ], [ 74.030284050000034, 14.935207424000055 ], [ 74.035980665000068, 14.921291408000059 ], [ 74.077159050000034, 14.898382880000042 ], [ 74.081065300000034, 14.89398834800005 ], [ 74.09115644600007, 14.887600002000056 ], [ 74.103037957000083, 14.856919664000088 ], [ 74.111827019000032, 14.846177476000037 ], [ 74.125010613000029, 14.845851955000057 ], [ 74.140879754000082, 14.852687893000052 ], [ 74.154063347000033, 14.862127997000073 ], [ 74.15951582100007, 14.86977773600006 ], [ 74.166188998000052, 14.876532294000071 ], [ 74.197520379000082, 14.890855210000041 ], [ 74.208018425000034, 14.900824286000045 ], [ 74.211192254000082, 14.88735586100006 ], [ 74.220876498000052, 14.882066148000092 ], [ 74.230723504000082, 14.880113023000092 ], [ 74.235199415000068, 14.876532294000071 ], [ 74.233083530000044, 14.864569403000075 ], [ 74.226898634000065, 14.86273834800005 ], [ 74.21810957100007, 14.865383205000057 ], [ 74.208018425000034, 14.86664459800005 ], [ 74.19068444100003, 14.863104559000078 ], [ 74.17896569100003, 14.856268622000073 ], [ 74.169688347000033, 14.84446849200009 ], [ 74.15951582100007, 14.825669664000088 ], [ 74.151540561000047, 14.835109768000052 ], [ 74.140472852000073, 14.838771877000056 ], [ 74.128754102000073, 14.837469794000071 ], [ 74.118662957000083, 14.831854559000078 ], [ 74.114268425000034, 14.82094961100006 ], [ 74.114024285000085, 14.808417059000078 ], [ 74.109141472000033, 14.802639065000051 ], [ 74.091319207000083, 14.811428127000056 ], [ 74.096446160000085, 14.793361721000053 ], [ 74.111338738000029, 14.780340887000079 ], [ 74.14584394600007, 14.763617255000042 ], [ 74.146494988000029, 14.761867580000057 ], [ 74.153330925000034, 14.749945380000042 ], [ 74.157725457000083, 14.748968817000048 ], [ 74.169444207000083, 14.750881252000056 ], [ 74.173838738000029, 14.749945380000042 ], [ 74.180674675000034, 14.742173570000091 ], [ 74.194346550000034, 14.715806382000039 ], [ 74.208750847000033, 14.731838283000059 ], [ 74.220469597000033, 14.738104559000078 ], [ 74.23406009200005, 14.734076239000046 ], [ 74.252940300000034, 14.718939520000049 ], [ 74.263194207000083, 14.701605536000045 ], [ 74.26921634200005, 14.65892161700009 ], [ 74.276215040000068, 14.64008209800005 ], [ 74.26685631600003, 14.631293036000045 ], [ 74.268077019000032, 14.619940497000073 ], [ 74.275889519000032, 14.610174872000073 ], [ 74.287119988000029, 14.605943101000037 ], [ 74.301117384000065, 14.609320380000042 ], [ 74.312266472000033, 14.615464585000041 ], [ 74.32390384200005, 14.61859772300005 ], [ 74.339040561000047, 14.612779039000088 ], [ 74.339040561000047, 14.605943101000037 ], [ 74.307383660000085, 14.60187409100007 ], [ 74.295176629000082, 14.587307033000059 ], [ 74.295909050000034, 14.565008856000077 ], [ 74.303558790000068, 14.537665106000077 ], [ 74.300547722000033, 14.527411200000074 ], [ 74.30982506600003, 14.519435940000051 ], [ 74.324880405000044, 14.517238674000055 ], [ 74.339040561000047, 14.523993231000077 ], [ 74.342946811000047, 14.536851304000038 ], [ 74.340993686000047, 14.551174221000053 ], [ 74.342946811000047, 14.563666083000044 ], [ 74.35873457100007, 14.571234442000048 ], [ 74.355804884000065, 14.562404690000051 ], [ 74.355479363000029, 14.557074286000045 ], [ 74.35873457100007, 14.544582424000055 ], [ 74.364105665000068, 14.54913971600007 ], [ 74.368337436000047, 14.549709377000056 ], [ 74.379242384000065, 14.544582424000055 ], [ 74.377126498000052, 14.541001695000091 ], [ 74.37468509200005, 14.533758856000077 ], [ 74.37240644600007, 14.530218817000048 ], [ 74.385427280000044, 14.524115302000041 ], [ 74.427744988000029, 14.476263739000046 ], [ 74.401133660000085, 14.479722398000092 ], [ 74.397634311000047, 14.475409247000073 ], [ 74.407237175000034, 14.461981512000079 ], [ 74.388845248000052, 14.462713934000078 ], [ 74.377452019000032, 14.484605210000041 ], [ 74.367035352000073, 14.51235586100006 ], [ 74.351898634000065, 14.530218817000048 ], [ 74.353851759000065, 14.505072333000044 ], [ 74.37427819100003, 14.467271226000037 ], [ 74.381602410000085, 14.431219794000071 ], [ 74.386729363000029, 14.424221096000053 ], [ 74.39185631600003, 14.419012762000079 ], [ 74.39421634200005, 14.41079336100006 ], [ 74.394379102000073, 14.384914455000057 ], [ 74.396983269000032, 14.372748114000046 ], [ 74.40357506600003, 14.362982489000046 ], [ 74.412608269000032, 14.344794012000079 ], [ 74.41537519600007, 14.30109284100007 ], [ 74.427744988000029, 14.28384023600006 ], [ 74.436371290000068, 14.279689846000053 ], [ 74.500010613000029, 14.257961330000057 ], [ 74.508962436000047, 14.25031159100007 ], [ 74.494965040000068, 14.247463283000059 ], [ 74.471039259000065, 14.24868398600006 ], [ 74.447032097000033, 14.253973700000074 ], [ 74.433360222000033, 14.263373114000046 ], [ 74.42904707100007, 14.240423895000049 ], [ 74.43873131600003, 14.220119533000059 ], [ 74.467458530000044, 14.181382554000038 ], [ 74.473155144000032, 14.161688544000071 ], [ 74.474864129000082, 14.105698960000041 ], [ 74.479177280000044, 14.095648505000042 ], [ 74.491384311000047, 14.080633856000077 ], [ 74.49537194100003, 14.071519273000092 ], [ 74.496267123000052, 14.061509507000039 ], [ 74.494802280000044, 14.040716864000046 ], [ 74.49537194100003, 14.030585028000075 ], [ 74.504730665000068, 14.010239976000037 ], [ 74.53638756600003, 13.969875393000052 ], [ 74.550791863000029, 13.945502020000049 ], [ 74.583994988000029, 13.903876044000071 ], [ 74.595957879000082, 13.871486721000053 ], [ 74.61459394600007, 13.835516669000071 ], [ 74.623057488000029, 13.77415599200009 ], [ 74.646983269000032, 13.692084052000041 ], [ 74.660492384000065, 13.660060940000051 ], [ 74.676036004000082, 13.701076565000051 ], [ 74.687754754000082, 13.711818752000056 ], [ 74.701426629000082, 13.69476959800005 ], [ 74.688975457000083, 13.69086334800005 ], [ 74.688324415000068, 13.685939846000053 ], [ 74.701426629000082, 13.673732815000051 ], [ 74.712901238000029, 13.656195380000042 ], [ 74.720550977000073, 13.652289130000042 ], [ 74.73560631600003, 13.653794664000088 ], [ 74.723806186000047, 13.645575262000079 ], [ 74.709971550000034, 13.640570380000042 ], [ 74.696787957000083, 13.640448309000078 ], [ 74.68718509200005, 13.646958726000037 ], [ 74.68091881600003, 13.646958726000037 ], [ 74.679698113000029, 13.636460679000038 ], [ 74.67709394600007, 13.63031647300005 ], [ 74.672862175000034, 13.628892320000091 ], [ 74.666677280000044, 13.632757880000042 ], [ 74.667165561000047, 13.628607489000046 ], [ 74.667979363000029, 13.625148830000057 ], [ 74.669932488000029, 13.622015692000048 ], [ 74.67351321700005, 13.619086005000042 ], [ 74.671397332000083, 13.603949286000045 ], [ 74.677989129000082, 13.54913971600007 ], [ 74.67709394600007, 13.526760158000059 ], [ 74.701426629000082, 13.461371161000045 ], [ 74.70240319100003, 13.442613023000092 ], [ 74.701914910000085, 13.420355536000045 ], [ 74.70826256600003, 13.413031317000048 ], [ 74.693695509000065, 13.415269273000092 ], [ 74.69076582100007, 13.439113674000055 ], [ 74.68091881600003, 13.468247789000088 ], [ 74.683360222000033, 13.44281647300005 ], [ 74.687510613000029, 13.410345770000049 ], [ 74.69459069100003, 13.393133856000077 ], [ 74.689463738000029, 13.38157786700009 ], [ 74.696136915000068, 13.36595286700009 ], [ 74.707204623000052, 13.34837474200009 ], [ 74.715098504000082, 13.331040757000039 ], [ 74.733409050000034, 13.262762762000079 ], [ 74.737803582000083, 13.221380927000041 ], [ 74.748789910000085, 13.170843817000048 ], [ 74.752940300000034, 13.160386460000041 ], [ 74.759776238000029, 13.155218817000048 ], [ 74.761892123000052, 13.143133856000077 ], [ 74.76295006600003, 13.118801174000055 ], [ 74.76921634200005, 13.099554755000042 ], [ 74.774099155000044, 13.093410549000055 ], [ 74.783376498000052, 13.084662177000041 ], [ 74.770274285000085, 13.052435614000046 ], [ 74.817556186000047, 12.861761786000045 ], [ 74.850596550000034, 12.857163804000038 ], [ 74.894786004000082, 12.871161200000074 ], [ 74.940928582000083, 12.878607489000046 ], [ 74.93287194100003, 12.866441148000092 ], [ 74.917491082000083, 12.85814036700009 ], [ 74.901133660000085, 12.853420315000051 ], [ 74.889821811000047, 12.85187409100007 ], [ 74.881114129000082, 12.848049221000053 ], [ 74.866953972000033, 12.830023505000042 ], [ 74.859141472000033, 12.824611721000053 ], [ 74.851410352000073, 12.825506903000075 ], [ 74.824961785000085, 12.83820221600007 ], [ 74.827647332000083, 12.824652411000045 ], [ 74.834971550000034, 12.815822658000059 ], [ 74.844004754000082, 12.808010158000059 ], [ 74.852305535000085, 12.797308661000045 ], [ 74.85474694100003, 12.787014065000051 ], [ 74.854258660000085, 12.765285549000055 ], [ 74.855723504000082, 12.759426174000055 ], [ 74.870127800000034, 12.742865302000041 ], [ 74.879649285000085, 12.725490627000056 ], [ 74.955251498000052, 12.537258205000057 ], [ 74.976735873000052, 12.507025458000044 ], [ 74.985362175000034, 12.491359768000052 ], [ 74.988780144000032, 12.471380927000041 ], [ 74.992035352000073, 12.461737372000073 ], [ 74.99935957100007, 12.454901434000078 ], [ 75.006602410000085, 12.449448960000041 ], [ 75.009938998000052, 12.443793036000045 ], [ 75.01099694100003, 12.435777085000041 ], [ 75.018402540000068, 12.414740302000041 ], [ 75.082855665000068, 12.305894273000092 ], [ 75.098643425000034, 12.269029039000088 ], [ 75.10474694100003, 12.246079820000091 ], [ 75.106130405000044, 12.233710028000075 ], [ 75.105479363000029, 12.221258856000077 ], [ 75.113942905000044, 12.230169989000046 ], [ 75.119639519000032, 12.23899974200009 ], [ 75.126719597000033, 12.245835679000038 ], [ 75.139659050000034, 12.248602606000077 ], [ 75.139659050000034, 12.241766669000071 ], [ 75.130869988000029, 12.207831122000073 ], [ 75.14380944100003, 12.161322333000044 ], [ 75.180511915000068, 12.077297268000052 ], [ 75.186289910000085, 12.041571356000077 ], [ 75.193695509000065, 12.022284247000073 ], [ 75.208506707000083, 12.008368231000077 ], [ 75.207041863000029, 12.01203034100007 ], [ 75.21062259200005, 12.016994533000059 ], [ 75.21648196700005, 12.021063544000071 ], [ 75.222178582000083, 12.022040106000077 ], [ 75.224457227000073, 12.019354559000078 ], [ 75.22820071700005, 12.01508209800005 ], [ 75.233246290000068, 12.01048411700009 ], [ 75.239268425000034, 12.008368231000077 ], [ 75.245616082000083, 12.002915757000039 ], [ 75.27670332100007, 11.96743398600006 ], [ 75.260508660000085, 11.997788804000038 ], [ 75.264333530000044, 12.013332424000055 ], [ 75.304209832000083, 12.043158270000049 ], [ 75.305593295000051, 12.041774807000081 ], [ 75.324961785000085, 12.022650458000044 ], [ 75.32976321700005, 12.012640692000048 ], [ 75.314707879000082, 12.008368231000077 ], [ 75.281097852000073, 12.010646877000056 ], [ 75.278819207000083, 12.003241278000075 ], [ 75.29037519600007, 11.98110586100006 ], [ 75.302256707000083, 11.966050523000092 ], [ 75.31609134200005, 11.955633856000077 ], [ 75.33171634200005, 11.94953034100007 ], [ 75.349131707000083, 11.94757721600007 ], [ 75.361338738000029, 11.951239325000074 ], [ 75.38021894600007, 11.968695380000042 ], [ 75.393402540000068, 11.974839585000041 ], [ 75.38599694100003, 11.958319403000075 ], [ 75.382823113000029, 11.945502020000049 ], [ 75.386566602000073, 11.935126044000071 ], [ 75.400238477000073, 11.926459052000041 ], [ 75.400238477000073, 11.92023346600007 ], [ 75.326508009000065, 11.93585846600007 ], [ 75.307627800000034, 11.932196356000077 ], [ 75.324554884000065, 11.899115302000041 ], [ 75.349375847000033, 11.871975002000056 ], [ 75.352549675000034, 11.861558335000041 ], [ 75.355804884000065, 11.857652085000041 ], [ 75.372569207000083, 11.864732164000088 ], [ 75.379730665000068, 11.864976304000038 ], [ 75.506114129000082, 11.727240302000041 ], [ 75.530772332000083, 11.69367096600007 ], [ 75.58529707100007, 11.563381252000056 ], [ 75.581879102000073, 11.549790757000039 ], [ 75.60084069100003, 11.523382880000042 ], [ 75.606293165000068, 11.50531647300005 ], [ 75.608897332000083, 11.484930731000077 ], [ 75.61654707100007, 11.473618882000039 ], [ 75.63013756600003, 11.468736070000091 ], [ 75.650157097000033, 11.467759507000039 ], [ 75.664805535000085, 11.462632554000038 ], [ 75.67709394600007, 11.450100002000056 ], [ 75.695160352000073, 11.419989325000074 ], [ 75.711192254000082, 11.381781317000048 ], [ 75.722178582000083, 11.36749909100007 ], [ 75.735524936000047, 11.371527411000045 ], [ 75.742442254000082, 11.358710028000075 ], [ 75.73951256600003, 11.350734768000052 ], [ 75.729258660000085, 11.343654690000051 ], [ 75.730804884000065, 11.331732489000046 ], [ 75.73365319100003, 11.325181382000039 ], [ 75.737803582000083, 11.319484768000052 ], [ 75.742930535000085, 11.310126044000071 ], [ 75.832774285000085, 11.097845770000049 ], [ 75.88013756600003, 10.932684637000079 ], [ 75.894541863000029, 10.849758205000057 ], [ 75.911143425000034, 10.80923086100006 ], [ 75.941579623000052, 10.796210028000075 ], [ 75.936534050000034, 10.790716864000046 ], [ 75.924082879000082, 10.78070709800005 ], [ 75.921071811000047, 10.77570221600007 ], [ 75.922048373000052, 10.765570380000042 ], [ 75.926931186000047, 10.757717190000051 ], [ 75.932139519000032, 10.750962632000039 ], [ 75.934743686000047, 10.744330145000049 ], [ 75.93913821700005, 10.726060289000088 ], [ 75.99968509200005, 10.605536200000074 ], [ 76.008067254000082, 10.567084052000041 ], [ 76.018728061000047, 10.553412177000041 ], [ 76.04460696700005, 10.529282945000091 ], [ 76.05241946700005, 10.51398346600007 ], [ 76.063324415000068, 10.47016022300005 ], [ 76.065114780000044, 10.44985586100006 ], [ 76.070078972000033, 10.432806708000044 ], [ 76.106130405000044, 10.384670315000051 ], [ 76.120616082000083, 10.343573309000078 ], [ 76.138194207000083, 10.261053778000075 ], [ 76.153168165000068, 10.22016022300005 ], [ 76.160492384000065, 10.206244208000044 ], [ 76.170583530000044, 10.193752346000053 ], [ 76.184092644000032, 10.189357815000051 ], [ 76.201670769000032, 10.199693101000037 ], [ 76.209483269000032, 10.216009833000044 ], [ 76.207855665000068, 10.234564520000049 ], [ 76.194834832000083, 10.268622137000079 ], [ 76.20630944100003, 10.262884833000044 ], [ 76.213389519000032, 10.253241278000075 ], [ 76.222829623000052, 10.234442450000074 ], [ 76.22779381600003, 10.234279690000051 ], [ 76.234385613000029, 10.237941799000055 ], [ 76.240244988000029, 10.238959052000041 ], [ 76.242686394000032, 10.231024481000077 ], [ 76.241709832000083, 10.223944403000075 ], [ 76.237315300000034, 10.216986395000049 ], [ 76.236338738000029, 10.210272528000075 ], [ 76.224131707000083, 10.196926174000055 ], [ 76.177500847000033, 10.17064036700009 ], [ 76.177744988000029, 10.155340887000079 ], [ 76.184580925000034, 10.144924221000053 ], [ 76.18490644600007, 10.135809637000079 ], [ 76.181162957000083, 10.121161200000074 ], [ 76.182383660000085, 10.105658270000049 ], [ 76.214610222000033, 10.024481512000079 ], [ 76.22820071700005, 9.999945380000042 ], [ 76.242686394000032, 9.987453518000052 ], [ 76.235036655000044, 10.005072333000044 ], [ 76.230967644000032, 10.025824286000045 ], [ 76.229014519000032, 10.065904039000088 ], [ 76.223480665000068, 10.082098700000074 ], [ 76.213552280000044, 10.098822333000044 ], [ 76.207530144000032, 10.117132880000042 ], [ 76.215342644000032, 10.138251044000071 ], [ 76.222911004000082, 10.117621161000045 ], [ 76.227712436000047, 10.109564520000049 ], [ 76.236338738000029, 10.103461005000042 ], [ 76.245127800000034, 10.10219961100006 ], [ 76.255056186000047, 10.047674872000073 ], [ 76.273936394000032, 10.035834052000041 ], [ 76.269297722000033, 10.01626211100006 ], [ 76.278168165000068, 9.977932033000059 ], [ 76.29428144600007, 9.951320705000057 ], [ 76.311534050000034, 9.966945705000057 ], [ 76.320811394000032, 9.953314520000049 ], [ 76.359222852000073, 9.915432033000059 ], [ 76.363780144000032, 9.899237372000073 ], [ 76.385590040000068, 9.861517645000049 ], [ 76.394053582000083, 9.842840887000079 ], [ 76.396494988000029, 9.822658596000053 ], [ 76.391286655000044, 9.812201239000046 ], [ 76.38404381600003, 9.802639065000051 ], [ 76.380381707000083, 9.785101630000042 ], [ 76.38209069100003, 9.774725653000075 ], [ 76.390798373000052, 9.756984768000052 ], [ 76.394053582000083, 9.747219143000052 ], [ 76.394786004000082, 9.735174872000073 ], [ 76.392100457000083, 9.716945705000057 ], [ 76.394053582000083, 9.706244208000044 ], [ 76.402598504000082, 9.710598049000055 ], [ 76.410004102000073, 9.700262762000079 ], [ 76.414561394000032, 9.682684637000079 ], [ 76.415049675000034, 9.63617584800005 ], [ 76.41960696700005, 9.614488023000092 ], [ 76.419688347000033, 9.594183661000045 ], [ 76.406993035000085, 9.56907786700009 ], [ 76.41724694100003, 9.561428127000056 ], [ 76.428233269000032, 9.55540599200009 ], [ 76.44849694100003, 9.563421942000048 ], [ 76.466563347000033, 9.556382554000038 ], [ 76.484385613000029, 9.543768622000073 ], [ 76.50326582100007, 9.534979559000078 ], [ 76.477061394000032, 9.503729559000078 ], [ 76.458994988000029, 9.497300523000092 ], [ 76.435069207000083, 9.507635809000078 ], [ 76.425791863000029, 9.505275783000059 ], [ 76.376719597000033, 9.514471747000073 ], [ 76.357432488000029, 9.520697333000044 ], [ 76.353282097000033, 9.535345770000049 ], [ 76.372894727000073, 9.624335028000075 ], [ 76.379161004000082, 9.637762762000079 ], [ 76.386566602000073, 9.64984772300005 ], [ 76.392425977000073, 9.66282786700009 ], [ 76.394053582000083, 9.678941148000092 ], [ 76.377126498000052, 9.695502020000049 ], [ 76.368011915000068, 9.71556224200009 ], [ 76.359222852000073, 9.76829661700009 ], [ 76.35865319100003, 9.781805731000077 ], [ 76.361094597000033, 9.803859768000052 ], [ 76.359222852000073, 9.816107489000046 ], [ 76.353037957000083, 9.829820054000038 ], [ 76.337412957000083, 9.85618724200009 ], [ 76.332692905000044, 9.870754299000055 ], [ 76.320078972000033, 9.86163971600007 ], [ 76.323985222000033, 9.846177476000037 ], [ 76.346202019000032, 9.816107489000046 ], [ 76.33757571700005, 9.789252020000049 ], [ 76.34734134200005, 9.72687409100007 ], [ 76.346202019000032, 9.699408270000049 ], [ 76.338877800000034, 9.699408270000049 ], [ 76.31381269600007, 9.861314195000091 ], [ 76.308604363000029, 9.87962474200009 ], [ 76.297129754000082, 9.870754299000055 ], [ 76.304698113000029, 9.856268622000073 ], [ 76.299978061000047, 9.847805080000057 ], [ 76.289805535000085, 9.843817450000074 ], [ 76.280772332000083, 9.842840887000079 ], [ 76.28443444100003, 9.848211981000077 ], [ 76.288259311000047, 9.861232815000051 ], [ 76.289073113000029, 9.877142645000049 ], [ 76.284190300000034, 9.891180731000077 ], [ 76.27857506600003, 9.876898505000042 ], [ 76.277354363000029, 9.870754299000055 ], [ 76.26685631600003, 9.876044012000079 ], [ 76.260590040000068, 9.884711005000042 ], [ 76.257660352000073, 9.895819403000075 ], [ 76.256846550000034, 9.908596096000053 ], [ 76.262217644000032, 9.91156647300005 ], [ 76.285655144000032, 9.904364325000074 ], [ 76.291026238000029, 9.908596096000053 ], [ 76.284678582000083, 9.928534247000073 ], [ 76.269541863000029, 9.950995184000078 ], [ 76.251475457000083, 9.963120835000041 ], [ 76.236338738000029, 9.952704169000071 ], [ 76.240244988000029, 9.939398505000042 ], [ 76.246755405000044, 9.893744208000044 ], [ 76.25318444100003, 9.883734442000048 ], [ 76.277354363000029, 9.809271552000041 ], [ 76.297129754000082, 9.658433335000041 ], [ 76.291026238000029, 9.633205471000053 ], [ 76.31177819100003, 9.492987372000073 ], [ 76.36296634200005, 9.325181382000039 ], [ 76.442556186000047, 9.14516836100006 ], [ 76.448741082000083, 9.14516836100006 ], [ 76.446787957000083, 9.15961334800005 ], [ 76.416026238000029, 9.236314195000091 ], [ 76.414561394000032, 9.246975002000056 ], [ 76.428233269000032, 9.245347398000092 ], [ 76.443369988000029, 9.212144273000092 ], [ 76.462412957000083, 9.151353257000039 ], [ 76.469086134000065, 9.151353257000039 ], [ 76.470957879000082, 9.160142320000091 ], [ 76.473317905000044, 9.164252020000049 ], [ 76.482758009000065, 9.171820380000042 ], [ 76.47624759200005, 9.131252346000053 ], [ 76.476573113000029, 9.116603908000059 ], [ 76.469086134000065, 9.116603908000059 ], [ 76.468272332000083, 9.124579169000071 ], [ 76.466644727000073, 9.128973700000074 ], [ 76.46452884200005, 9.132513739000046 ], [ 76.462412957000083, 9.138332424000055 ], [ 76.460459832000083, 9.114935614000046 ], [ 76.489268425000034, 9.055568752000056 ], [ 76.500173373000052, 9.022284247000073 ], [ 76.513845248000052, 9.002142645000049 ], [ 76.51685631600003, 8.990627346000053 ], [ 76.517914259000065, 8.977443752000056 ], [ 76.521494988000029, 8.961330471000053 ], [ 76.528086785000085, 8.946966864000046 ], [ 76.538096550000034, 8.939113674000055 ], [ 76.53443444100003, 8.957831122000073 ], [ 76.538828972000033, 8.972601630000042 ], [ 76.549652540000068, 8.984442450000074 ], [ 76.565440300000034, 8.994330145000049 ], [ 76.561534050000034, 8.978989976000037 ], [ 76.558116082000083, 8.973049221000053 ], [ 76.551117384000065, 8.966376044000071 ], [ 76.558604363000029, 8.952093817000048 ], [ 76.565928582000083, 8.963283596000053 ], [ 76.576833530000044, 8.994126695000091 ], [ 76.582774285000085, 9.000555731000077 ], [ 76.606455925000034, 8.989406643000052 ], [ 76.620616082000083, 8.987127997000073 ], [ 76.626719597000033, 8.997463283000059 ], [ 76.63209069100003, 9.002346096000053 ], [ 76.644053582000083, 9.007879950000074 ], [ 76.65788821700005, 9.010687567000048 ], [ 76.668467644000032, 9.007391669000071 ], [ 76.668467644000032, 8.999823309000078 ], [ 76.656504754000082, 8.995062567000048 ], [ 76.64193769600007, 8.991359768000052 ], [ 76.634287957000083, 8.986883856000077 ], [ 76.640391472000033, 8.984442450000074 ], [ 76.652110222000033, 8.97728099200009 ], [ 76.660817905000044, 8.969875393000052 ], [ 76.65756269600007, 8.966376044000071 ], [ 76.603282097000033, 8.973211981000077 ], [ 76.593272332000083, 8.96820709800005 ], [ 76.582286004000082, 8.956366278000075 ], [ 76.573985222000033, 8.942572333000044 ], [ 76.572276238000029, 8.931626695000091 ], [ 76.581553582000083, 8.919907945000091 ], [ 76.593760613000029, 8.921047268000052 ], [ 76.607269727000073, 8.925767320000091 ], [ 76.620616082000083, 8.925441799000055 ], [ 76.609873894000032, 8.917954820000091 ], [ 76.59115644600007, 8.908148505000042 ], [ 76.573252800000034, 8.904445705000057 ], [ 76.559092644000032, 8.92523834800005 ], [ 76.54810631600003, 8.924221096000053 ], [ 76.543955925000034, 8.912502346000053 ], [ 76.558604363000029, 8.890692450000074 ], [ 76.644541863000029, 8.81899648600006 ], [ 76.660329623000052, 8.799750067000048 ], [ 76.695648634000065, 8.739813544000071 ], [ 76.731293165000068, 8.707953192000048 ], [ 76.741709832000083, 8.684515692000048 ], [ 76.81373131600003, 8.601263739000046 ], [ 76.826508009000065, 8.569810289000088 ], [ 76.88013756600003, 8.520697333000044 ], [ 76.96257571700005, 8.404689846000053 ], [ 76.995860222000033, 8.368109442000048 ], [ 77.110362175000034, 8.285183010000083 ], [ 77.128754102000073, 8.27179596600007 ], [ 77.225271030000044, 8.184393622000073 ], [ 77.238942905000044, 8.175116278000075 ], [ 77.26295006600003, 8.168402411000045 ], [ 77.28679446700005, 8.153509833000044 ], [ 77.294688347000033, 8.147040106000077 ], [ 77.308604363000029, 8.130926825000074 ], [ 77.315603061000047, 8.127752997000073 ], [ 77.449717644000032, 8.087469794000071 ], [ 77.510915561000047, 8.075995184000078 ], [ 77.565277540000068, 8.082505601000037 ], [ 77.561045769000032, 8.114569403000075 ], [ 77.595225457000083, 8.13898346600007 ], [ 77.64380944100003, 8.15570709800005 ], [ 77.752452019000032, 8.173814195000091 ], [ 77.768321160000085, 8.181545315000051 ], [ 77.793467644000032, 8.215318101000037 ], [ 77.806162957000083, 8.228664455000057 ], [ 77.999766472000033, 8.344916083000044 ], [ 78.038828972000033, 8.360907294000071 ], [ 78.05591881600003, 8.363714911000045 ], [ 78.062754754000082, 8.373195705000057 ], [ 78.079844597000033, 8.43195221600007 ], [ 78.08716881600003, 8.440497137000079 ], [ 78.11459394600007, 8.466131903000075 ], [ 78.123301629000082, 8.477525132000039 ], [ 78.12826582100007, 8.488023179000038 ], [ 78.142344597000033, 8.593085028000075 ], [ 78.135508660000085, 8.625799872000073 ], [ 78.11459394600007, 8.657904364000046 ], [ 78.142588738000029, 8.657904364000046 ], [ 78.136729363000029, 8.669867255000042 ], [ 78.140472852000073, 8.680609442000048 ], [ 78.154958530000044, 8.698879299000055 ], [ 78.164805535000085, 8.726507880000042 ], [ 78.16920006600003, 8.733628648000092 ], [ 78.186534050000034, 8.744940497000073 ], [ 78.204600457000083, 8.753322658000059 ], [ 78.215179884000065, 8.765448309000078 ], [ 78.21021569100003, 8.788275458000044 ], [ 78.20045006600003, 8.769680080000057 ], [ 78.18873131600003, 8.765448309000078 ], [ 78.175791863000029, 8.763902085000041 ], [ 78.162364129000082, 8.753485419000071 ], [ 78.170420769000032, 8.771877346000053 ], [ 78.174489780000044, 8.794419664000088 ], [ 78.177907748000052, 8.861070054000038 ], [ 78.182790561000047, 8.877101955000057 ], [ 78.217621290000068, 8.938950914000088 ], [ 78.239756707000083, 8.96556224200009 ], [ 78.377452019000032, 9.077460028000075 ], [ 78.412119988000029, 9.099839585000041 ], [ 78.449880405000044, 9.116603908000059 ], [ 78.485850457000083, 9.124823309000078 ], [ 78.61882571700005, 9.140529690000051 ], [ 78.634776238000029, 9.144598700000074 ], [ 78.648936394000032, 9.151434637000079 ], [ 78.655121290000068, 9.16156647300005 ], [ 78.661306186000047, 9.17719147300005 ], [ 78.676280144000032, 9.184149481000077 ], [ 78.72779381600003, 9.187445380000042 ], [ 78.740733269000032, 9.19281647300005 ], [ 78.751963738000029, 9.200588283000059 ], [ 78.761566602000073, 9.20970286700009 ], [ 78.777110222000033, 9.21938711100006 ], [ 78.815196160000085, 9.228420315000051 ], [ 78.843760613000029, 9.243963934000078 ], [ 78.86101321700005, 9.248968817000048 ], [ 78.895518425000034, 9.253810940000051 ], [ 78.904470248000052, 9.253566799000055 ], [ 78.911306186000047, 9.252142645000049 ], [ 78.918467644000032, 9.251613674000055 ], [ 78.92896569100003, 9.253810940000051 ], [ 78.948985222000033, 9.270493882000039 ], [ 78.956797722000033, 9.27484772300005 ], [ 78.988942905000044, 9.278265692000048 ], [ 79.025726759000065, 9.27374909100007 ], [ 79.060801629000082, 9.264593817000048 ], [ 79.08716881600003, 9.253810940000051 ], [ 79.098643425000034, 9.257228908000059 ], [ 79.129405144000032, 9.256333726000037 ], [ 79.16537519600007, 9.274237372000073 ], [ 79.184092644000032, 9.27179596600007 ], [ 79.201019727000073, 9.266506252000056 ], [ 79.216970248000052, 9.267401434000078 ], [ 79.232432488000029, 9.257879950000074 ], [ 79.292735222000033, 9.25031159100007 ], [ 79.36101321700005, 9.213446356000077 ], [ 79.424001498000052, 9.159084377000056 ], [ 79.440277540000068, 9.151353257000039 ], [ 79.453623894000032, 9.159002997000073 ], [ 79.438243035000085, 9.176336981000077 ], [ 79.367930535000085, 9.227606512000079 ], [ 79.353526238000029, 9.240912177000041 ], [ 79.34734134200005, 9.25031159100007 ], [ 79.345225457000083, 9.255926825000074 ], [ 79.340586785000085, 9.260931708000044 ], [ 79.335703972000033, 9.267645575000074 ], [ 79.33366946700005, 9.278265692000048 ], [ 79.336680535000085, 9.29047272300005 ], [ 79.342539910000085, 9.299017645000049 ], [ 79.345713738000029, 9.306545315000051 ], [ 79.34107506600003, 9.31586334800005 ], [ 79.320078972000033, 9.323309637000079 ], [ 79.297129754000082, 9.312648830000057 ], [ 79.273773634000065, 9.296698309000078 ], [ 79.251719597000033, 9.28851959800005 ], [ 79.115570509000065, 9.291245835000041 ], [ 79.074717644000032, 9.299872137000079 ], [ 79.039886915000068, 9.314683335000041 ], [ 78.959727410000085, 9.384955145000049 ], [ 78.933441602000073, 9.416449286000045 ], [ 78.91529381600003, 9.453029690000051 ], [ 78.913259311000047, 9.474269924000055 ], [ 78.925303582000083, 9.513617255000042 ], [ 78.931488477000073, 9.561672268000052 ], [ 78.938324415000068, 9.583685614000046 ], [ 78.947520379000082, 9.602850653000075 ], [ 78.956797722000033, 9.61749909100007 ], [ 78.962087436000047, 9.622707424000055 ], [ 78.972829623000052, 9.631293036000045 ], [ 78.977305535000085, 9.637925523000092 ], [ 78.980235222000033, 9.649115302000041 ], [ 78.97982832100007, 9.658636786000045 ], [ 78.980804884000065, 9.667181708000044 ], [ 79.038828972000033, 9.747219143000052 ], [ 79.07781009200005, 9.782171942000048 ], [ 79.094086134000065, 9.802313544000071 ], [ 79.10084069100003, 9.826076565000051 ], [ 79.103526238000029, 9.830145575000074 ], [ 79.121348504000082, 9.85024648600006 ], [ 79.14185631600003, 9.891180731000077 ], [ 79.200368686000047, 9.970282294000071 ], [ 79.240733269000032, 10.010565497000073 ], [ 79.279063347000033, 10.035834052000041 ], [ 79.254161004000082, 10.054266669000071 ], [ 79.244313998000052, 10.084947007000039 ], [ 79.237478061000047, 10.151922919000071 ], [ 79.236338738000029, 10.166571356000077 ], [ 79.240000847000033, 10.179754950000074 ], [ 79.248301629000082, 10.189195054000038 ], [ 79.261973504000082, 10.192857164000088 ], [ 79.26921634200005, 10.197821356000077 ], [ 79.270681186000047, 10.209540106000077 ], [ 79.270274285000085, 10.223334052000041 ], [ 79.272227410000085, 10.234442450000074 ], [ 79.286143425000034, 10.252834377000056 ], [ 79.304942254000082, 10.268133856000077 ], [ 79.363780144000032, 10.301906643000052 ], [ 79.385508660000085, 10.320135809000078 ], [ 79.39812259200005, 10.324652411000045 ], [ 79.411957227000073, 10.320990302000041 ], [ 79.437266472000033, 10.309556382000039 ], [ 79.459727410000085, 10.308294989000046 ], [ 79.511485222000033, 10.316595770000049 ], [ 79.532237175000034, 10.323187567000048 ], [ 79.532237175000034, 10.330023505000042 ], [ 79.52857506600003, 10.338324286000045 ], [ 79.56771894600007, 10.335882880000042 ], [ 79.586924675000034, 10.343695380000042 ], [ 79.60710696700005, 10.336004950000074 ], [ 79.604014519000032, 10.329087632000039 ], [ 79.57390384200005, 10.316961981000077 ], [ 79.565196160000085, 10.315741278000075 ], [ 79.556895379000082, 10.316066799000055 ], [ 79.551768425000034, 10.313299872000073 ], [ 79.552744988000029, 10.302720445000091 ], [ 79.556651238000029, 10.298651434000078 ], [ 79.563487175000034, 10.297105210000041 ], [ 79.580088738000029, 10.295884507000039 ], [ 79.759776238000029, 10.258246161000045 ], [ 79.772471550000034, 10.261704820000091 ], [ 79.773692254000082, 10.273667710000041 ], [ 79.758962436000047, 10.282212632000039 ], [ 79.730804884000065, 10.289048570000091 ], [ 79.703623894000032, 10.289048570000091 ], [ 79.69467207100007, 10.29165273600006 ], [ 79.684580925000034, 10.298732815000051 ], [ 79.676280144000032, 10.302720445000091 ], [ 79.66179446700005, 10.307074286000045 ], [ 79.646494988000029, 10.309637762000079 ], [ 79.630381707000083, 10.310492255000042 ], [ 79.614105665000068, 10.309556382000039 ], [ 79.621267123000052, 10.324164130000042 ], [ 79.633148634000065, 10.328599351000037 ], [ 79.75709069100003, 10.309068101000037 ], [ 79.780039910000085, 10.296616929000038 ], [ 79.77857506600003, 10.275376695000091 ], [ 79.795095248000052, 10.269232489000046 ], [ 79.814626498000052, 10.272406317000048 ], [ 79.834320509000065, 10.27875397300005 ], [ 79.851328972000033, 10.282212632000039 ], [ 79.85670006600003, 10.29328034100007 ], [ 79.863780144000032, 10.378729559000078 ], [ 79.859629754000082, 10.551459052000041 ], [ 79.850271030000044, 10.59210846600007 ], [ 79.849864129000082, 10.755194403000075 ], [ 79.84734134200005, 10.809637762000079 ], [ 79.840668165000068, 10.950140692000048 ], [ 79.846690300000034, 10.979844468000067 ], [ 79.852224155000044, 11.006984768000052 ], [ 79.855316602000073, 11.159857489000046 ], [ 79.834971550000034, 11.263861395000049 ], [ 79.833018425000034, 11.341986395000049 ], [ 79.829925977000073, 11.346096096000053 ], [ 79.823741082000083, 11.346665757000039 ], [ 79.796885613000029, 11.359035549000055 ], [ 79.776377800000034, 11.362982489000046 ], [ 79.759287957000083, 11.358343817000048 ], [ 79.751963738000029, 11.340521552000041 ], [ 79.742035352000073, 11.335598049000055 ], [ 79.696299675000034, 11.303412177000041 ], [ 79.683116082000083, 11.296454169000071 ], [ 79.676280144000032, 11.296454169000071 ], [ 79.684336785000085, 11.312201239000046 ], [ 79.740407748000052, 11.366441148000092 ], [ 79.749847852000073, 11.37368398600006 ], [ 79.758799675000034, 11.37836334800005 ], [ 79.769297722000033, 11.380926825000074 ], [ 79.776052280000044, 11.380357164000088 ], [ 79.782725457000083, 11.378892320000091 ], [ 79.810313347000033, 11.378892320000091 ], [ 79.819346550000034, 11.38149648600006 ], [ 79.82195071700005, 11.391058661000045 ], [ 79.816661004000082, 11.443060614000046 ], [ 79.809336785000085, 11.451361395000049 ], [ 79.792979363000029, 11.453517971000053 ], [ 79.797618035000085, 11.448309637000079 ], [ 79.799164259000065, 11.442206122000073 ], [ 79.797373894000032, 11.434881903000075 ], [ 79.792979363000029, 11.426174221000053 ], [ 79.785980665000068, 11.426174221000053 ], [ 79.780772332000083, 11.465073960000041 ], [ 79.757334832000083, 11.536078192000048 ], [ 79.751963738000029, 11.576971747000073 ], [ 79.754161004000082, 11.596991278000075 ], [ 79.763438347000033, 11.634263414000088 ], [ 79.767100457000083, 11.673651434000078 ], [ 79.785899285000085, 11.769191799000055 ], [ 79.792735222000033, 11.788072007000039 ], [ 79.803233269000032, 11.796087958000044 ], [ 79.820323113000029, 11.878648179000038 ], [ 79.84498131600003, 11.933254299000055 ], [ 79.849538608000046, 11.955064195000091 ], [ 79.850352410000085, 11.959133205000057 ], [ 79.859629754000082, 11.972723700000074 ], [ 79.861827019000032, 11.97797272300005 ], [ 79.860524936000047, 12.011542059000078 ], [ 79.861827019000032, 12.022040106000077 ], [ 79.870127800000034, 12.03742096600007 ], [ 79.896983269000032, 12.068752346000053 ], [ 79.927500847000033, 12.129868882000039 ], [ 79.933604363000029, 12.138739325000074 ], [ 79.947601759000065, 12.153631903000075 ], [ 80.00513756600003, 12.241766669000071 ], [ 79.973806186000047, 12.222398179000038 ], [ 79.953135613000029, 12.213568427000041 ], [ 79.943858269000032, 12.217840887000079 ], [ 79.952159050000034, 12.22992584800005 ], [ 80.00513756600003, 12.256048895000049 ], [ 80.025726759000065, 12.276516018000052 ], [ 80.057465040000068, 12.331244208000044 ], [ 80.05982506600003, 12.334214585000041 ], [ 80.06373131600003, 12.337469794000071 ], [ 80.08716881600003, 12.35101959800005 ], [ 80.095957879000082, 12.362250067000048 ], [ 80.117035352000073, 12.400946356000077 ], [ 80.121267123000052, 12.416815497000073 ], [ 80.156016472000033, 12.474514065000051 ], [ 80.179698113000029, 12.532619533000059 ], [ 80.183360222000033, 12.546820380000042 ], [ 80.185069207000083, 12.56712474200009 ], [ 80.196462436000047, 12.613714911000045 ], [ 80.203868035000085, 12.632147528000075 ], [ 80.222178582000083, 12.659979559000078 ], [ 80.228688998000052, 12.674994208000044 ], [ 80.23365319100003, 12.711004950000074 ], [ 80.251719597000033, 12.762518622000073 ], [ 80.263194207000083, 12.835353908000059 ], [ 80.269053582000083, 12.957261460000041 ], [ 80.282725457000083, 13.029364325000074 ], [ 80.285817905000044, 13.067572333000044 ], [ 80.289724155000044, 13.076727606000077 ], [ 80.30795332100007, 13.09601471600007 ], [ 80.31373131600003, 13.10578034100007 ], [ 80.307139519000032, 13.135646877000056 ], [ 80.306895379000082, 13.146063544000071 ], [ 80.31381269600007, 13.164292710000041 ], [ 80.324229363000029, 13.180365302000041 ], [ 80.332774285000085, 13.198146877000056 ], [ 80.334157748000052, 13.221177476000037 ], [ 80.318207227000073, 13.216986395000049 ], [ 80.31373131600003, 13.215033270000049 ], [ 80.31804446700005, 13.230902411000045 ], [ 80.319834832000083, 13.249172268000052 ], [ 80.323741082000083, 13.246893622000073 ], [ 80.334157748000052, 13.24290599200009 ], [ 80.336273634000065, 13.27094147300005 ], [ 80.345550977000073, 13.321234442000048 ], [ 80.347829623000052, 13.34906647300005 ], [ 80.344004754000082, 13.375433661000045 ], [ 80.333994988000029, 13.413031317000048 ], [ 80.326996290000068, 13.430365302000041 ], [ 80.31373131600003, 13.427232164000088 ], [ 80.312266472000033, 13.423163153000075 ], [ 80.306895379000082, 13.413031317000048 ], [ 80.293142123000052, 13.42914459800005 ], [ 80.27475019600007, 13.440008856000077 ], [ 80.262380405000044, 13.451239325000074 ], [ 80.265879754000082, 13.468247789000088 ], [ 80.260183139000048, 13.468451239000046 ], [ 80.253428582000083, 13.468654690000051 ], [ 80.24341881600003, 13.472154039000088 ], [ 80.235118035000085, 13.478094794000071 ], [ 80.227712436000047, 13.485581773000092 ], [ 80.219737175000034, 13.487779039000088 ], [ 80.175954623000052, 13.489325262000079 ], [ 80.153086785000085, 13.494208075000074 ], [ 80.131846550000034, 13.496161200000074 ], [ 80.119395379000082, 13.500677802000041 ], [ 80.112071160000085, 13.511542059000078 ], [ 80.101328972000033, 13.537095445000091 ], [ 80.069509311000047, 13.574408270000049 ], [ 80.056488477000073, 13.59516022300005 ], [ 80.052989129000082, 13.619086005000042 ], [ 80.07553144600007, 13.648382880000042 ], [ 80.091319207000083, 13.659125067000048 ], [ 80.093597852000073, 13.67133209800005 ], [ 80.094004754000082, 13.69476959800005 ], [ 80.10084069100003, 13.68626536700009 ], [ 80.109873894000032, 13.680731512000079 ], [ 80.117849155000044, 13.674505927000041 ], [ 80.121267123000052, 13.663763739000046 ], [ 80.117686394000032, 13.638861395000049 ], [ 80.121267123000052, 13.62726471600007 ], [ 80.135590040000068, 13.619086005000042 ], [ 80.141774936000047, 13.649115302000041 ], [ 80.14185631600003, 13.728949286000045 ], [ 80.152517123000052, 13.718939520000049 ], [ 80.183604363000029, 13.679185289000088 ], [ 80.197276238000029, 13.643622137000079 ], [ 80.24545332100007, 13.591742255000042 ], [ 80.277761264000048, 13.512518622000073 ], [ 80.306895379000082, 13.440904039000088 ], [ 80.31373131600003, 13.440904039000088 ], [ 80.309580925000034, 13.479315497000073 ], [ 80.288096550000034, 13.527085679000038 ], [ 80.25904381600003, 13.591742255000042 ], [ 80.238047722000033, 13.660223700000074 ], [ 80.227712436000047, 13.677069403000075 ], [ 80.220957879000082, 13.696966864000046 ], [ 80.227386915000068, 13.720526434000078 ], [ 80.24545332100007, 13.755601304000038 ], [ 80.24927819100003, 13.800279039000088 ], [ 80.237152540000068, 13.839667059000078 ], [ 80.163910352000073, 13.987982489000046 ], [ 80.14966881600003, 14.027736721000053 ], [ 80.125824415000068, 14.148504950000074 ], [ 80.123383009000065, 14.193508205000057 ], [ 80.135590040000068, 14.229193427000041 ], [ 80.121104363000029, 14.242010809000078 ], [ 80.106618686000047, 14.234035549000055 ], [ 80.090993686000047, 14.216742255000042 ], [ 80.07349694100003, 14.201849677000041 ], [ 80.050629102000073, 14.196112372000073 ], [ 80.046641472000033, 14.206610419000071 ], [ 80.055023634000065, 14.221584377000056 ], [ 80.070078972000033, 14.229193427000041 ], [ 80.071787957000083, 14.232245184000078 ], [ 80.08716881600003, 14.25031159100007 ], [ 80.097911004000082, 14.254299221000053 ], [ 80.12818444100003, 14.256537177000041 ], [ 80.137054884000065, 14.269924221000053 ], [ 80.15943444100003, 14.324774481000077 ], [ 80.174978061000047, 14.344549872000073 ], [ 80.178721550000034, 14.38939036700009 ], [ 80.175954623000052, 14.468736070000091 ], [ 80.188243035000085, 14.52570221600007 ], [ 80.190196160000085, 14.54759349200009 ], [ 80.192393425000034, 14.553208726000037 ], [ 80.196055535000085, 14.559027411000045 ], [ 80.19695071700005, 14.565008856000077 ], [ 80.190196160000085, 14.571234442000048 ], [ 80.18327884200005, 14.571112372000073 ], [ 80.159353061000047, 14.565741278000075 ], [ 80.149180535000085, 14.565008856000077 ], [ 80.14185631600003, 14.571234442000048 ], [ 80.160899285000085, 14.579820054000038 ], [ 80.169688347000033, 14.585842190000051 ], [ 80.175954623000052, 14.592962958000044 ], [ 80.178477410000085, 14.60578034100007 ], [ 80.173594597000033, 14.616522528000075 ], [ 80.166351759000065, 14.628159898000092 ], [ 80.15984134200005, 14.662665106000077 ], [ 80.151866082000083, 14.672796942000048 ], [ 80.12818444100003, 14.688462632000039 ], [ 80.116953972000033, 14.698146877000056 ], [ 80.11068769600007, 14.704779364000046 ], [ 80.108164910000085, 14.714341539000088 ], [ 80.10515384200005, 14.763861395000049 ], [ 80.073008660000085, 14.92055898600006 ], [ 80.073415561000047, 14.94204336100006 ], [ 80.061534050000034, 14.974676825000074 ], [ 80.054535352000073, 15.014146226000037 ], [ 80.052989129000082, 15.092596747000073 ], [ 80.082367384000065, 15.204087632000039 ], [ 80.092539910000085, 15.296576239000046 ], [ 80.090586785000085, 15.304877020000049 ], [ 80.121267123000052, 15.370021877000056 ], [ 80.126800977000073, 15.38812897300005 ], [ 80.14031009200005, 15.406398830000057 ], [ 80.172862175000034, 15.438299872000073 ], [ 80.183848504000082, 15.452297268000052 ], [ 80.20045006600003, 15.482163804000038 ], [ 80.211192254000082, 15.496649481000077 ], [ 80.197601759000065, 15.503078518000052 ], [ 80.201345248000052, 15.51829661700009 ], [ 80.217458530000044, 15.548163153000075 ], [ 80.219493035000085, 15.567450262000079 ], [ 80.263194207000083, 15.67454661700009 ], [ 80.279633009000065, 15.700669664000088 ], [ 80.359629754000082, 15.775824286000045 ], [ 80.393321160000085, 15.797023830000057 ], [ 80.436289910000085, 15.808294989000046 ], [ 80.445485873000052, 15.814398505000042 ], [ 80.461436394000032, 15.829657294000071 ], [ 80.469086134000065, 15.834662177000041 ], [ 80.475596550000034, 15.835923570000091 ], [ 80.482676629000082, 15.836411851000037 ], [ 80.49187259200005, 15.839260158000059 ], [ 80.525889519000032, 15.856919664000088 ], [ 80.541677280000044, 15.868068752000056 ], [ 80.553884311000047, 15.880845445000091 ], [ 80.560720248000052, 15.880845445000091 ], [ 80.571136915000068, 15.868719794000071 ], [ 80.584320509000065, 15.872544664000088 ], [ 80.600108269000032, 15.882228908000059 ], [ 80.61841881600003, 15.887681382000039 ], [ 80.662852410000085, 15.889349677000041 ], [ 80.660411004000082, 15.893947658000059 ], [ 80.663096550000034, 15.90070221600007 ], [ 80.670176629000082, 15.907700914000088 ], [ 80.676280144000032, 15.907171942000048 ], [ 80.682465040000068, 15.903265692000048 ], [ 80.690440300000034, 15.90070221600007 ], [ 80.736338738000029, 15.897609768000052 ], [ 80.760101759000065, 15.892971096000053 ], [ 80.776133660000085, 15.884263414000088 ], [ 80.802744988000029, 15.84243398600006 ], [ 80.808360222000033, 15.803941148000092 ], [ 80.807139519000032, 15.716376044000071 ], [ 80.820078972000033, 15.72687409100007 ], [ 80.830251498000052, 15.747626044000071 ], [ 80.855723504000082, 15.822699286000045 ], [ 80.890147332000083, 15.89524974200009 ], [ 80.89576256600003, 15.936021226000037 ], [ 80.891286655000044, 15.978257554000038 ], [ 80.875336134000065, 16.017401434000078 ], [ 80.882823113000029, 16.011460679000038 ], [ 80.885752800000034, 16.008693752000056 ], [ 80.889008009000065, 16.003729559000078 ], [ 80.896494988000029, 16.010565497000073 ], [ 80.89226321700005, 16.02094147300005 ], [ 80.896494988000029, 16.031073309000078 ], [ 80.906016472000033, 15.999823309000078 ], [ 80.908946160000085, 15.983465887000079 ], [ 80.910166863000029, 15.965887762000079 ], [ 80.902679884000065, 15.890814520000049 ], [ 80.904307488000029, 15.871283270000049 ], [ 80.910004102000073, 15.852687893000052 ], [ 80.921641472000033, 15.83860911700009 ], [ 80.94068444100003, 15.832993882000039 ], [ 80.949473504000082, 15.827866929000038 ], [ 80.979014519000032, 15.803412177000041 ], [ 80.988291863000029, 15.791205145000049 ], [ 80.995860222000033, 15.784328518000052 ], [ 81.004730665000068, 15.778509833000044 ], [ 81.012543165000068, 15.777818101000037 ], [ 81.019053582000083, 15.784165757000039 ], [ 81.01921634200005, 15.792385158000059 ], [ 81.012543165000068, 15.81195709800005 ], [ 81.008799675000034, 15.81781647300005 ], [ 81.002940300000034, 15.825262762000079 ], [ 80.998383009000065, 15.83470286700009 ], [ 80.998871290000068, 15.846747137000079 ], [ 81.026866082000083, 15.880845445000091 ], [ 81.043304884000065, 15.894110419000071 ], [ 81.088226759000065, 15.921210028000075 ], [ 81.135101759000065, 15.966498114000046 ], [ 81.14975019600007, 15.969631252000056 ], [ 81.155446811000047, 15.985500393000052 ], [ 81.156016472000033, 16.03851959800005 ], [ 81.161957227000073, 16.057074286000045 ], [ 81.180023634000065, 16.086737372000073 ], [ 81.190277540000068, 16.138861395000049 ], [ 81.218516472000033, 16.199448960000041 ], [ 81.230316602000073, 16.24359772300005 ], [ 81.254161004000082, 16.271307684000078 ], [ 81.259613477000073, 16.288641669000071 ], [ 81.256032748000052, 16.301825262000079 ], [ 81.249847852000073, 16.311021226000037 ], [ 81.248545769000032, 16.320135809000078 ], [ 81.259613477000073, 16.332709052000041 ], [ 81.317393425000034, 16.36749909100007 ], [ 81.331553582000083, 16.36977773600006 ], [ 81.345225457000083, 16.373602606000077 ], [ 81.359629754000082, 16.374335028000075 ], [ 81.375743035000085, 16.36749909100007 ], [ 81.386973504000082, 16.376776434000078 ], [ 81.398936394000032, 16.382635809000078 ], [ 81.41138756600003, 16.382513739000046 ], [ 81.424082879000082, 16.37368398600006 ], [ 81.428233269000032, 16.365668036000045 ], [ 81.426117384000065, 16.358710028000075 ], [ 81.42115319100003, 16.350978908000059 ], [ 81.416677280000044, 16.34015534100007 ], [ 81.475352410000085, 16.358628648000092 ], [ 81.495860222000033, 16.360663153000075 ], [ 81.535980665000068, 16.350043036000045 ], [ 81.549082879000082, 16.352362372000073 ], [ 81.540212436000047, 16.37368398600006 ], [ 81.556976759000065, 16.373032945000091 ], [ 81.569183790000068, 16.367580471000053 ], [ 81.57390384200005, 16.358343817000048 ], [ 81.568125847000033, 16.346380927000041 ], [ 81.584971550000034, 16.34210846600007 ], [ 81.620941602000073, 16.339504299000055 ], [ 81.63640384200005, 16.332709052000041 ], [ 81.656260613000029, 16.33734772300005 ], [ 81.676931186000047, 16.327378648000092 ], [ 81.696055535000085, 16.314927476000037 ], [ 81.711599155000044, 16.312201239000046 ], [ 81.717621290000068, 16.312201239000046 ], [ 81.76295006600003, 16.32257721600007 ], [ 81.783213738000029, 16.338568427000041 ], [ 81.861664259000065, 16.375392971000053 ], [ 81.88054446700005, 16.381659247000073 ], [ 81.899912957000083, 16.385809637000079 ], [ 81.94076582100007, 16.388373114000046 ], [ 81.948090040000068, 16.391546942000048 ], [ 81.956228061000047, 16.407171942000048 ], [ 81.967946811000047, 16.40892161700009 ], [ 81.98170006600003, 16.407863674000055 ], [ 81.992686394000032, 16.408433335000041 ], [ 82.007823113000029, 16.419582424000055 ], [ 82.02271569100003, 16.435736395000049 ], [ 82.037364129000082, 16.447658596000053 ], [ 82.068614129000082, 16.444281317000048 ], [ 82.090668165000068, 16.454779364000046 ], [ 82.122894727000073, 16.477362372000073 ], [ 82.173024936000047, 16.500921942000048 ], [ 82.188243035000085, 16.504055080000057 ], [ 82.203461134000065, 16.512681382000039 ], [ 82.25904381600003, 16.565497137000079 ], [ 82.307383660000085, 16.579779364000046 ], [ 82.296071811000047, 16.591009833000044 ], [ 82.285492384000065, 16.606512762000079 ], [ 82.28093509200005, 16.620835679000038 ], [ 82.286875847000033, 16.628159898000092 ], [ 82.293793165000068, 16.62563711100006 ], [ 82.299327019000032, 16.61009349200009 ], [ 82.30396569100003, 16.606431382000039 ], [ 82.312836134000065, 16.60814036700009 ], [ 82.31381269600007, 16.612982489000046 ], [ 82.312347852000073, 16.61985911700009 ], [ 82.314219597000033, 16.628159898000092 ], [ 82.338145379000082, 16.678412177000041 ], [ 82.345957879000082, 16.706122137000079 ], [ 82.352061394000032, 16.761297919000071 ], [ 82.365570509000065, 16.811590887000079 ], [ 82.367442254000082, 16.860296942000048 ], [ 82.36654707100007, 16.908636786000045 ], [ 82.361175977000073, 16.936021226000037 ], [ 82.34888756600003, 16.95648834800005 ], [ 82.357432488000029, 16.924872137000079 ], [ 82.361175977000073, 16.89134349200009 ], [ 82.362478061000047, 16.859076239000046 ], [ 82.352061394000032, 16.845404364000046 ], [ 82.334646030000044, 16.854071356000077 ], [ 82.33334394600007, 16.852118231000077 ], [ 82.327159050000034, 16.849432684000078 ], [ 82.31959069100003, 16.847235419000071 ], [ 82.314219597000033, 16.846625067000048 ], [ 82.308116082000083, 16.849554755000042 ], [ 82.303558790000068, 16.854193427000041 ], [ 82.298350457000083, 16.858465887000079 ], [ 82.267914259000065, 16.86749909100007 ], [ 82.25513756600003, 16.885321356000077 ], [ 82.250743035000085, 16.907863674000055 ], [ 82.252696160000085, 16.929185289000088 ], [ 82.291677280000044, 16.998439846000053 ], [ 82.299327019000032, 17.030340887000079 ], [ 82.311696811000047, 17.046616929000038 ], [ 82.342051629000082, 17.073187567000048 ], [ 82.37037194100003, 17.11009349200009 ], [ 82.387705925000034, 17.126939195000091 ], [ 82.422862175000034, 17.139960028000075 ], [ 82.435069207000083, 17.153794664000088 ], [ 82.451914910000085, 17.182440497000073 ], [ 82.474864129000082, 17.205959377000056 ], [ 82.718516472000033, 17.348618882000039 ], [ 82.758148634000065, 17.359198309000078 ], [ 82.796397332000083, 17.383042710000041 ], [ 82.837657097000033, 17.392767645000049 ], [ 82.854258660000085, 17.402818101000037 ], [ 82.869151238000029, 17.414007880000042 ], [ 82.883311394000032, 17.422064520000049 ], [ 82.888682488000029, 17.410142320000091 ], [ 82.896820509000065, 17.409328518000052 ], [ 82.945485873000052, 17.443101304000038 ], [ 82.95281009200005, 17.44594961100006 ], [ 82.969574415000068, 17.450100002000056 ], [ 82.97584069100003, 17.453680731000077 ], [ 82.996429884000065, 17.473456122000073 ], [ 83.019867384000065, 17.490912177000041 ], [ 83.053233269000032, 17.50649648600006 ], [ 83.088226759000065, 17.53070709800005 ], [ 83.171397332000083, 17.559800523000092 ], [ 83.196136915000068, 17.57680898600006 ], [ 83.209239129000082, 17.583685614000046 ], [ 83.222911004000082, 17.586493231000077 ], [ 83.238942905000044, 17.592962958000044 ], [ 83.233897332000083, 17.60773346600007 ], [ 83.212901238000029, 17.634914455000057 ], [ 83.246918165000068, 17.63422272300005 ], [ 83.25513756600003, 17.63812897300005 ], [ 83.268239780000044, 17.648586330000057 ], [ 83.289235873000052, 17.657619533000059 ], [ 83.299082879000082, 17.664292710000041 ], [ 83.298594597000033, 17.672796942000048 ], [ 83.292491082000083, 17.677476304000038 ], [ 83.271983269000032, 17.68813711100006 ], [ 83.24927819100003, 17.695379950000074 ], [ 83.242035352000073, 17.706529039000088 ], [ 83.246918165000068, 17.71625397300005 ], [ 83.268239780000044, 17.717474677000041 ], [ 83.276377800000034, 17.713080145000049 ], [ 83.280284050000034, 17.705959377000056 ], [ 83.282237175000034, 17.699286200000074 ], [ 83.284678582000083, 17.696356512000079 ], [ 83.287445509000065, 17.695379950000074 ], [ 83.289561394000032, 17.693264065000051 ], [ 83.292735222000033, 17.691148179000038 ], [ 83.298594597000033, 17.690130927000041 ], [ 83.30437259200005, 17.692206122000073 ], [ 83.313243035000028, 17.701157945000091 ], [ 83.319102410000028, 17.703192450000074 ], [ 83.341319207000083, 17.71743398600006 ], [ 83.402354363000029, 17.784491278000075 ], [ 83.417735222000033, 17.806219794000071 ], [ 83.425303582000083, 17.83860911700009 ], [ 83.431162957000083, 17.85423411700009 ], [ 83.452972852000073, 17.868475653000075 ], [ 83.45240319100003, 17.886216539000088 ], [ 83.448985222000033, 17.90688711100006 ], [ 83.451914910000028, 17.922919012000079 ], [ 83.462901238000029, 17.90851471600007 ], [ 83.465586785000028, 17.902492580000057 ], [ 83.472911004000082, 17.902492580000057 ], [ 83.486582879000082, 17.916896877000056 ], [ 83.526133660000028, 17.942531643000052 ], [ 83.53443444100003, 17.953314520000049 ], [ 83.538910352000073, 17.956284898000092 ], [ 83.556651238000029, 17.973456122000073 ], [ 83.558360222000033, 17.977525132000039 ], [ 83.562836134000065, 17.983099677000041 ], [ 83.576182488000029, 18.009751695000091 ], [ 83.582286004000082, 18.019110419000071 ], [ 83.613942905000044, 18.045152085000041 ], [ 83.775157097000033, 18.139593817000048 ], [ 84.07740319100003, 18.271551825000074 ], [ 84.113129102000073, 18.29828522300005 ], [ 84.124034050000034, 18.333807684000078 ], [ 84.132823113000029, 18.343410549000055 ], [ 84.136485222000033, 18.353583075000074 ], [ 84.138926629000082, 18.364162502000056 ], [ 84.14389082100007, 18.374823309000078 ], [ 84.152842644000032, 18.383612372000073 ], [ 84.174489780000044, 18.39984772300005 ], [ 84.188324415000068, 18.418036200000074 ], [ 84.230479363000029, 18.446234442000048 ], [ 84.240082227000073, 18.460760809000078 ], [ 84.287933790000068, 18.505764065000051 ], [ 84.331228061000047, 18.538641669000071 ], [ 84.349945509000065, 18.552923895000049 ], [ 84.326182488000029, 18.53742096600007 ], [ 84.297699415000068, 18.516302802000041 ], [ 84.271006707000083, 18.500189520000049 ], [ 84.24935957100007, 18.501654364000046 ], [ 84.23764082100007, 18.510931708000044 ], [ 84.246918165000068, 18.525580145000049 ], [ 84.250010613000029, 18.524237372000073 ], [ 84.27271569100003, 18.524318752000056 ], [ 84.281748894000032, 18.525580145000049 ], [ 84.288584832000083, 18.529771226000037 ], [ 84.30632571700005, 18.54368724200009 ], [ 84.312266472000033, 18.546698309000078 ], [ 84.332855665000068, 18.553697007000039 ], [ 84.349457227000073, 18.569810289000088 ], [ 84.37045332100007, 18.601304429000038 ], [ 84.423675977000073, 18.636460679000038 ], [ 84.432627800000034, 18.645697333000044 ], [ 84.43718509200005, 18.662787177000041 ], [ 84.448252800000034, 18.680650132000039 ], [ 84.541840040000068, 18.775783596000053 ], [ 84.547862175000034, 18.796087958000044 ], [ 84.630869988000029, 18.915716864000046 ], [ 84.665049675000034, 18.930121161000045 ], [ 84.679535352000073, 18.945705471000053 ], [ 84.699473504000082, 18.977484442000048 ], [ 84.741058790000068, 19.028143622000073 ], [ 84.751149936000047, 19.053900458000044 ], [ 84.778330925000034, 19.091009833000044 ], [ 84.780039910000028, 19.097072658000059 ], [ 84.775238477000073, 19.100490627000056 ], [ 84.767832879000082, 19.101792710000041 ], [ 84.76099694100003, 19.101629950000074 ], [ 84.756846550000034, 19.097642320000091 ], [ 84.740489129000082, 19.07367584800005 ], [ 84.735362175000034, 19.083197333000044 ], [ 84.722829623000052, 19.09601471600007 ], [ 84.71998131600003, 19.101629950000074 ], [ 84.720957879000082, 19.114243882000039 ], [ 84.731211785000028, 19.128810940000051 ], [ 84.73365319100003, 19.139146226000037 ], [ 84.738780144000032, 19.147650458000044 ], [ 84.750661655000044, 19.138373114000046 ], [ 84.764414910000028, 19.123439846000053 ], [ 84.775157097000033, 19.115301825000074 ], [ 84.777761264000048, 19.116197007000039 ], [ 84.791026238000029, 19.120591539000088 ], [ 84.872080925000034, 19.219875393000052 ], [ 84.995860222000033, 19.323309637000079 ], [ 85.069509311000047, 19.372137762000079 ], [ 85.180430535000028, 19.475002346000053 ], [ 85.240570509000065, 19.518052476000037 ], [ 85.285411004000082, 19.536281643000052 ], [ 85.336680535000028, 19.575181382000039 ], [ 85.38021894600007, 19.593817450000074 ], [ 85.463389519000032, 19.631048895000049 ], [ 85.54029381600003, 19.669582424000055 ], [ 85.576508009000065, 19.690619208000044 ], [ 85.330577019000032, 19.576402085000041 ], [ 85.302907748000052, 19.573919989000046 ], [ 85.305837436000047, 19.580145575000074 ], [ 85.302500847000033, 19.58665599200009 ], [ 85.28842207100007, 19.601263739000046 ], [ 85.293793165000068, 19.599554755000042 ], [ 85.303477410000028, 19.597479559000078 ], [ 85.309092644000032, 19.595038153000075 ], [ 85.311045769000032, 19.610500393000052 ], [ 85.318369988000029, 19.619533596000053 ], [ 85.326426629000082, 19.618801174000055 ], [ 85.330088738000029, 19.604966539000088 ], [ 85.336761915000068, 19.596096096000053 ], [ 85.352305535000028, 19.599432684000078 ], [ 85.36841881600003, 19.608099677000041 ], [ 85.377940300000034, 19.614935614000046 ], [ 85.380381707000083, 19.619614976000037 ], [ 85.38217207100007, 19.631089585000041 ], [ 85.384613477000073, 19.635972398000035 ], [ 85.388682488000029, 19.638251044000071 ], [ 85.402191602000073, 19.64398834800005 ], [ 85.405284050000034, 19.64594147300005 ], [ 85.404958530000044, 19.661932684000078 ], [ 85.403168165000068, 19.671291408000059 ], [ 85.399180535000028, 19.67914459800005 ], [ 85.391449415000068, 19.690619208000044 ], [ 85.383067254000082, 19.67609284100007 ], [ 85.37435957100007, 19.674709377000056 ], [ 85.363780144000032, 19.67804596600007 ], [ 85.350596550000034, 19.677639065000051 ], [ 85.309092644000032, 19.642238674000055 ], [ 85.260752800000034, 19.656073309000078 ], [ 85.247569207000083, 19.656480210000041 ], [ 85.247813347000033, 19.653143622000073 ], [ 85.236338738000029, 19.635321356000077 ], [ 85.233246290000068, 19.632554429000038 ], [ 85.234385613000029, 19.625677802000041 ], [ 85.237315300000034, 19.62055084800005 ], [ 85.24187259200005, 19.617010809000078 ], [ 85.247569207000083, 19.614935614000046 ], [ 85.247569207000083, 19.608710028000075 ], [ 85.232595248000052, 19.601548570000091 ], [ 85.223643425000034, 19.590236721000053 ], [ 85.212901238000029, 19.581122137000079 ], [ 85.19304446700005, 19.58079661700009 ], [ 85.19304446700005, 19.573919989000046 ], [ 85.203786655000044, 19.570502020000049 ], [ 85.233246290000068, 19.554103908000059 ], [ 85.223643425000034, 19.549953518000052 ], [ 85.21452884200005, 19.547267971000053 ], [ 85.20630944100003, 19.548000393000052 ], [ 85.199229363000029, 19.554103908000059 ], [ 85.196299675000034, 19.538478908000059 ], [ 85.201914910000028, 19.527085679000038 ], [ 85.202891472000033, 19.517157294000071 ], [ 85.185557488000029, 19.505682684000078 ], [ 85.178558790000068, 19.504299221000053 ], [ 85.17115319100003, 19.504461981000077 ], [ 85.162445509000065, 19.503485419000071 ], [ 85.151377800000034, 19.498846747000073 ], [ 85.14576256600003, 19.493475653000075 ], [ 85.141774936000047, 19.487127997000073 ], [ 85.135752800000034, 19.481594143000052 ], [ 85.124034050000034, 19.478338934000078 ], [ 85.128672722000033, 19.487982489000046 ], [ 85.13021894600007, 19.498724677000041 ], [ 85.128754102000073, 19.509507554000038 ], [ 85.124034050000034, 19.519354559000078 ], [ 85.115489129000082, 19.507473049000055 ], [ 85.10873457100007, 19.506781317000048 ], [ 85.104502800000034, 19.514878648000035 ], [ 85.10287519600007, 19.52960846600007 ], [ 85.108897332000083, 19.538967190000051 ], [ 85.122894727000073, 19.549017645000049 ], [ 85.139170769000032, 19.557074286000045 ], [ 85.151377800000034, 19.560288804000038 ], [ 85.151377800000034, 19.567775783000059 ], [ 85.139333530000044, 19.579779364000046 ], [ 85.140147332000083, 19.596584377000056 ], [ 85.150157097000033, 19.613470770000049 ], [ 85.165537957000083, 19.625799872000073 ], [ 85.17514082100007, 19.636908270000049 ], [ 85.189952019000032, 19.670965887000079 ], [ 85.206553582000083, 19.683783270000049 ], [ 85.203379754000082, 19.707261460000041 ], [ 85.220957879000082, 19.736029364000046 ], [ 85.246836785000028, 19.762640692000048 ], [ 85.268077019000032, 19.78001536700009 ], [ 85.278086785000028, 19.785589911000045 ], [ 85.29029381600003, 19.789943752000056 ], [ 85.304209832000083, 19.792669989000046 ], [ 85.31959069100003, 19.793646552000041 ], [ 85.374522332000083, 19.837795315000051 ], [ 85.416270379000082, 19.879787502000056 ], [ 85.440114780000044, 19.896226304000038 ], [ 85.463552280000044, 19.902899481000077 ], [ 85.476817254000082, 19.90102773600006 ], [ 85.51498457100007, 19.88930898600006 ], [ 85.557139519000032, 19.881781317000048 ], [ 85.570323113000029, 19.87563711100006 ], [ 85.567149285000028, 19.79165273600006 ], [ 85.570323113000029, 19.773179429000038 ], [ 85.56413821700005, 19.76439036700009 ], [ 85.563243035000028, 19.756903387000079 ], [ 85.56763756600003, 19.750799872000073 ], [ 85.576508009000065, 19.745835679000038 ], [ 85.558848504000082, 19.738104559000078 ], [ 85.51498457100007, 19.711127020000049 ], [ 85.51889082100007, 19.721584377000056 ], [ 85.523448113000029, 19.728705145000049 ], [ 85.525563998000052, 19.734035549000055 ], [ 85.521983269000032, 19.739081122000073 ], [ 85.477549675000034, 19.723863023000035 ], [ 85.45085696700005, 19.716294664000088 ], [ 85.439300977000073, 19.707993882000039 ], [ 85.43685957100007, 19.704657294000071 ], [ 85.431651238000029, 19.704901434000078 ], [ 85.42701256600003, 19.704087632000039 ], [ 85.426280144000032, 19.697455145000049 ], [ 85.430430535000028, 19.69171784100007 ], [ 85.43685957100007, 19.691351630000042 ], [ 85.443125847000033, 19.692450262000079 ], [ 85.446787957000083, 19.690619208000044 ], [ 85.447520379000082, 19.674627997000073 ], [ 85.449880405000044, 19.666693427000041 ], [ 85.456797722000033, 19.663316148000035 ], [ 85.480479363000029, 19.66632721600007 ], [ 85.549164259000065, 19.690619208000044 ], [ 85.614268425000034, 19.727932033000059 ], [ 85.63795006600003, 19.731634833000044 ], [ 85.63599694100003, 19.726629950000074 ], [ 85.625987175000034, 19.722886460000041 ], [ 85.62427819100003, 19.718573309000078 ], [ 85.684580925000034, 19.747748114000046 ], [ 85.714854363000029, 19.75421784100007 ], [ 85.734385613000029, 19.763617255000042 ], [ 85.744395379000082, 19.765692450000074 ], [ 85.778086785000028, 19.764634507000039 ], [ 85.788828972000033, 19.765692450000074 ], [ 85.808604363000029, 19.773382880000042 ], [ 85.846364780000044, 19.795843817000048 ], [ 85.888845248000052, 19.802964585000041 ], [ 86.013519727000073, 19.839056708000044 ], [ 86.032074415000068, 19.841498114000046 ], [ 86.037933790000068, 19.845282294000071 ], [ 86.04656009200005, 19.852525132000039 ], [ 86.056651238000029, 19.85687897300005 ], [ 86.066742384000065, 19.851996161000045 ], [ 86.078379754000082, 19.843573309000078 ], [ 86.089040561000047, 19.844224351000037 ], [ 86.111582879000082, 19.855698960000041 ], [ 86.268565300000034, 19.910345770000049 ], [ 86.37240644600007, 19.964992580000057 ], [ 86.356455925000034, 19.970404364000046 ], [ 86.341563347000033, 19.979885158000059 ], [ 86.326670769000032, 19.984849351000037 ], [ 86.314952019000032, 19.986883856000077 ], [ 86.308116082000083, 19.992092190000051 ], [ 86.302907748000052, 19.999090887000079 ], [ 86.295909050000034, 20.00657786700009 ], [ 86.29420006600003, 20.01040273600006 ], [ 86.294118686000047, 20.015692450000074 ], [ 86.293223504000082, 20.021429755000042 ], [ 86.289073113000029, 20.026434637000079 ], [ 86.284678582000083, 20.027492580000057 ], [ 86.273448113000029, 20.026190497000073 ], [ 86.268565300000034, 20.026434637000079 ], [ 86.230235222000033, 20.035305080000057 ], [ 86.213715040000068, 20.04242584800005 ], [ 86.187754754000082, 20.063666083000044 ], [ 86.167735222000033, 20.072943427000041 ], [ 86.158702019000032, 20.081040757000039 ], [ 86.154307488000029, 20.089992580000057 ], [ 86.145030144000032, 20.122015692000048 ], [ 86.152517123000052, 20.143133856000077 ], [ 86.158702019000032, 20.143133856000077 ], [ 86.163096550000034, 20.134833075000074 ], [ 86.168467644000032, 20.113185940000051 ], [ 86.173024936000047, 20.10219961100006 ], [ 86.195974155000044, 20.080308335000041 ], [ 86.199717644000032, 20.077948309000078 ], [ 86.209157748000052, 20.066636460000041 ], [ 86.231293165000068, 20.064886786000045 ], [ 86.275401238000029, 20.067368882000039 ], [ 86.348399285000028, 20.008856512000079 ], [ 86.397227410000028, 19.982855536000045 ], [ 86.426280144000032, 19.999172268000052 ], [ 86.414073113000029, 19.998846747000073 ], [ 86.404144727000073, 20.002630927000041 ], [ 86.396739129000082, 20.009955145000049 ], [ 86.391449415000068, 20.020209052000041 ], [ 86.415049675000034, 20.036322333000044 ], [ 86.467133009000065, 20.094671942000048 ], [ 86.468516472000033, 20.109279690000051 ], [ 86.478851759000065, 20.129339911000045 ], [ 86.490407748000052, 20.174058335000041 ], [ 86.495127800000034, 20.184068101000037 ], [ 86.511485222000033, 20.197455145000049 ], [ 86.534190300000034, 20.206122137000079 ], [ 86.583832227000073, 20.21820709800005 ], [ 86.62818444100003, 20.235256252000056 ], [ 86.717458530000044, 20.286932684000078 ], [ 86.754649285000028, 20.314439195000091 ], [ 86.719737175000034, 20.29173411700009 ], [ 86.701670769000032, 20.284654039000088 ], [ 86.693695509000065, 20.293931382000039 ], [ 86.701670769000032, 20.303778387000079 ], [ 86.719737175000034, 20.31509023600006 ], [ 86.739268425000034, 20.324204820000091 ], [ 86.751475457000083, 20.328070380000042 ], [ 86.768321160000028, 20.343451239000046 ], [ 86.79420006600003, 20.378159898000035 ], [ 86.80982506600003, 20.415106512000079 ], [ 86.79615319100003, 20.437323309000078 ], [ 86.789805535000028, 20.41469961100006 ], [ 86.788259311000047, 20.402818101000037 ], [ 86.78874759200005, 20.390122789000088 ], [ 86.769786004000082, 20.40070221600007 ], [ 86.756358269000032, 20.393744208000044 ], [ 86.741953972000033, 20.37954336100006 ], [ 86.720469597000033, 20.368475653000075 ], [ 86.724619988000029, 20.43195221600007 ], [ 86.733897332000083, 20.462225653000075 ], [ 86.751475457000083, 20.489162502000056 ], [ 86.774180535000028, 20.511948960000041 ], [ 86.92318769600007, 20.62173086100006 ], [ 86.97624759200005, 20.637884833000044 ], [ 87.00359134200005, 20.657049872000073 ], [ 87.027517123000052, 20.679673570000091 ], [ 87.043223504000082, 20.69798411700009 ], [ 87.033376498000052, 20.69017161700009 ], [ 87.019379102000073, 20.680365302000041 ], [ 86.994883660000028, 20.670721747000073 ], [ 86.990244988000029, 20.67999909100007 ], [ 86.986501498000052, 20.684393622000073 ], [ 86.98170006600003, 20.685370184000078 ], [ 86.97429446700005, 20.684393622000073 ], [ 86.968516472000033, 20.691148179000038 ], [ 86.961192254000082, 20.695054429000038 ], [ 86.951914910000028, 20.697007554000038 ], [ 86.940196160000028, 20.69798411700009 ], [ 86.948252800000034, 20.709051825000074 ], [ 86.961192254000082, 20.712836005000042 ], [ 86.975759311000047, 20.710679429000038 ], [ 86.988617384000065, 20.704250393000052 ], [ 86.998708530000044, 20.711127020000049 ], [ 87.001800977000073, 20.718980210000041 ], [ 87.000010613000029, 20.728216864000046 ], [ 86.994883660000028, 20.738959052000041 ], [ 86.986582879000082, 20.751857815000051 ], [ 86.979991082000083, 20.755560614000046 ], [ 86.957204623000052, 20.753241278000075 ], [ 86.910655144000032, 20.756415106000077 ], [ 86.889333530000044, 20.764471747000073 ], [ 86.878754102000073, 20.780585028000075 ], [ 86.916514519000032, 20.788072007000039 ], [ 86.936289910000028, 20.787502346000053 ], [ 86.953868035000028, 20.780585028000075 ], [ 86.965668165000068, 20.805975653000075 ], [ 86.952159050000034, 20.849107164000088 ], [ 86.844004754000082, 21.082220770000049 ], [ 86.83725019600007, 21.174709377000056 ], [ 86.866953972000033, 21.256048895000049 ], [ 86.91765384200005, 21.327378648000035 ], [ 87.06373131600003, 21.475002346000053 ], [ 87.113047722000033, 21.507961330000057 ], [ 87.200938347000033, 21.551988023000035 ], [ 87.211436394000032, 21.554592190000051 ], [ 87.235199415000068, 21.554510809000078 ], [ 87.245941602000073, 21.556586005000042 ], [ 87.256114129000082, 21.561997789000088 ], [ 87.293467644000032, 21.553656317000048 ], [ 87.341807488000029, 21.562404690000051 ], [ 87.404958530000044, 21.58665599200009 ] ] } },
{ "type": "Feature", "properties": { "featurecla": "Coastline", "scalerank": 6, "min_zoom": 6.0 }, "geometry": { "type": "LineString", "coordinates": [ [ 73.646332227000073, 10.08470286700009 ], [ 73.644053582000083, 10.076971747000073 ], [ 73.640961134000065, 10.069322007000039 ], [ 73.637054884000065, 10.062567450000074 ], [ 73.632578972000033, 10.05727773600006 ], [ 73.631683790000068, 10.067775783000059 ], [ 73.631683790000068, 10.06781647300005 ], [ 73.633311394000032, 10.077866929000038 ], [ 73.637461785000085, 10.087062893000052 ], [ 73.64389082100007, 10.094549872000073 ], [ 73.643972201000054, 10.09446849200009 ], [ 73.645192905000044, 10.092189846000053 ], [ 73.646332227000073, 10.08470286700009 ] ] } },
{ "type": "Feature", "properties": { "featurecla": "Coastline", "scalerank": 6, "min_zoom": 6.0 }, "geometry": { "type": "LineString", "coordinates": [ [ 73.662282748000052, 10.144598700000074 ], [ 73.662201368000069, 10.144517320000091 ], [ 73.660329623000052, 10.142523505000042 ], [ 73.659353061000047, 10.139960028000075 ], [ 73.65788821700005, 10.139064846000053 ], [ 73.654633009000065, 10.141506252000056 ], [ 73.65560957100007, 10.144761460000041 ], [ 73.65748131600003, 10.145086981000077 ], [ 73.659678582000083, 10.144354559000078 ], [ 73.662282748000052, 10.144598700000074 ] ] } },
{ "type": "Feature", "properties": { "featurecla": "Coastline", "scalerank": 6, "min_zoom": 6.0 }, "geometry": { "type": "LineString", "coordinates": [ [ 72.64975019600007, 10.566839911000045 ], [ 72.638519727000073, 10.559393622000073 ], [ 72.633067254000082, 10.556545315000051 ], [ 72.627533399000072, 10.554795640000066 ], [ 72.627452019000032, 10.554754950000074 ], [ 72.63209069100003, 10.56000397300005 ], [ 72.648610873000052, 10.573960679000038 ], [ 72.648692254000082, 10.573919989000046 ], [ 72.650563998000052, 10.57257721600007 ], [ 72.650401238000029, 10.571193752000056 ], [ 72.649587436000047, 10.569322007000039 ], [ 72.64975019600007, 10.566880601000037 ], [ 72.64975019600007, 10.566839911000045 ] ] } },
{ "type": "Feature", "properties": { "featurecla": "Coastline", "scalerank": 6, "min_zoom": 6.0 }, "geometry": { "type": "LineString", "coordinates": [ [ 72.548838738000029, 10.779445705000057 ], [ 72.548757358000046, 10.779323635000083 ], [ 72.541188998000052, 10.77289459800005 ], [ 72.540863477000073, 10.776516018000052 ], [ 72.542491082000083, 10.777899481000077 ], [ 72.545420769000032, 10.778306382000039 ], [ 72.548838738000029, 10.779445705000057 ] ] } },
{ "type": "Feature", "properties": { "featurecla": "Coastline", "scalerank": 6, "min_zoom": 6.0 }, "geometry": { "type": "LineString", "coordinates": [ [ 73.671397332000083, 10.829738674000055 ], [ 73.681244337000066, 10.828070380000042 ], [ 73.684418165000068, 10.827541408000059 ], [ 73.676280144000032, 10.824367580000057 ], [ 73.672862175000034, 10.824693101000037 ], [ 73.671885613000029, 10.827093817000048 ], [ 73.671397332000083, 10.829657294000071 ], [ 73.671397332000083, 10.829738674000055 ] ] } },
{ "type": "Feature", "properties": { "featurecla": "Coastline", "scalerank": 6, "min_zoom": 6.0 }, "geometry": { "type": "LineString", "coordinates": [ [ 72.750010613000029, 11.119086005000042 ], [ 72.747569207000083, 11.115423895000049 ], [ 72.746755405000044, 11.11196523600006 ], [ 72.744965040000068, 11.109523830000057 ], [ 72.73951256600003, 11.10883209800005 ], [ 72.73951256600003, 11.113959052000041 ], [ 72.742035352000073, 11.11595286700009 ], [ 72.74577884200005, 11.116888739000046 ], [ 72.750010613000029, 11.119086005000042 ] ] } },
{ "type": "Feature", "properties": { "featurecla": "Coastline", "scalerank": 6, "min_zoom": 6.0 }, "geometry": { "type": "LineString", "coordinates": [ [ 73.013194207000083, 11.502183335000041 ], [ 73.010915561000047, 11.490139065000051 ], [ 73.008799675000034, 11.48468659100007 ], [ 73.005625847000033, 11.479641018000052 ], [ 73.004405144000032, 11.488836981000077 ], [ 73.004405144000032, 11.496486721000053 ], [ 73.00709069100003, 11.501288153000075 ], [ 73.013194207000083, 11.502183335000041 ] ] } },
{ "type": "Feature", "properties": { "featurecla": "Coastline", "scalerank": 6, "min_zoom": 6.0 }, "geometry": { "type": "LineString", "coordinates": [ [ 72.71615644600007, 11.694159247000073 ], [ 72.71607506600003, 11.69407786700009 ], [ 72.70866946700005, 11.689154364000046 ], [ 72.705251498000052, 11.687323309000078 ], [ 72.701101108000046, 11.686428127000056 ], [ 72.700938347000033, 11.686428127000056 ], [ 72.705088738000029, 11.692328192000048 ], [ 72.709239129000082, 11.694159247000073 ], [ 72.71615644600007, 11.694159247000073 ] ] } },
{ "type": "Feature", "properties": { "featurecla": "Coastline", "scalerank": 6, "min_zoom": 6.0 }, "geometry": { "type": "LineString", "coordinates": [ [ 93.872813347000033, 12.268866278000075 ], [ 93.853770379000082, 12.260565497000073 ], [ 93.851898634000065, 12.271551825000074 ], [ 93.86060631600003, 12.281195380000042 ], [ 93.872813347000033, 12.268866278000075 ] ] } },
{ "type": "Feature", "properties": { "featurecla": "Coastline", "scalerank": 6, "min_zoom": 6.0 }, "geometry": { "type": "LineString", "coordinates": [ [ 94.28093509200005, 13.443548895000049 ], [ 94.290782097000033, 13.422919012000079 ], [ 94.274912957000026, 13.420314846000053 ], [ 94.261892123000052, 13.429266669000071 ], [ 94.28093509200005, 13.443548895000049 ] ] } },
{ "type": "Feature", "properties": { "featurecla": "Coastline", "scalerank": 3, "min_zoom": 2.0 }, "geometry": { "type": "LineString", "coordinates": [ [ 93.920258009000065, 7.024318752000056 ], [ 93.912933790000068, 7.035101630000042 ], [ 93.903086785000028, 7.06085846600007 ], [ 93.887054884000065, 7.08930084800005 ], [ 93.883148634000065, 7.104722398000092 ], [ 93.880625847000033, 7.144273179000038 ], [ 93.876719597000033, 7.163560289000088 ], [ 93.87037194100003, 7.180568752000056 ], [ 93.865000847000033, 7.200669664000088 ], [ 93.855316602000073, 7.214178778000075 ], [ 93.830821160000028, 7.235907294000071 ], [ 93.813975457000083, 7.241848049000055 ], [ 93.797618035000028, 7.234605210000041 ], [ 93.772146030000044, 7.211737372000073 ], [ 93.76531009200005, 7.219142971000053 ], [ 93.73991946700005, 7.207098700000074 ], [ 93.734629754000082, 7.205511786000045 ], [ 93.73015384200005, 7.202215887000079 ], [ 93.724619988000029, 7.194973049000055 ], [ 93.717295769000032, 7.187689520000049 ], [ 93.707530144000032, 7.184393622000073 ], [ 93.685394727000073, 7.184515692000048 ], [ 93.676442905000044, 7.181870835000041 ], [ 93.65357506600003, 7.13149648600006 ], [ 93.64966881600003, 7.119614976000094 ], [ 93.649180535000028, 7.013088283000059 ], [ 93.664561394000032, 7.026516018000052 ], [ 93.684336785000028, 7.020900783000059 ], [ 93.703623894000032, 7.006293036000045 ], [ 93.717539910000028, 6.992621161000045 ], [ 93.728770379000082, 6.970526434000078 ], [ 93.737478061000047, 6.943264065000051 ], [ 93.748057488000029, 6.923570054000038 ], [ 93.76531009200005, 6.924302476000094 ], [ 93.764496290000068, 6.911525783000059 ], [ 93.766123894000032, 6.90110911700009 ], [ 93.77076256600003, 6.893866278000075 ], [ 93.779551629000082, 6.890204169000071 ], [ 93.77312259200005, 6.877997137000079 ], [ 93.775726759000065, 6.867377020000049 ], [ 93.783702019000032, 6.857977606000077 ], [ 93.793223504000082, 6.849188544000071 ], [ 93.78443444100003, 6.836411851000094 ], [ 93.792165561000047, 6.825873114000046 ], [ 93.805430535000028, 6.81671784100007 ], [ 93.81373131600003, 6.808294989000046 ], [ 93.813243035000028, 6.788031317000048 ], [ 93.809336785000028, 6.769029039000088 ], [ 93.812673373000052, 6.753973700000074 ], [ 93.834239129000082, 6.74555084800005 ], [ 93.847911004000082, 6.785305080000057 ], [ 93.859385613000029, 6.804266669000071 ], [ 93.871755405000044, 6.804510809000078 ], [ 93.880056186000047, 6.800441799000055 ], [ 93.88990319100003, 6.800970770000049 ], [ 93.898448113000029, 6.804185289000088 ], [ 93.903086785000028, 6.808294989000046 ], [ 93.904144727000073, 6.819240627000056 ], [ 93.899261915000068, 6.827134507000039 ], [ 93.892832879000082, 6.834051825000074 ], [ 93.889414910000028, 6.841782945000091 ], [ 93.893565300000034, 6.876776434000078 ], [ 93.921071811000047, 6.933823960000041 ], [ 93.929860873000052, 6.959051825000074 ], [ 93.928721550000034, 7.01235586100006 ], [ 93.920258009000065, 7.024318752000056 ] ] } },
{ "type": "Feature", "properties": { "featurecla": "Coastline", "scalerank": 5, "min_zoom": 3.0 }, "geometry": { "type": "LineString", "coordinates": [ [ 93.731211785000028, 7.369370835000041 ], [ 93.721690300000034, 7.38117096600007 ], [ 93.709483269000032, 7.388739325000074 ], [ 93.699473504000082, 7.39874909100007 ], [ 93.69695071700005, 7.417792059000078 ], [ 93.69695071700005, 7.445054429000038 ], [ 93.683767123000052, 7.421698309000078 ], [ 93.677989129000082, 7.399400132000039 ], [ 93.66724694100003, 7.382757880000042 ], [ 93.638682488000029, 7.376166083000044 ], [ 93.616709832000083, 7.367254950000074 ], [ 93.610362175000034, 7.347316799000055 ], [ 93.606944207000083, 7.326402085000041 ], [ 93.594004754000082, 7.31476471600007 ], [ 93.610850457000083, 7.294501044000071 ], [ 93.615082227000073, 7.28742096600007 ], [ 93.617442254000082, 7.276068427000041 ], [ 93.616384311000047, 7.267279364000046 ], [ 93.617930535000028, 7.259955145000049 ], [ 93.62818444100003, 7.253322658000059 ], [ 93.64421634200005, 7.257513739000046 ], [ 93.679209832000083, 7.298325914000088 ], [ 93.69695071700005, 7.31476471600007 ], [ 93.715505405000044, 7.325832424000055 ], [ 93.728526238000029, 7.337103583000044 ], [ 93.734385613000029, 7.350816148000092 ], [ 93.731211785000028, 7.369370835000041 ] ] } },
{ "type": "Feature", "properties": { "featurecla": "Coastline", "scalerank": 6, "min_zoom": 5.0 }, "geometry": { "type": "LineString", "coordinates": [ [ 81.738780144000032, 7.66046784100007 ], [ 81.772227410000085, 7.61163971600007 ], [ 81.776377800000034, 7.602728583000044 ], [ 81.787364129000082, 7.593451239000046 ], [ 81.79029381600003, 7.57172272300005 ], [ 81.786143425000034, 7.508775132000039 ], [ 81.785980665000068, 7.506740627000056 ], [ 81.785980665000068, 7.506699937000064 ], [ 81.786713087000066, 7.501776434000078 ], [ 81.787364129000082, 7.49681224200009 ], [ 81.789398634000065, 7.494737046000068 ], [ 81.793711785000085, 7.490220445000091 ], [ 81.807790561000047, 7.479193427000041 ], [ 81.822601759000065, 7.491359768000052 ], [ 81.823252800000034, 7.511297919000071 ], [ 81.823252800000034, 7.511379299000055 ], [ 81.80632571700005, 7.598578192000048 ], [ 81.795095248000052, 7.616278387000079 ], [ 81.77076256600003, 7.654689846000053 ], [ 81.761485222000033, 7.679510809000078 ], [ 81.759287957000083, 7.685288804000038 ], [ 81.750254754000082, 7.698635158000059 ], [ 81.73796634200005, 7.727484442000048 ], [ 81.725108269000032, 7.739935614000046 ], [ 81.725108269000032, 7.739813544000071 ], [ 81.729991082000083, 7.728216864000046 ], [ 81.729991082000083, 7.728176174000055 ], [ 81.728688998000052, 7.718491929000038 ], [ 81.725596550000034, 7.70929596600007 ], [ 81.725108269000032, 7.698919989000046 ], [ 81.728363477000073, 7.689113674000055 ], [ 81.733164910000085, 7.679103908000059 ], [ 81.737071160000085, 7.670965887000079 ], [ 81.738780144000032, 7.66046784100007 ] ] } },
{ "type": "Feature", "properties": { "featurecla": "Coastline", "scalerank": 5, "min_zoom": 3.0 }, "geometry": { "type": "LineString", "coordinates": [ [ 93.429453972000033, 7.955267645000049 ], [ 93.424164259000065, 7.959865627000056 ], [ 93.401215040000068, 7.967962958000044 ], [ 93.396006707000083, 7.976385809000078 ], [ 93.39616946700005, 7.997219143000052 ], [ 93.394786004000082, 8.006740627000056 ], [ 93.391368035000028, 8.015570380000042 ], [ 93.370290561000047, 8.017320054000038 ], [ 93.344411655000044, 8.012111721000053 ], [ 93.322601759000065, 8.002101955000057 ], [ 93.313324415000068, 7.989732164000088 ], [ 93.305023634000065, 7.94993724200009 ], [ 93.306651238000029, 7.938544012000079 ], [ 93.313649936000047, 7.929185289000088 ], [ 93.323008660000028, 7.924383856000077 ], [ 93.332692905000044, 7.924953518000052 ], [ 93.340668165000068, 7.931708075000074 ], [ 93.348155144000032, 7.924872137000079 ], [ 93.34107506600003, 7.912583726000037 ], [ 93.340342644000032, 7.901271877000056 ], [ 93.34498131600003, 7.89134349200009 ], [ 93.354258660000028, 7.883286851000037 ], [ 93.367849155000044, 7.878607489000046 ], [ 93.378428582000083, 7.880764065000051 ], [ 93.389170769000032, 7.885809637000079 ], [ 93.402110222000033, 7.89008209800005 ], [ 93.415049675000034, 7.892238674000055 ], [ 93.42123457100007, 7.891791083000044 ], [ 93.43685957100007, 7.883286851000037 ], [ 93.447927280000044, 7.87140534100007 ], [ 93.45443769600007, 7.869289455000057 ], [ 93.457367384000065, 7.880194403000075 ], [ 93.460459832000083, 7.89984772300005 ], [ 93.459808790000068, 7.91079336100006 ], [ 93.433116082000083, 7.954291083000044 ], [ 93.429453972000033, 7.955267645000049 ] ] } },
{ "type": "Feature", "properties": { "featurecla": "Coastline", "scalerank": 6, "min_zoom": 6.0 }, "geometry": { "type": "LineString", "coordinates": [ [ 93.565928582000083, 7.999335028000075 ], [ 93.558604363000029, 8.013617255000042 ], [ 93.548350457000083, 8.020086981000077 ], [ 93.54029381600003, 8.016180731000077 ], [ 93.539317254000082, 7.999335028000075 ], [ 93.52076256600003, 8.004380601000037 ], [ 93.511485222000033, 7.995510158000059 ], [ 93.510752800000034, 7.980169989000046 ], [ 93.518321160000028, 7.965806382000039 ], [ 93.573985222000033, 7.924872137000079 ], [ 93.574229363000029, 7.968817450000074 ], [ 93.570323113000029, 7.98899974200009 ], [ 93.565928582000083, 7.999335028000075 ] ] } },
{ "type": "Feature", "properties": { "featurecla": "Coastline", "scalerank": 5, "min_zoom": 3.0 }, "geometry": { "type": "LineString", "coordinates": [ [ 93.531911655000044, 8.034735419000071 ], [ 93.537364129000082, 8.047796942000048 ], [ 93.537608269000032, 8.057318427000041 ], [ 93.525157097000033, 8.095038153000075 ], [ 93.508555535000028, 8.128810940000051 ], [ 93.50521894600007, 8.147040106000077 ], [ 93.510508660000028, 8.166571356000077 ], [ 93.521494988000029, 8.179103908000059 ], [ 93.531016472000033, 8.193752346000053 ], [ 93.531667514000048, 8.21320221600007 ], [ 93.523448113000029, 8.225816148000092 ], [ 93.504649285000028, 8.226996161000045 ], [ 93.485850457000083, 8.220119533000059 ], [ 93.477305535000028, 8.209133205000057 ], [ 93.473643425000034, 8.198187567000048 ], [ 93.465098504000082, 8.183294989000046 ], [ 93.454844597000033, 8.170111395000049 ], [ 93.44654381600003, 8.164496161000045 ], [ 93.44662519600007, 8.154364325000074 ], [ 93.457367384000065, 8.089992580000057 ], [ 93.466319207000083, 8.074408270000049 ], [ 93.47974694100003, 8.06321849200009 ], [ 93.492198113000029, 8.063625393000052 ], [ 93.497813347000033, 8.082505601000037 ], [ 93.511485222000033, 8.07485586100006 ], [ 93.51693769600007, 8.063299872000073 ], [ 93.514821811000047, 8.056219794000071 ], [ 93.50521894600007, 8.061997789000088 ], [ 93.497813347000033, 8.061997789000088 ], [ 93.495616082000083, 8.049383856000077 ], [ 93.488536004000082, 8.04437897300005 ], [ 93.480804884000065, 8.040513414000088 ], [ 93.477305535000028, 8.030991929000038 ], [ 93.479258660000028, 8.002915757000039 ], [ 93.484385613000029, 7.991888739000046 ], [ 93.494965040000068, 7.996283270000049 ], [ 93.509776238000029, 8.018540757000039 ], [ 93.511973504000082, 8.02415599200009 ], [ 93.51490319100003, 8.02765534100007 ], [ 93.528005405000044, 8.032416083000044 ], [ 93.531911655000044, 8.034735419000071 ] ] } },
{ "type": "Feature", "properties": { "featurecla": "Coastline", "scalerank": 5, "min_zoom": 4.0 }, "geometry": { "type": "LineString", "coordinates": [ [ 73.077159050000034, 8.315252997000073 ], [ 73.073008660000085, 8.295396226000037 ], [ 73.063161655000044, 8.279486395000049 ], [ 73.048350457000083, 8.267564195000091 ], [ 73.029307488000029, 8.259995835000041 ], [ 73.02898196700005, 8.263413804000038 ], [ 73.029307488000029, 8.274115302000041 ], [ 73.029307488000029, 8.274318752000056 ], [ 73.029307488000029, 8.274359442000048 ], [ 73.022471550000034, 8.274359442000048 ], [ 73.024099155000044, 8.255438544000071 ], [ 73.032725457000083, 8.249497789000088 ], [ 73.044688347000033, 8.252427476000037 ], [ 73.056651238000029, 8.259995835000041 ], [ 73.06609134200005, 8.270453192000048 ], [ 73.083994988000029, 8.30845774900007 ], [ 73.083994988000029, 8.308498440000051 ], [ 73.083018425000034, 8.311672268000052 ], [ 73.083018425000034, 8.314357815000051 ], [ 73.081797722000033, 8.315822658000059 ], [ 73.077159050000034, 8.315252997000073 ] ] } },
{ "type": "Feature", "properties": { "featurecla": "Coastline", "scalerank": 5, "min_zoom": 4.0 }, "geometry": { "type": "LineString", "coordinates": [ [ 93.134532097000033, 8.240179755000042 ], [ 93.114105665000068, 8.256415106000077 ], [ 93.104014519000032, 8.275580145000049 ], [ 93.100759311000047, 8.299261786000045 ], [ 93.101410352000073, 8.345770575000074 ], [ 93.09506269600007, 8.355169989000046 ], [ 93.083750847000033, 8.355902411000045 ], [ 93.069834832000083, 8.346625067000048 ], [ 93.064300977000073, 8.336127020000049 ], [ 93.061289910000028, 8.320746161000045 ], [ 93.059580925000034, 8.291408596000053 ], [ 93.06576582100007, 8.268133856000077 ], [ 93.081553582000083, 8.242377020000049 ], [ 93.102549675000034, 8.221502997000073 ], [ 93.12468509200005, 8.212876695000091 ], [ 93.153493686000047, 8.205511786000045 ], [ 93.16732832100007, 8.20453522300005 ], [ 93.176280144000032, 8.212876695000091 ], [ 93.173024936000047, 8.221258856000077 ], [ 93.160817905000044, 8.228745835000041 ], [ 93.134532097000033, 8.240179755000042 ] ] } },
{ "type": "Feature", "properties": { "featurecla": "Coastline", "scalerank": 6, "min_zoom": 6.0 }, "geometry": { "type": "LineString", "coordinates": [ [ 93.607676629000082, 8.548041083000044 ], [ 93.607676629000082, 8.569159247000073 ], [ 93.59498131600003, 8.558010158000059 ], [ 93.595550977000073, 8.54173411700009 ], [ 93.607676629000082, 8.507066148000092 ], [ 93.60710696700005, 8.490790106000077 ], [ 93.600352410000028, 8.450344143000052 ], [ 93.601410352000073, 8.438177802000041 ], [ 93.609711134000065, 8.438421942000048 ], [ 93.618337436000047, 8.453924872000073 ], [ 93.625173373000052, 8.473618882000039 ], [ 93.62818444100003, 8.486558335000041 ], [ 93.626800977000073, 8.505845445000091 ], [ 93.621755405000044, 8.520086981000077 ], [ 93.607676629000082, 8.548041083000044 ] ] } },
{ "type": "Feature", "properties": { "featurecla": "Coastline", "scalerank": 6, "min_zoom": 4.0 }, "geometry": { "type": "LineString", "coordinates": [ [ 79.71412194100003, 9.07562897300005 ], [ 79.73601321700005, 9.073228257000039 ], [ 79.743988477000073, 9.071071682000081 ], [ 79.758962436000047, 9.06704336100006 ], [ 79.779388868000069, 9.058010158000059 ], [ 79.799815300000034, 9.048976955000057 ], [ 79.840993686000047, 9.012600002000056 ], [ 79.851328972000033, 9.007391669000071 ], [ 79.859385613000029, 9.001206773000092 ], [ 79.870127800000034, 8.988185940000051 ], [ 79.885752800000034, 8.976223049000055 ], [ 79.909678582000083, 8.973211981000077 ], [ 79.900726759000065, 8.989081122000073 ], [ 79.880300326000054, 9.012193101000037 ], [ 79.854340040000068, 9.041489976000037 ], [ 79.871267123000052, 9.038560289000088 ], [ 79.90007571700005, 9.024400132000039 ], [ 79.916433139000048, 9.02102285400008 ], [ 79.916514519000032, 9.020982164000088 ], [ 79.882334832000083, 9.053778387000079 ], [ 79.841644727000073, 9.077215887000079 ], [ 79.799001498000052, 9.093329169000071 ], [ 79.77857506600003, 9.098537502000056 ], [ 79.758799675000034, 9.103583075000074 ], [ 79.71412194100003, 9.103583075000074 ], [ 79.701182488000029, 9.099188544000071 ], [ 79.698008660000085, 9.089585679000038 ], [ 79.702972852000073, 9.079982815000051 ], [ 79.71412194100003, 9.07562897300005 ] ] } },
{ "type": "Feature", "properties": { "featurecla": "Coastline", "scalerank": 5, "min_zoom": 4.0 }, "geometry": { "type": "LineString", "coordinates": [ [ 92.811373272000083, 9.231169962000081 ], [ 92.795271686000035, 9.24081809200004 ], [ 92.77271569100003, 9.25922272300005 ], [ 92.76303144600007, 9.264146226000037 ], [ 92.750987175000034, 9.261216539000088 ], [ 92.754405144000032, 9.24445221600007 ], [ 92.745127800000034, 9.229071356000077 ], [ 92.729258660000028, 9.217840887000079 ], [ 92.713877800000034, 9.213446356000077 ], [ 92.708506707000083, 9.201605536000045 ], [ 92.711680535000028, 9.175116278000075 ], [ 92.720225457000083, 9.14712148600006 ], [ 92.731211785000028, 9.130845445000091 ], [ 92.79956466200008, 9.110154001000069 ], [ 92.831981323000036, 9.145025417000056 ], [ 92.833849294000061, 9.202359329000046 ], [ 92.811373272000083, 9.231169962000081 ] ] } },
{ "type": "Feature", "properties": { "featurecla": "Coastline", "scalerank": 6, "min_zoom": 6.0 }, "geometry": { "type": "LineString", "coordinates": [ [ 79.730804884000065, 9.500189520000049 ], [ 79.719248894000032, 9.524359442000048 ], [ 79.71412194100003, 9.52806224200009 ], [ 79.693532748000052, 9.52960846600007 ], [ 79.676280144000032, 9.534979559000078 ], [ 79.672129754000082, 9.545599677000041 ], [ 79.66529381600003, 9.554022528000075 ], [ 79.658702019000032, 9.555365302000041 ], [ 79.655772332000083, 9.544867255000042 ], [ 79.655772332000083, 9.503892320000091 ], [ 79.666026238000029, 9.491278387000079 ], [ 79.689463738000029, 9.483587958000044 ], [ 79.714691602000073, 9.485052802000041 ], [ 79.722829623000052, 9.492621161000045 ], [ 79.730804884000065, 9.500148830000057 ], [ 79.730804884000065, 9.500189520000049 ] ] } },
{ "type": "Feature", "properties": { "featurecla": "Coastline", "scalerank": 6, "min_zoom": 4.0 }, "geometry": { "type": "LineString", "coordinates": [ [ 79.89584394600007, 9.61749909100007 ], [ 79.895925326000054, 9.61749909100007 ], [ 79.908539259000065, 9.618963934000078 ], [ 79.926524285000085, 9.629461981000077 ], [ 79.933604363000029, 9.627752997000073 ], [ 79.943614129000082, 9.621527411000045 ], [ 79.957774285000085, 9.617173570000091 ], [ 79.970957879000082, 9.617254950000074 ], [ 79.97787519600007, 9.624335028000075 ], [ 79.974457227000073, 9.63149648600006 ], [ 79.973399285000085, 9.633775132000039 ], [ 79.960459832000083, 9.641058661000045 ], [ 79.94499759200005, 9.647609768000052 ], [ 79.933604363000029, 9.654730536000045 ], [ 79.931162957000083, 9.660956122000073 ], [ 79.929698113000029, 9.675970770000049 ], [ 79.926442905000044, 9.678941148000092 ], [ 79.907074415000068, 9.677883205000057 ], [ 79.902842644000032, 9.678941148000092 ], [ 79.899261915000068, 9.683010158000059 ], [ 79.894704623000052, 9.688177802000041 ], [ 79.891286655000044, 9.696112372000073 ], [ 79.890391472000033, 9.698309637000079 ], [ 79.89031009200005, 9.698960679000038 ], [ 79.888845248000052, 9.709906317000048 ], [ 79.888438347000033, 9.723618882000039 ], [ 79.891123894000032, 9.737209377000056 ], [ 79.895030144000032, 9.748968817000048 ], [ 79.894053582000083, 9.757391669000071 ], [ 79.89389082100007, 9.757432359000063 ], [ 79.882334832000083, 9.760891018000052 ], [ 79.860524936000047, 9.756252346000053 ], [ 79.854258660000085, 9.738470770000049 ], [ 79.851735873000052, 9.716538804000038 ], [ 79.840668165000068, 9.699408270000049 ], [ 79.86491946700005, 9.651516018000052 ], [ 79.880381707000083, 9.628607489000046 ], [ 79.89584394600007, 9.61749909100007 ] ] } },
{ "type": "Feature", "properties": { "featurecla": "Coastline", "scalerank": 3, "min_zoom": 2.0 }, "geometry": { "type": "LineString", "coordinates": [ [ 92.585091711000075, 10.771268527000075 ], [ 92.582116255000074, 10.790261387000044 ], [ 92.56798145700003, 10.815300556000068 ], [ 92.565059531000031, 10.849308437000047 ], [ 92.548879771000031, 10.874373390000073 ], [ 92.527591740000048, 10.89546557400007 ], [ 92.482796306000068, 10.885621584000091 ], [ 92.42896569100003, 10.850816148000092 ], [ 92.422597928000073, 10.822836242000051 ], [ 92.41541966300008, 10.79886279100009 ], [ 92.40726464100004, 10.789890639000077 ], [ 92.385878262000062, 10.781981174000066 ], [ 92.376721443000065, 10.784019970000088 ], [ 92.375680467000052, 10.775030574000084 ], [ 92.378670643000078, 10.750037311000085 ], [ 92.378585862000079, 10.718070586000067 ], [ 92.379486138000061, 10.672121597000057 ], [ 92.390674252000053, 10.663085336000051 ], [ 92.408916971000053, 10.647054595000043 ], [ 92.417003414000078, 10.629058572000076 ], [ 92.413855186000035, 10.606117140000038 ], [ 92.402556538000056, 10.575206237000089 ], [ 92.378057106000028, 10.541328843000088 ], [ 92.384110723000049, 10.529328010000086 ], [ 92.406466135000073, 10.529265955000085 ], [ 92.421787934000065, 10.546203260000084 ], [ 92.444139153000037, 10.545142522000049 ], [ 92.463371930000051, 10.531103139000038 ], [ 92.479557701000033, 10.516073275000053 ], [ 92.513027076000071, 10.507968928000082 ], [ 92.53542331400007, 10.524860951000051 ], [ 92.546675349000054, 10.547781204000046 ], [ 92.574213073000067, 10.580623724000077 ], [ 92.555964032000077, 10.588675204000083 ], [ 92.54175975000004, 10.591720078000037 ], [ 92.539835118000042, 10.620669338000084 ], [ 92.551055524000049, 10.634602821000044 ], [ 92.561240165000072, 10.642554828000073 ], [ 92.574491581000075, 10.655484179000041 ], [ 92.595907641000053, 10.678363602000047 ], [ 92.59805874400007, 10.709302238000078 ], [ 92.586986317000083, 10.736294028000088 ], [ 92.585091711000075, 10.771268527000075 ] ] } },
{ "type": "Feature", "properties": { "featurecla": "Coastline", "scalerank": 5, "min_zoom": 4.0 }, "geometry": { "type": "LineString", "coordinates": [ [ 92.676524285000028, 11.412543036000045 ], [ 92.679698113000029, 11.429388739000046 ], [ 92.689707879000082, 11.442531643000052 ], [ 92.696299675000034, 11.454413153000075 ], [ 92.689707879000082, 11.467759507000039 ], [ 92.67505944100003, 11.490423895000049 ], [ 92.654144727000073, 11.50812409100007 ], [ 92.635590040000068, 11.508042710000041 ], [ 92.627614780000044, 11.477362372000073 ], [ 92.635264519000032, 11.447007554000038 ], [ 92.637217644000032, 11.430161851000037 ], [ 92.631195509000065, 11.416245835000041 ], [ 92.623871290000068, 11.412502346000053 ], [ 92.608164910000028, 11.411322333000044 ], [ 92.60084069100003, 11.406317450000074 ], [ 92.59896894600007, 11.401312567000048 ], [ 92.593516472000033, 11.37836334800005 ], [ 92.603770379000082, 11.37250397300005 ], [ 92.610850457000083, 11.366156317000048 ], [ 92.619639519000032, 11.360744533000059 ], [ 92.635020379000082, 11.357896226000037 ], [ 92.646006707000083, 11.359076239000046 ], [ 92.67318769600007, 11.367336330000057 ], [ 92.682790561000047, 11.371527411000045 ], [ 92.699880405000044, 11.384426174000055 ], [ 92.696787957000083, 11.391791083000044 ], [ 92.685069207000083, 11.399359442000048 ], [ 92.676524285000028, 11.412543036000045 ] ] } },
{ "type": "Feature", "properties": { "featurecla": "Coastline", "scalerank": 6, "min_zoom": 6.0 }, "geometry": { "type": "LineString", "coordinates": [ [ 92.266774936000047, 11.589544989000046 ], [ 92.254893425000034, 11.593817450000074 ], [ 92.228688998000052, 11.597723700000074 ], [ 92.217295769000032, 11.598089911000045 ], [ 92.217295769000032, 11.59125397300005 ], [ 92.230235222000033, 11.577337958000044 ], [ 92.234548373000052, 11.540350653000075 ], [ 92.252126498000052, 11.529242255000042 ], [ 92.273203972000033, 11.531073309000078 ], [ 92.285004102000073, 11.544012762000079 ], [ 92.286875847000033, 11.563177802000041 ], [ 92.278086785000028, 11.583807684000078 ], [ 92.266774936000047, 11.589544989000046 ] ] } },
{ "type": "Feature", "properties": { "featurecla": "Coastline", "scalerank": 5, "min_zoom": 4.0 }, "geometry": { "type": "LineString", "coordinates": [ [ 93.042491082000083, 11.961167710000041 ], [ 93.04037519600007, 11.96906159100007 ], [ 93.018565300000034, 12.015814520000049 ], [ 93.025401238000029, 12.03156159100007 ], [ 93.014659050000034, 12.037176825000074 ], [ 92.980723504000082, 12.036322333000044 ], [ 92.972178582000083, 12.027736721000053 ], [ 92.957204623000052, 12.008693752000056 ], [ 92.947032097000033, 11.98969147300005 ], [ 92.953135613000029, 11.98110586100006 ], [ 92.967539910000028, 11.978583075000074 ], [ 92.974457227000073, 11.972235419000071 ], [ 92.980235222000033, 11.963690497000073 ], [ 92.990570509000065, 11.954413153000075 ], [ 93.00131269600007, 11.949204820000091 ], [ 93.015391472000033, 11.945990302000041 ], [ 93.024912957000083, 11.940130927000041 ], [ 93.026540561000047, 11.931626695000091 ], [ 93.035411004000082, 11.911932684000078 ], [ 93.049327019000032, 11.896144924000055 ], [ 93.066416863000029, 11.899115302000041 ], [ 93.048675977000073, 11.952785549000055 ], [ 93.042491082000083, 11.961167710000041 ] ] } },
{ "type": "Feature", "properties": { "featurecla": "Coastline", "scalerank": 6, "min_zoom": 6.0 }, "geometry": { "type": "LineString", "coordinates": [ [ 93.103282097000033, 12.190497137000079 ], [ 93.098480665000068, 12.199408270000049 ], [ 93.09107506600003, 12.204250393000052 ], [ 93.082041863000029, 12.204779364000046 ], [ 93.073252800000034, 12.200832424000055 ], [ 93.066254102000073, 12.189846096000053 ], [ 93.061534050000034, 12.172308661000045 ], [ 93.059336785000028, 12.153550523000092 ], [ 93.059580925000034, 12.138739325000074 ], [ 93.064300977000073, 12.127142645000049 ], [ 93.074229363000029, 12.110337632000039 ], [ 93.085459832000083, 12.095851955000057 ], [ 93.094248894000032, 12.090969143000052 ], [ 93.103282097000033, 12.102036851000037 ], [ 93.102305535000028, 12.119533596000053 ], [ 93.09498131600003, 12.151760158000059 ], [ 93.096202019000032, 12.158758856000077 ], [ 93.103282097000033, 12.180080471000053 ], [ 93.103851759000065, 12.185288804000038 ], [ 93.103770379000082, 12.187933661000045 ], [ 93.103282097000033, 12.190497137000079 ] ] } },
{ "type": "Feature", "properties": { "featurecla": "Coastline", "scalerank": 5, "min_zoom": 4.0 }, "geometry": { "type": "LineString", "coordinates": [ [ 92.733083530000044, 12.972479559000078 ], [ 92.730723504000082, 12.977484442000048 ], [ 92.727061394000032, 12.982001044000071 ], [ 92.722504102000073, 12.98578522300005 ], [ 92.716970248000052, 12.988470770000049 ], [ 92.70834394600007, 12.988674221000053 ], [ 92.70240319100003, 12.98305898600006 ], [ 92.695078972000033, 12.973456122000073 ], [ 92.682790561000047, 12.961737372000073 ], [ 92.68490644600007, 12.945054429000038 ], [ 92.677744988000029, 12.890366929000038 ], [ 92.672862175000034, 12.878607489000046 ], [ 92.670258009000065, 12.867661851000037 ], [ 92.682790561000047, 12.797308661000045 ], [ 92.69467207100007, 12.803778387000079 ], [ 92.69654381600003, 12.813299872000073 ], [ 92.695078972000033, 12.825100002000056 ], [ 92.697113477000073, 12.83820221600007 ], [ 92.701508009000065, 12.844427802000041 ], [ 92.717621290000068, 12.862209377000056 ], [ 92.724375847000033, 12.872381903000075 ], [ 92.729991082000083, 12.895209052000041 ], [ 92.732188347000033, 12.945705471000053 ], [ 92.737478061000047, 12.961737372000073 ], [ 92.733083530000044, 12.972479559000078 ] ] } },
{ "type": "Feature", "properties": { "featurecla": "Coastline", "scalerank": 3, "min_zoom": 2.0 }, "geometry": { "type": "LineString", "coordinates": [ [ 93.052744988000029, 13.283880927000041 ], [ 93.035655144000032, 13.30695221600007 ], [ 93.025563998000052, 13.316148179000038 ], [ 93.004567905000044, 13.311835028000075 ], [ 92.990489129000082, 13.31781647300005 ], [ 92.979340040000068, 13.329779364000046 ], [ 92.977061394000032, 13.345363674000055 ], [ 92.984385613000029, 13.356431382000039 ], [ 92.995127800000034, 13.357367255000042 ], [ 93.003672722000033, 13.348618882000039 ], [ 93.004242384000065, 13.331040757000039 ], [ 93.017344597000033, 13.34048086100006 ], [ 93.033457879000082, 13.348578192000048 ], [ 93.046885613000029, 13.357407945000091 ], [ 93.052744988000029, 13.368882554000038 ], [ 93.05787194100003, 13.382879950000074 ], [ 93.078379754000082, 13.39712148600006 ], [ 93.080088738000029, 13.413031317000048 ], [ 93.07545006600003, 13.411118882000039 ], [ 93.06413821700005, 13.408636786000045 ], [ 93.059580925000034, 13.406805731000077 ], [ 93.053721550000034, 13.47142161700009 ], [ 93.055023634000065, 13.503078518000052 ], [ 93.066416863000029, 13.537095445000091 ], [ 93.049978061000047, 13.566392320000091 ], [ 93.042491082000083, 13.571234442000048 ], [ 93.031586134000065, 13.56907786700009 ], [ 93.02279707100007, 13.566107489000046 ], [ 93.016286655000044, 13.567368882000039 ], [ 93.011729363000029, 13.578111070000091 ], [ 93.006521030000044, 13.568793036000045 ], [ 93.004567905000044, 13.562201239000046 ], [ 93.006114129000082, 13.556626695000091 ], [ 93.011729363000029, 13.550767320000091 ], [ 93.00318444100003, 13.547064520000049 ], [ 92.99732506600003, 13.546698309000078 ], [ 92.991709832000083, 13.550034898000092 ], [ 92.984385613000029, 13.557603257000039 ], [ 92.977224155000044, 13.553778387000079 ], [ 92.958506707000083, 13.55023834800005 ], [ 92.949717644000032, 13.544623114000046 ], [ 92.945485873000052, 13.536932684000078 ], [ 92.945485873000052, 13.519720770000049 ], [ 92.942881707000083, 13.50922272300005 ], [ 92.937998894000032, 13.501369533000059 ], [ 92.915537957000083, 13.475734768000052 ], [ 92.903330925000034, 13.467759507000039 ], [ 92.901866082000083, 13.468247789000088 ], [ 92.895030144000032, 13.454575914000088 ], [ 92.894541863000029, 13.447251695000091 ], [ 92.895681186000047, 13.422837632000039 ], [ 92.895030144000032, 13.413031317000048 ], [ 92.891368035000028, 13.400946356000077 ], [ 92.886892123000052, 13.393459377000056 ], [ 92.847422722000033, 13.344916083000044 ], [ 92.84115644600007, 13.324896552000041 ], [ 92.854177280000044, 13.310614325000074 ], [ 92.854177280000044, 13.304388739000046 ], [ 92.849864129000082, 13.289007880000042 ], [ 92.863942905000044, 13.244696356000077 ], [ 92.864024285000028, 13.235500393000052 ], [ 92.842784050000034, 13.226996161000045 ], [ 92.842051629000082, 13.20774974200009 ], [ 92.844737175000034, 13.186997789000088 ], [ 92.83366946700005, 13.174017645000049 ], [ 92.837657097000033, 13.167059637000079 ], [ 92.851084832000083, 13.152044989000046 ], [ 92.854177280000044, 13.146063544000071 ], [ 92.853037957000083, 13.142726955000057 ], [ 92.848399285000028, 13.136704820000091 ], [ 92.829600457000083, 13.103461005000042 ], [ 92.809255405000044, 13.044745184000078 ], [ 92.80795332100007, 13.020086981000077 ], [ 92.830251498000052, 13.009507554000038 ], [ 92.834727410000028, 13.002020575000074 ], [ 92.828135613000029, 12.985174872000073 ], [ 92.813243035000028, 12.958075262000079 ], [ 92.813243035000028, 12.906480210000041 ], [ 92.809336785000028, 12.884507554000038 ], [ 92.800303582000083, 12.857814846000053 ], [ 92.785655144000032, 12.840033270000049 ], [ 92.765391472000033, 12.845119533000059 ], [ 92.758148634000065, 12.835679429000038 ], [ 92.748871290000068, 12.828111070000091 ], [ 92.740896030000044, 12.819647528000075 ], [ 92.737478061000047, 12.807196356000077 ], [ 92.744883660000028, 12.762518622000073 ], [ 92.74773196700005, 12.692694403000075 ], [ 92.754730665000068, 12.67719147300005 ], [ 92.766286655000044, 12.671535549000055 ], [ 92.777354363000029, 12.669338283000059 ], [ 92.783213738000029, 12.664984442000048 ], [ 92.77898196700005, 12.65265534100007 ], [ 92.775238477000073, 12.651760158000059 ], [ 92.760020379000082, 12.65110911700009 ], [ 92.754730665000068, 12.649562893000052 ], [ 92.750173373000052, 12.644273179000038 ], [ 92.744802280000044, 12.633490302000041 ], [ 92.726817254000082, 12.612982489000046 ], [ 92.721690300000034, 12.599432684000078 ], [ 92.717784050000034, 12.362494208000044 ], [ 92.72234134200005, 12.337795315000051 ], [ 92.73365319100003, 12.318060614000046 ], [ 92.754730665000068, 12.310044664000088 ], [ 92.778493686000047, 12.310126044000071 ], [ 92.786957227000073, 12.306301174000055 ], [ 92.79265384200005, 12.296372789000088 ], [ 92.79420006600003, 12.283189195000091 ], [ 92.789398634000065, 12.279486395000049 ], [ 92.781016472000033, 12.279242255000042 ], [ 92.764496290000068, 12.274318752000056 ], [ 92.760427280000044, 12.276841539000088 ], [ 92.758799675000034, 12.276556708000044 ], [ 92.758555535000028, 12.26593659100007 ], [ 92.761241082000083, 12.26117584800005 ], [ 92.767751498000052, 12.255438544000071 ], [ 92.775563998000052, 12.25063711100006 ], [ 92.782399936000047, 12.248602606000077 ], [ 92.79265384200005, 12.20766836100006 ], [ 92.788828972000033, 12.195542710000041 ], [ 92.784027540000068, 12.189357815000051 ], [ 92.765391472000033, 12.18032461100006 ], [ 92.76099694100003, 12.179877020000049 ], [ 92.741058790000068, 12.18032461100006 ], [ 92.737803582000083, 12.17914459800005 ], [ 92.736338738000029, 12.176581122000073 ], [ 92.73373457100007, 12.174017645000049 ], [ 92.72779381600003, 12.172837632000039 ], [ 92.719493035000028, 12.176255601000037 ], [ 92.719086134000065, 12.184515692000048 ], [ 92.724375847000033, 12.204250393000052 ], [ 92.720957879000082, 12.226548570000091 ], [ 92.713063998000052, 12.232570705000057 ], [ 92.703868035000028, 12.225165106000077 ], [ 92.697113477000073, 12.20766836100006 ], [ 92.689707879000082, 12.20766836100006 ], [ 92.681813998000052, 12.219631252000056 ], [ 92.668223504000082, 12.200995184000078 ], [ 92.645274285000028, 12.156073309000078 ], [ 92.640147332000083, 12.136135158000059 ], [ 92.64185631600003, 12.036322333000044 ], [ 92.637380405000044, 12.025295315000051 ], [ 92.625010613000029, 12.003119208000044 ], [ 92.621348504000082, 11.987941799000055 ], [ 92.623057488000029, 11.974269924000055 ], [ 92.627289259000065, 11.958929755000042 ], [ 92.629405144000032, 11.943752346000053 ], [ 92.624522332000083, 11.930161851000037 ], [ 92.621348504000082, 11.874945380000042 ], [ 92.617686394000032, 11.866400458000044 ], [ 92.610850457000083, 11.870510158000059 ], [ 92.607676629000082, 11.882798570000091 ], [ 92.61451256600003, 11.899115302000041 ], [ 92.600271030000044, 11.895493882000039 ], [ 92.594737175000034, 11.89874909100007 ], [ 92.592133009000065, 11.905747789000088 ], [ 92.577159050000034, 11.927394924000055 ], [ 92.570567254000082, 11.932603257000039 ], [ 92.562998894000032, 11.930161851000037 ], [ 92.539724155000044, 11.894435940000051 ], [ 92.531993035000028, 11.864976304000038 ], [ 92.53052819100003, 11.864650783000059 ], [ 92.527354363000029, 11.862005927000041 ], [ 92.524912957000083, 11.857489325000074 ], [ 92.525157097000033, 11.851304429000038 ], [ 92.528086785000028, 11.845892645000049 ], [ 92.53093509200005, 11.845892645000049 ], [ 92.534353061000047, 11.846869208000044 ], [ 92.545664910000028, 11.840806382000039 ], [ 92.554942254000082, 11.837836005000042 ], [ 92.563243035000028, 11.833929755000042 ], [ 92.566661004000082, 11.827134507000039 ], [ 92.566661004000082, 11.786200262000079 ], [ 92.560313347000033, 11.741359768000052 ], [ 92.563243035000028, 11.725572007000039 ], [ 92.579844597000033, 11.714178778000075 ], [ 92.586761915000068, 11.716009833000044 ], [ 92.595957879000082, 11.72016022300005 ], [ 92.603770379000082, 11.718898830000057 ], [ 92.60710696700005, 11.70453522300005 ], [ 92.608164910000028, 11.693264065000051 ], [ 92.613454623000052, 11.674221096000053 ], [ 92.61451256600003, 11.662990627000056 ], [ 92.619639519000032, 11.651312567000048 ], [ 92.631114129000082, 11.647447007000039 ], [ 92.642832879000082, 11.64524974200009 ], [ 92.648692254000082, 11.638495184000078 ], [ 92.645681186000047, 11.629828192000048 ], [ 92.637380405000044, 11.627142645000049 ], [ 92.627940300000034, 11.625148830000057 ], [ 92.621348504000082, 11.61859772300005 ], [ 92.621592644000032, 11.609361070000091 ], [ 92.625661655000044, 11.595404364000046 ], [ 92.633555535000028, 11.582586981000077 ], [ 92.645274285000028, 11.576971747000073 ], [ 92.654633009000065, 11.573797919000071 ], [ 92.65560957100007, 11.565985419000071 ], [ 92.654795769000032, 11.555894273000092 ], [ 92.658946160000028, 11.546291408000059 ], [ 92.689707879000082, 11.515570380000042 ], [ 92.698985222000033, 11.511786200000074 ], [ 92.707041863000029, 11.511053778000075 ], [ 92.713145379000082, 11.507310289000088 ], [ 92.716970248000052, 11.49445221600007 ], [ 92.726735873000052, 11.50617096600007 ], [ 92.735118035000028, 11.523871161000045 ], [ 92.744883660000028, 11.557114976000037 ], [ 92.744883660000028, 11.587591864000046 ], [ 92.747569207000083, 11.597845770000049 ], [ 92.760508660000028, 11.610337632000039 ], [ 92.765391472000033, 11.61859772300005 ], [ 92.765635613000029, 11.629584052000041 ], [ 92.761485222000033, 11.663641669000071 ], [ 92.758555535000028, 11.673244533000059 ], [ 92.746104363000029, 11.683742580000057 ], [ 92.73601321700005, 11.682440497000073 ], [ 92.730235222000033, 11.671454169000071 ], [ 92.731211785000028, 11.652736721000053 ], [ 92.726735873000052, 11.654689846000053 ], [ 92.715342644000032, 11.657619533000059 ], [ 92.710703972000033, 11.659572658000059 ], [ 92.710703972000033, 11.62173086100006 ], [ 92.70639082100007, 11.614488023000092 ], [ 92.696787957000083, 11.611232815000051 ], [ 92.687022332000083, 11.611558335000041 ], [ 92.682790561000047, 11.615179755000042 ], [ 92.682627800000034, 11.636948960000041 ], [ 92.683929884000065, 11.649888414000088 ], [ 92.689952019000032, 11.660060940000051 ], [ 92.722911004000082, 11.693793036000045 ], [ 92.734548373000052, 11.699286200000074 ], [ 92.754730665000068, 11.701117255000042 ], [ 92.760020379000082, 11.708685614000046 ], [ 92.796885613000029, 11.865139065000051 ], [ 92.799489780000044, 11.899115302000041 ], [ 92.795909050000034, 11.92218659100007 ], [ 92.787933790000068, 11.934515692000048 ], [ 92.776377800000034, 11.939276434000078 ], [ 92.761973504000082, 11.940130927000041 ], [ 92.753754102000073, 11.931586005000042 ], [ 92.749034050000034, 11.912258205000057 ], [ 92.744883660000028, 11.878648179000038 ], [ 92.737478061000047, 11.878648179000038 ], [ 92.737478061000047, 11.961167710000041 ], [ 92.740570509000065, 11.983628648000092 ], [ 92.745616082000083, 11.996649481000077 ], [ 92.765391472000033, 12.022040106000077 ], [ 92.758555535000028, 12.022040106000077 ], [ 92.763682488000029, 12.030951239000046 ], [ 92.771250847000033, 12.036078192000048 ], [ 92.781016472000033, 12.037787177000041 ], [ 92.79265384200005, 12.036322333000044 ], [ 92.76726321700005, 12.061224677000041 ], [ 92.75749759200005, 12.077460028000075 ], [ 92.76880944100003, 12.08470286700009 ], [ 92.783946160000028, 12.085882880000042 ], [ 92.799327019000032, 12.089544989000046 ], [ 92.808929884000065, 12.095770575000074 ], [ 92.806407097000033, 12.104559637000079 ], [ 92.825938347000033, 12.115668036000045 ], [ 92.83366946700005, 12.118231512000079 ], [ 92.83366946700005, 12.125677802000041 ], [ 92.82740319100003, 12.140122789000088 ], [ 92.842946811000047, 12.156195380000042 ], [ 92.864024285000028, 12.171535549000055 ], [ 92.874522332000083, 12.183742580000057 ], [ 92.872569207000083, 12.20148346600007 ], [ 92.891612175000034, 12.200832424000055 ], [ 92.89421634200005, 12.205023505000042 ], [ 92.892588738000029, 12.214544989000046 ], [ 92.888682488000029, 12.225002346000053 ], [ 92.884532097000033, 12.231838283000059 ], [ 92.879893425000034, 12.24359772300005 ], [ 92.88640384200005, 12.25336334800005 ], [ 92.896250847000033, 12.261704820000091 ], [ 92.901866082000083, 12.269029039000088 ], [ 92.900157097000033, 12.283189195000091 ], [ 92.893402540000068, 12.290350653000075 ], [ 92.885752800000034, 12.29555898600006 ], [ 92.880707227000073, 12.303859768000052 ], [ 92.879242384000065, 12.312974351000037 ], [ 92.881114129000082, 12.314601955000057 ], [ 92.88640384200005, 12.315741278000075 ], [ 92.895030144000032, 12.32367584800005 ], [ 92.903168165000068, 12.329087632000039 ], [ 92.912771030000044, 12.333644924000055 ], [ 92.915049675000034, 12.338364976000037 ], [ 92.901866082000083, 12.344794012000079 ], [ 92.902517123000052, 12.357123114000046 ], [ 92.894053582000083, 12.368109442000048 ], [ 92.881846550000034, 12.375921942000048 ], [ 92.871104363000029, 12.378892320000091 ], [ 92.863617384000065, 12.38548411700009 ], [ 92.853526238000029, 12.416815497000073 ], [ 92.846690300000034, 12.427394924000055 ], [ 92.846690300000034, 12.433539130000042 ], [ 92.873301629000082, 12.431382554000038 ], [ 92.901866082000083, 12.433539130000042 ], [ 92.897146030000044, 12.44993724200009 ], [ 92.895030144000032, 12.454657294000071 ], [ 92.906016472000033, 12.448960679000038 ], [ 92.915863477000073, 12.44086334800005 ], [ 92.923838738000029, 12.430975653000075 ], [ 92.929209832000083, 12.419907945000091 ], [ 92.936045769000032, 12.419907945000091 ], [ 92.938649936000047, 12.43813711100006 ], [ 92.949717644000032, 12.446966864000046 ], [ 92.962412957000083, 12.454413153000075 ], [ 92.970225457000083, 12.468329169000071 ], [ 92.955902540000068, 12.477443752000056 ], [ 92.964854363000029, 12.491034247000073 ], [ 92.98170006600003, 12.506048895000049 ], [ 92.990570509000065, 12.519232489000046 ], [ 92.99154707100007, 12.567084052000041 ], [ 92.989024285000028, 12.59210846600007 ], [ 92.972911004000082, 12.628119208000044 ], [ 92.976817254000082, 12.65493398600006 ], [ 92.990570509000065, 12.701117255000042 ], [ 92.990489129000082, 12.724310614000046 ], [ 92.984385613000029, 12.745103257000039 ], [ 92.973155144000032, 12.764349677000041 ], [ 92.956553582000083, 12.783026434000078 ], [ 92.96802819100003, 12.803168036000045 ], [ 92.965830925000034, 12.82562897300005 ], [ 92.960703972000033, 12.847154039000088 ], [ 92.964040561000047, 12.864935614000046 ], [ 92.94068444100003, 12.88930898600006 ], [ 92.932627800000034, 12.89288971600007 ], [ 92.929860873000052, 12.896673895000049 ], [ 92.928233269000032, 12.905340887000079 ], [ 92.924489780000044, 12.91437409100007 ], [ 92.915537957000083, 12.919582424000055 ], [ 92.90552819100003, 12.906073309000078 ], [ 92.896332227000073, 12.899725653000075 ], [ 92.884532097000033, 12.903469143000052 ], [ 92.876800977000073, 12.911525783000059 ], [ 92.87631269600007, 12.91665273600006 ], [ 92.879079623000052, 12.921942450000074 ], [ 92.880707227000073, 12.93040599200009 ], [ 92.902598504000082, 12.974025783000059 ], [ 92.905284050000034, 12.982245184000078 ], [ 92.916514519000032, 12.982652085000041 ], [ 92.92741946700005, 12.981024481000077 ], [ 92.934743686000047, 12.973049221000053 ], [ 92.936045769000032, 12.954291083000044 ], [ 92.942881707000083, 12.954291083000044 ], [ 92.952647332000083, 12.970770575000074 ], [ 92.956228061000047, 12.981675523000092 ], [ 92.950694207000083, 12.993638414000088 ], [ 92.932627800000034, 13.013006903000075 ], [ 92.928396030000044, 13.027492580000057 ], [ 92.928884311000047, 13.050197658000059 ], [ 92.937022332000083, 13.067084052000041 ], [ 92.956553582000083, 13.064154364000046 ], [ 92.956553582000083, 13.084662177000041 ], [ 92.964040561000047, 13.084662177000041 ], [ 92.966563347000033, 13.072170315000051 ], [ 92.961436394000032, 13.048163153000075 ], [ 92.964040561000047, 13.036851304000038 ], [ 92.970876498000052, 13.030747789000088 ], [ 92.979340040000068, 13.029527085000041 ], [ 92.986827019000032, 13.033677476000037 ], [ 92.990570509000065, 13.04368724200009 ], [ 92.998057488000029, 13.04368724200009 ], [ 93.019541863000029, 13.033636786000045 ], [ 93.03679446700005, 13.062160549000055 ], [ 93.04810631600003, 13.103705145000049 ], [ 93.052744988000029, 13.133042710000041 ], [ 93.052582227000073, 13.196966864000046 ], [ 93.056895379000082, 13.224798895000049 ], [ 93.07943769600007, 13.259833075000074 ], [ 93.075694207000083, 13.269110419000071 ], [ 93.052744988000029, 13.283880927000041 ] ] } },
{ "type": "Feature", "properties": { "featurecla": "Coastline", "scalerank": 6, "min_zoom": 6.0 }, "geometry": { "type": "LineString", "coordinates": [ [ 93.039073113000029, 13.667466539000088 ], [ 93.033213738000029, 13.680243231000077 ], [ 93.019541863000029, 13.680121161000045 ], [ 92.990570509000065, 13.667466539000088 ], [ 93.000498894000032, 13.657700914000088 ], [ 93.019541863000029, 13.649400132000039 ], [ 93.052744988000029, 13.640204169000071 ], [ 93.042816602000073, 13.662054755000042 ], [ 93.039073113000029, 13.667466539000088 ] ] } },
{ "type": "Feature", "properties": { "featurecla": "Coastline", "scalerank": 6, "min_zoom": 6.0 }, "geometry": { "type": "LineString", "coordinates": [ [ 93.396006707000083, 14.140448309000078 ], [ 93.39031009200005, 14.15375397300005 ], [ 93.38599694100003, 14.150864976000037 ], [ 93.383311394000032, 14.138373114000046 ], [ 93.374847852000073, 14.064683335000041 ], [ 93.394786004000082, 14.076361395000049 ], [ 93.400157097000033, 14.095648505000042 ], [ 93.396006707000083, 14.140448309000078 ] ] } },
{ "type": "Feature", "properties": { "featurecla": "Coastline", "scalerank": 6, "min_zoom": 6.0 }, "geometry": { "type": "LineString", "coordinates": [ [ 93.675791863000029, 14.859198309000078 ], [ 93.690440300000034, 14.858099677000041 ], [ 93.70443769600007, 14.870998440000051 ], [ 93.71615644600007, 14.89008209800005 ], [ 93.724375847000033, 14.907619533000059 ], [ 93.724375847000033, 14.913804429000038 ], [ 93.703868035000028, 14.904445705000057 ], [ 93.693614129000082, 14.888861395000049 ], [ 93.686696811000047, 14.872056382000039 ], [ 93.675791863000029, 14.859198309000078 ] ] } },
{ "type": "Feature", "properties": { "featurecla": "Coastline", "scalerank": 5, "min_zoom": 3.0 }, "geometry": { "type": "LineString", "coordinates": [ [ 94.5, 16.084231573590007 ], [ 94.495941602000073, 16.075588283000059 ], [ 94.485362175000034, 16.058986721000053 ], [ 94.452972852000073, 16.033880927000041 ], [ 94.41724694100003, 16.018459377000056 ], [ 94.389659050000034, 16.000921942000048 ], [ 94.382334832000026, 15.969631252000056 ], [ 94.409190300000034, 15.907456773000092 ], [ 94.41724694100003, 15.871771552000041 ], [ 94.402679884000065, 15.846747137000079 ], [ 94.402679884000065, 15.839260158000059 ], [ 94.410166863000029, 15.839260158000059 ], [ 94.433116082000026, 15.869614976000037 ], [ 94.440928582000026, 15.88540273600006 ], [ 94.43677819100003, 15.90070221600007 ], [ 94.446462436000047, 15.912909247000073 ], [ 94.468272332000026, 15.930161851000037 ], [ 94.478363477000073, 15.942328192000048 ], [ 94.479258660000028, 15.949042059000078 ], [ 94.478037957000026, 15.958156643000052 ], [ 94.478037957000026, 15.966131903000075 ], [ 94.484141472000033, 15.971258856000077 ], [ 94.499034050000034, 15.980169989000046 ], [ 94.5, 15.980477533608685 ] ] } },
{ "type": "Feature", "properties": { "featurecla": "Coastline", "scalerank": 3, "min_zoom": 3.0 }, "geometry": { "type": "LineString", "coordinates": [ [ 93.74537194100003, 18.799994208000044 ], [ 93.745860222000033, 18.810980536000045 ], [ 93.75163821700005, 18.840887762000079 ], [ 93.749522332000083, 18.865179755000042 ], [ 93.742442254000082, 18.872300523000035 ], [ 93.707530144000032, 18.868231512000079 ], [ 93.683604363000029, 18.868963934000078 ], [ 93.673024936000047, 18.870510158000059 ], [ 93.66334069100003, 18.873195705000057 ], [ 93.641774936000047, 18.889349677000041 ], [ 93.621755405000044, 18.910345770000049 ], [ 93.611094597000033, 18.905259507000039 ], [ 93.599864129000082, 18.890448309000078 ], [ 93.577159050000034, 18.881903387000079 ], [ 93.484141472000033, 18.874986070000091 ], [ 93.493174675000034, 18.849310614000046 ], [ 93.497813347000033, 18.840887762000079 ], [ 93.594004754000082, 18.731024481000077 ], [ 93.61850019600007, 18.711493231000077 ], [ 93.630381707000083, 18.699204820000091 ], [ 93.635508660000028, 18.686672268000052 ], [ 93.645274285000028, 18.679348049000055 ], [ 93.667735222000033, 18.674872137000079 ], [ 93.693125847000033, 18.673773505000042 ], [ 93.711273634000065, 18.676459052000041 ], [ 93.731944207000083, 18.689683335000041 ], [ 93.746836785000028, 18.708807684000078 ], [ 93.756032748000052, 18.731512762000079 ], [ 93.75904381600003, 18.755560614000046 ], [ 93.75709069100003, 18.765204169000071 ], [ 93.748057488000029, 18.787909247000073 ], [ 93.74537194100003, 18.799994208000044 ] ] } },
{ "type": "Feature", "properties": { "featurecla": "Coastline", "scalerank": 5, "min_zoom": 3.0 }, "geometry": { "type": "LineString", "coordinates": [ [ 93.970713738000029, 19.416937567000048 ], [ 93.956228061000047, 19.432521877000056 ], [ 93.917735222000033, 19.454006252000056 ], [ 93.899261915000068, 19.467759507000039 ], [ 93.88021894600007, 19.479193427000041 ], [ 93.858083530000044, 19.482489325000074 ], [ 93.836599155000044, 19.479396877000056 ], [ 93.81999759200005, 19.471502997000073 ], [ 93.803070509000065, 19.487372137000079 ], [ 93.755381707000083, 19.523016669000071 ], [ 93.74927819100003, 19.531317450000074 ], [ 93.74537194100003, 19.539211330000057 ], [ 93.740489129000082, 19.546698309000078 ], [ 93.731211785000028, 19.554103908000059 ], [ 93.723643425000034, 19.556382554000038 ], [ 93.704925977000073, 19.558294989000046 ], [ 93.69695071700005, 19.560288804000038 ], [ 93.688161655000044, 19.559475002000056 ], [ 93.649180535000028, 19.51312897300005 ], [ 93.65552819100003, 19.504095770000049 ], [ 93.656586134000065, 19.497381903000075 ], [ 93.652191602000073, 19.493312893000052 ], [ 93.641774936000047, 19.492010809000078 ], [ 93.658946160000028, 19.457505601000037 ], [ 93.669118686000047, 19.446478583000044 ], [ 93.683360222000033, 19.437445380000042 ], [ 93.716319207000083, 19.427394924000055 ], [ 93.730479363000029, 19.419256903000075 ], [ 93.738047722000033, 19.403265692000048 ], [ 93.736664259000065, 19.396958726000037 ], [ 93.731944207000083, 19.396429755000042 ], [ 93.726735873000052, 19.396673895000049 ], [ 93.724375847000033, 19.392726955000057 ], [ 93.725352410000028, 19.386867580000057 ], [ 93.72779381600003, 19.383734442000048 ], [ 93.729991082000083, 19.381740627000056 ], [ 93.731211785000028, 19.379055080000057 ], [ 93.733409050000034, 19.367865302000041 ], [ 93.743174675000034, 19.355454820000091 ], [ 93.74537194100003, 19.344916083000044 ], [ 93.749847852000073, 19.333319403000075 ], [ 93.773773634000065, 19.298773505000042 ], [ 93.785655144000032, 19.28656647300005 ], [ 93.796885613000029, 19.278509833000044 ], [ 93.802744988000029, 19.276678778000075 ], [ 93.82357832100007, 19.279120184000078 ], [ 93.845550977000073, 19.278021552000041 ], [ 93.856944207000083, 19.278876044000071 ], [ 93.86491946700005, 19.282863674000055 ], [ 93.866384311000047, 19.291083075000074 ], [ 93.862803582000083, 19.299750067000048 ], [ 93.862803582000083, 19.307766018000052 ], [ 93.875173373000052, 19.31391022300005 ], [ 93.879161004000082, 19.312201239000046 ], [ 93.881032748000052, 19.306870835000041 ], [ 93.883555535000028, 19.30149974200009 ], [ 93.889414910000028, 19.299627997000073 ], [ 93.895518425000034, 19.301174221000053 ], [ 93.898936394000032, 19.303290106000077 ], [ 93.900889519000032, 19.30540599200009 ], [ 93.917165561000047, 19.318304755000042 ], [ 93.940196160000028, 19.348618882000039 ], [ 93.953949415000068, 19.354885158000059 ], [ 93.965830925000034, 19.363023179000038 ], [ 93.97234134200005, 19.381822007000039 ], [ 93.973643425000034, 19.402736721000053 ], [ 93.970713738000029, 19.416937567000048 ] ] } },
{ "type": "Feature", "properties": { "featurecla": "Coastline", "scalerank": 5, "min_zoom": 3.0 }, "geometry": { "type": "LineString", "coordinates": [ [ 93.50521894600007, 19.807318427000041 ], [ 93.501149936000047, 19.825384833000044 ], [ 93.50521894600007, 19.872219143000052 ], [ 93.498789910000028, 19.88703034100007 ], [ 93.484711134000065, 19.897162177000041 ], [ 93.470550977000073, 19.905218817000048 ], [ 93.46412194100003, 19.913478908000059 ], [ 93.461192254000082, 19.919501044000071 ], [ 93.453379754000082, 19.92845286700009 ], [ 93.44263756600003, 19.93813711100006 ], [ 93.422048373000052, 19.951361395000049 ], [ 93.402842644000032, 19.953070380000042 ], [ 93.406748894000032, 19.920477606000077 ], [ 93.44068444100003, 19.810939846000053 ], [ 93.456797722000033, 19.788763739000046 ], [ 93.511973504000082, 19.745835679000038 ], [ 93.518321160000028, 19.761948960000041 ], [ 93.51685631600003, 19.777167059000078 ], [ 93.50521894600007, 19.807318427000041 ] ] } },
{ "type": "Feature", "properties": { "featurecla": "Coastline", "scalerank": 5, "min_zoom": 3.0 }, "geometry": { "type": "LineString", "coordinates": [ [ 92.964040561000047, 20.036688544000071 ], [ 92.96257571700005, 20.046087958000044 ], [ 92.958506707000083, 20.054877020000049 ], [ 92.952891472000033, 20.063055731000077 ], [ 92.946462436000047, 20.070502020000049 ], [ 92.929209832000083, 20.081040757000039 ], [ 92.922699415000068, 20.087632554000038 ], [ 92.916840040000068, 20.088934637000079 ], [ 92.911957227000073, 20.08470286700009 ], [ 92.908702019000032, 20.07485586100006 ], [ 92.90943444100003, 20.06509023600006 ], [ 92.914317254000082, 20.059637762000079 ], [ 92.919769727000073, 20.055731512000079 ], [ 92.922373894000032, 20.050604559000078 ], [ 92.925791863000029, 20.033758856000077 ], [ 92.987478061000047, 19.925197658000059 ], [ 93.00123131600003, 19.906642971000053 ], [ 93.008555535000028, 19.889878648000035 ], [ 93.013194207000083, 19.846502997000073 ], [ 93.018565300000034, 19.827826239000046 ], [ 93.024912957000083, 19.827826239000046 ], [ 93.021983269000032, 19.870184637000079 ], [ 93.014659050000034, 19.905585028000075 ], [ 92.967539910000028, 20.02220286700009 ], [ 92.964040561000047, 20.036688544000071 ] ] } },
{ "type": "Feature", "properties": { "featurecla": "Coastline", "scalerank": 6, "min_zoom": 5.0 }, "geometry": { "type": "LineString", "coordinates": [ [ 88.872894727000073, 21.595526434000078 ], [ 88.841319207000083, 21.61399974200009 ], [ 88.830821160000028, 21.577378648000035 ], [ 88.838715040000068, 21.531927802000041 ], [ 88.862478061000047, 21.523586330000057 ], [ 88.879730665000068, 21.529974677000041 ], [ 88.89576256600003, 21.528469143000052 ], [ 88.907969597000033, 21.53070709800005 ], [ 88.913910352000073, 21.548407294000071 ], [ 88.911306186000047, 21.566880601000037 ], [ 88.90202884200005, 21.580267645000049 ], [ 88.888519727000073, 21.589544989000046 ], [ 88.872894727000073, 21.595526434000078 ] ] } },
{ "type": "Feature", "properties": { "featurecla": "Coastline", "scalerank": 5, "min_zoom": 3.0 }, "geometry": { "type": "LineString", "coordinates": [ [ 91.935557488000029, 21.759995835000041 ], [ 91.935883009000065, 21.765122789000088 ], [ 91.935557488000029, 21.781154690000051 ], [ 91.919118686000047, 21.776841539000088 ], [ 91.901215040000068, 21.774318752000056 ], [ 91.908376498000052, 21.752183335000041 ], [ 91.90951582100007, 21.726792710000041 ], [ 91.903330925000034, 21.702866929000038 ], [ 91.887705925000034, 21.684963283000059 ], [ 91.890879754000082, 21.698960679000038 ], [ 91.898203972000033, 21.714829820000091 ], [ 91.902842644000032, 21.730292059000078 ], [ 91.897959832000083, 21.743312893000052 ], [ 91.883311394000032, 21.753892320000091 ], [ 91.87232506600003, 21.754828192000048 ], [ 91.86296634200005, 21.745591539000088 ], [ 91.853526238000029, 21.725816148000035 ], [ 91.847911004000082, 21.688788153000075 ], [ 91.868907097000033, 21.622219143000052 ], [ 91.874034050000034, 21.581854559000078 ], [ 91.873708530000044, 21.558010158000059 ], [ 91.871104363000029, 21.547674872000073 ], [ 91.855479363000029, 21.526678778000075 ], [ 91.855235222000033, 21.519476630000042 ], [ 91.858246290000068, 21.512640692000048 ], [ 91.86255944100003, 21.494940497000073 ], [ 91.86841881600003, 21.486761786000045 ], [ 91.877126498000052, 21.481024481000077 ], [ 91.887705925000034, 21.480129299000055 ], [ 91.89966881600003, 21.486029364000046 ], [ 91.899180535000028, 21.493841864000046 ], [ 91.894541863000029, 21.50141022300005 ], [ 91.894541863000029, 21.506781317000048 ], [ 91.914073113000029, 21.509466864000046 ], [ 91.939219597000033, 21.505357164000088 ], [ 91.961110873000052, 21.50617096600007 ], [ 91.970225457000083, 21.523586330000057 ], [ 91.972422722000033, 21.546087958000044 ], [ 91.98170006600003, 21.588080145000049 ], [ 91.983897332000083, 21.609198309000078 ], [ 91.974864129000082, 21.64874909100007 ], [ 91.93873131600003, 21.714829820000091 ], [ 91.935557488000029, 21.759995835000041 ] ] } },
{ "type": "Feature", "properties": { "featurecla": "Coastline", "scalerank": 5, "min_zoom": 6.0 }, "geometry": { "type": "LineString", "coordinates": [ [ 88.050547722000033, 21.70538971600007 ], [ 88.043955925000034, 21.680853583000044 ], [ 88.04224694100003, 21.668158270000049 ], [ 88.043142123000052, 21.657619533000059 ], [ 88.051768425000034, 21.641587632000039 ], [ 88.063487175000034, 21.636664130000042 ], [ 88.091563347000033, 21.636542059000078 ], [ 88.11850019600007, 21.62767161700009 ], [ 88.130056186000047, 21.625921942000048 ], [ 88.139414910000028, 21.63031647300005 ], [ 88.146006707000083, 21.643744208000044 ], [ 88.144379102000073, 21.657782294000071 ], [ 88.132578972000033, 21.684963283000059 ], [ 88.16342207100007, 21.705471096000053 ], [ 88.167002800000034, 21.765448309000078 ], [ 88.146739129000082, 21.86985911700009 ], [ 88.119313998000052, 21.859523830000057 ], [ 88.090017123000052, 21.808661200000074 ], [ 88.050547722000033, 21.70538971600007 ] ] } },
{ "type": "Feature", "properties": { "featurecla": "Coastline", "scalerank": 6, "min_zoom": 5.0 }, "geometry": { "type": "LineString", "coordinates": [ [ 89.115733269000032, 21.781154690000051 ], [ 89.092784050000034, 21.793402411000045 ], [ 89.08130944100003, 21.822943427000041 ], [ 89.07154381600003, 21.890326239000046 ], [ 89.06763756600003, 21.904364325000074 ], [ 89.064952019000032, 21.910223700000074 ], [ 89.061534050000034, 21.914943752000056 ], [ 89.057383660000028, 21.917669989000046 ], [ 89.045664910000028, 21.917059637000079 ], [ 89.044688347000033, 21.907782294000071 ], [ 89.051117384000065, 21.890326239000046 ], [ 89.053721550000034, 21.874741929000038 ], [ 89.06381269600007, 21.841457424000055 ], [ 89.064219597000033, 21.822088934000078 ], [ 89.057790561000047, 21.803290106000077 ], [ 89.051442905000044, 21.797105210000041 ], [ 89.051524285000028, 21.793198960000041 ], [ 89.102305535000028, 21.736761786000045 ], [ 89.13249759200005, 21.721625067000048 ], [ 89.144704623000052, 21.739325262000079 ], [ 89.139008009000065, 21.766831773000035 ], [ 89.115733269000032, 21.781154690000051 ] ] } },
{ "type": "Feature", "properties": { "featurecla": "Coastline", "scalerank": 6, "min_zoom": 5.0 }, "geometry": { "type": "LineString", "coordinates": [ [ 88.636241082000083, 21.921372789000088 ], [ 88.61646569100003, 21.897935289000088 ], [ 88.598643425000034, 21.86985911700009 ], [ 88.586273634000065, 21.843003648000035 ], [ 88.584320509000065, 21.835760809000078 ], [ 88.584971550000034, 21.826605536000045 ], [ 88.590505405000044, 21.812892971000053 ], [ 88.591807488000029, 21.804388739000046 ], [ 88.599619988000029, 21.803656317000048 ], [ 88.636241082000083, 21.792669989000046 ], [ 88.646332227000073, 21.787909247000073 ], [ 88.649180535000028, 21.842352606000077 ], [ 88.655284050000034, 21.866603908000059 ], [ 88.667002800000034, 21.890326239000046 ], [ 88.670583530000044, 21.907416083000044 ], [ 88.663259311000047, 21.921291408000059 ], [ 88.650157097000033, 21.927435614000046 ], [ 88.636241082000083, 21.921372789000088 ] ] } },
{ "type": "Feature", "properties": { "featurecla": "Coastline", "scalerank": 5, "min_zoom": 4.0 }, "geometry": { "type": "LineString", "coordinates": [ [ 91.887705925000034, 21.866156317000048 ], [ 91.88607832100007, 21.880275783000059 ], [ 91.874034050000034, 21.917669989000046 ], [ 91.87273196700005, 21.925604559000078 ], [ 91.871104363000029, 21.928859768000052 ], [ 91.867198113000029, 21.93195221600007 ], [ 91.84343509200005, 21.90696849200009 ], [ 91.836192254000082, 21.894110419000071 ], [ 91.832530144000032, 21.876695054000038 ], [ 91.839854363000029, 21.825506903000075 ], [ 91.823985222000033, 21.742621161000045 ], [ 91.832530144000032, 21.725816148000035 ], [ 91.84107506600003, 21.735419012000079 ], [ 91.862803582000083, 21.789984442000048 ], [ 91.87037194100003, 21.824611721000053 ], [ 91.88445071700005, 21.850287177000041 ], [ 91.887705925000034, 21.866156317000048 ] ] } },
{ "type": "Feature", "properties": { "featurecla": "Coastline", "scalerank": 6, "min_zoom": 6.0 }, "geometry": { "type": "LineString", "coordinates": [ [ 88.080902540000068, 21.849351304000038 ], [ 88.104991082000083, 21.861151434000078 ], [ 88.125010613000029, 21.888657945000091 ], [ 88.132578972000033, 21.920477606000077 ], [ 88.118907097000033, 21.945013739000046 ], [ 88.105723504000082, 21.94757721600007 ], [ 88.094248894000032, 21.937892971000053 ], [ 88.084727410000028, 21.921576239000046 ], [ 88.077321811000047, 21.90460846600007 ], [ 88.07390384200005, 21.892157294000071 ], [ 88.071055535000028, 21.873602606000077 ], [ 88.072276238000029, 21.856756903000075 ], [ 88.080902540000068, 21.849351304000038 ] ] } },
{ "type": "Feature", "properties": { "featurecla": "Coastline", "scalerank": 6, "min_zoom": 6.0 }, "geometry": { "type": "LineString", "coordinates": [ [ 90.593516472000033, 21.986558335000041 ], [ 90.526377800000034, 21.943589585000041 ], [ 90.521983269000032, 21.938788153000075 ], [ 90.517832879000082, 21.93195221600007 ], [ 90.515391472000033, 21.921291408000059 ], [ 90.51685631600003, 21.912176825000074 ], [ 90.51693769600007, 21.904486395000049 ], [ 90.510427280000044, 21.897853908000059 ], [ 90.517914259000065, 21.893255927000041 ], [ 90.522959832000083, 21.888088283000059 ], [ 90.531504754000082, 21.876695054000038 ], [ 90.523448113000029, 21.875677802000041 ], [ 90.510752800000034, 21.87140534100007 ], [ 90.50359134200005, 21.86985911700009 ], [ 90.50359134200005, 21.862453518000052 ], [ 90.521250847000033, 21.861476955000057 ], [ 90.540782097000033, 21.875921942000048 ], [ 90.557139519000032, 21.897528387000079 ], [ 90.565603061000047, 21.917669989000046 ], [ 90.572520379000082, 21.917669989000046 ], [ 90.580821160000028, 21.912502346000053 ], [ 90.590830925000034, 21.935126044000071 ], [ 90.606618686000047, 21.938788153000075 ], [ 90.60084069100003, 21.954575914000088 ], [ 90.59734134200005, 21.961330471000053 ], [ 90.593516472000033, 21.966131903000075 ], [ 90.593516472000033, 21.986558335000041 ] ] } },
{ "type": "Feature", "properties": { "featurecla": "Coastline", "scalerank": 6, "min_zoom": 6.0 }, "geometry": { "type": "LineString", "coordinates": [ [ 90.332204623000052, 21.938788153000075 ], [ 90.322520379000082, 21.916693427000041 ], [ 90.318614129000082, 21.892808335000041 ], [ 90.318614129000082, 21.846258856000077 ], [ 90.322927280000044, 21.843898830000057 ], [ 90.332204623000052, 21.849514065000051 ], [ 90.341563347000033, 21.860296942000048 ], [ 90.365489129000082, 21.938706773000035 ], [ 90.390635613000029, 21.978257554000038 ], [ 90.394297722000033, 22.000230210000041 ], [ 90.371429884000065, 21.99477773600006 ], [ 90.354014519000032, 21.976752020000049 ], [ 90.332204623000052, 21.938788153000075 ] ] } },
{ "type": "Feature", "properties": { "featurecla": "Coastline", "scalerank": 6, "min_zoom": 6.0 }, "geometry": { "type": "LineString", "coordinates": [ [ 90.387461785000028, 22.048041083000044 ], [ 90.373871290000068, 22.04555898600006 ], [ 90.35865319100003, 22.022691148000035 ], [ 90.345876498000052, 21.99359772300005 ], [ 90.339610222000033, 21.972316799000055 ], [ 90.345957879000082, 21.972316799000055 ], [ 90.35279381600003, 21.992987372000073 ], [ 90.381114129000082, 22.023098049000055 ], [ 90.387461785000028, 22.048041083000044 ] ] } },
{ "type": "Feature", "properties": { "featurecla": "Coastline", "scalerank": 6, "min_zoom": 6.0 }, "geometry": { "type": "LineString", "coordinates": [ [ 90.43523196700005, 22.041205145000049 ], [ 90.428477410000028, 22.048041083000044 ], [ 90.415537957000083, 22.038316148000035 ], [ 90.411875847000033, 22.028713283000059 ], [ 90.414235873000052, 21.997137762000079 ], [ 90.411875847000033, 21.97601959800005 ], [ 90.406423373000052, 21.963364976000037 ], [ 90.39975019600007, 21.952948309000078 ], [ 90.394297722000033, 21.938788153000075 ], [ 90.394541863000029, 21.921454169000071 ], [ 90.402354363000029, 21.90688711100006 ], [ 90.415537957000083, 21.900539455000057 ], [ 90.431895379000082, 21.907782294000071 ], [ 90.454844597000033, 21.93305084800005 ], [ 90.476328972000033, 21.945013739000046 ], [ 90.486175977000073, 21.976792710000041 ], [ 90.473317905000044, 22.003648179000038 ], [ 90.43523196700005, 22.041205145000049 ] ] } },
{ "type": "Feature", "properties": { "featurecla": "Coastline", "scalerank": 5, "min_zoom": 6.0 }, "geometry": { "type": "LineString", "coordinates": [ [ 90.544444207000083, 22.061672268000052 ], [ 90.508962436000047, 22.033148505000042 ], [ 90.50359134200005, 22.024115302000041 ], [ 90.504649285000028, 22.01048411700009 ], [ 90.50904381600003, 21.999416408000059 ], [ 90.519541863000029, 21.994696356000077 ], [ 90.53834069100003, 22.000230210000041 ], [ 90.559743686000047, 22.02374909100007 ], [ 90.568695509000065, 22.058091539000088 ], [ 90.574554884000065, 22.096136786000045 ], [ 90.586192254000082, 22.130560614000046 ], [ 90.591807488000029, 22.119086005000042 ], [ 90.59343509200005, 22.112534898000035 ], [ 90.593516472000033, 22.102606512000079 ], [ 90.613454623000052, 22.164048570000091 ], [ 90.604502800000034, 22.165594794000071 ], [ 90.592784050000034, 22.159409898000035 ], [ 90.581065300000034, 22.148871161000045 ], [ 90.572520379000082, 22.137396552000041 ], [ 90.560069207000083, 22.137681382000039 ], [ 90.533457879000082, 22.110052802000041 ], [ 90.52084394600007, 22.102606512000079 ], [ 90.503103061000047, 22.09634023600006 ], [ 90.491709832000083, 22.080145575000074 ], [ 90.48560631600003, 22.058335679000038 ], [ 90.48365319100003, 22.034979559000078 ], [ 90.48991946700005, 22.034979559000078 ], [ 90.49537194100003, 22.044989325000074 ], [ 90.53834069100003, 22.068508205000057 ], [ 90.544444207000083, 22.061672268000052 ] ] } },
{ "type": "Feature", "properties": { "featurecla": "Coastline", "scalerank": 6, "min_zoom": 6.0 }, "geometry": { "type": "LineString", "coordinates": [ [ 90.941742384000065, 22.205023505000042 ], [ 90.935557488000029, 22.212469794000071 ], [ 90.927500847000033, 22.190252997000073 ], [ 90.920258009000065, 22.160060940000051 ], [ 90.91920006600003, 22.132147528000075 ], [ 90.92937259200005, 22.116888739000046 ], [ 90.948985222000033, 22.121649481000077 ], [ 90.95671634200005, 22.14484284100007 ], [ 90.95671634200005, 22.198879299000055 ], [ 90.954112175000034, 22.208075262000079 ], [ 90.951182488000029, 22.212469794000071 ], [ 90.947113477000073, 22.211615302000041 ], [ 90.941742384000065, 22.205023505000042 ] ] } },
{ "type": "Feature", "properties": { "featurecla": "Coastline", "scalerank": 6, "min_zoom": 6.0 }, "geometry": { "type": "LineString", "coordinates": [ [ 90.976410352000073, 22.185777085000041 ], [ 90.987803582000083, 22.195379950000074 ], [ 90.994802280000044, 22.213812567000048 ], [ 90.997813347000033, 22.23509349200009 ], [ 90.996918165000068, 22.253485419000071 ], [ 90.982920769000032, 22.259182033000059 ], [ 90.977061394000032, 22.239203192000048 ], [ 90.976410352000073, 22.185777085000041 ] ] } },
{ "type": "Feature", "properties": { "featurecla": "Coastline", "scalerank": 6, "min_zoom": 6.0 }, "geometry": { "type": "LineString", "coordinates": [ [ 90.952891472000033, 22.226752020000049 ], [ 90.990082227000073, 22.281398830000057 ], [ 90.994395379000082, 22.302069403000075 ], [ 90.99350019600007, 22.322333075000074 ], [ 90.98951256600003, 22.340765692000048 ], [ 90.983897332000083, 22.355902411000045 ], [ 90.976410352000073, 22.363348700000074 ], [ 90.96615644600007, 22.347398179000038 ], [ 90.96021569100003, 22.32298411700009 ], [ 90.95671634200005, 22.27765534100007 ], [ 90.95053144600007, 22.263617255000042 ], [ 90.940196160000028, 22.24681224200009 ], [ 90.93718509200005, 22.23273346600007 ], [ 90.952891472000033, 22.226752020000049 ] ] } },
{ "type": "Feature", "properties": { "featurecla": "Coastline", "scalerank": 5, "min_zoom": 3.0 }, "geometry": { "type": "LineString", "coordinates": [ [ 91.148847154000066, 22.357056968000052 ], [ 91.126898793000066, 22.374864818000049 ], [ 91.092256984000073, 22.391338292000057 ], [ 91.074800663000076, 22.388589827000089 ], [ 91.069119534000038, 22.311029637000047 ], [ 91.068273939000051, 22.240732781000077 ], [ 91.059092644000032, 22.19204336100006 ], [ 91.052256707000083, 22.175441799000055 ], [ 91.03395508300008, 22.148779882000042 ], [ 91.005111115000034, 22.116821943000048 ], [ 91.011257169000032, 22.102090665000048 ], [ 91.022471550000034, 22.094875393000052 ], [ 91.038584832000083, 22.091131903000075 ], [ 91.063293649000059, 22.089847552000037 ], [ 91.082407719000059, 22.101382523000041 ], [ 91.093689318000031, 22.11885882200005 ], [ 91.106373953000059, 22.121657900000059 ], [ 91.120711971000048, 22.130301388000078 ], [ 91.141467650000038, 22.146201361000067 ], [ 91.154307488000029, 22.169663804000038 ], [ 91.160899285000028, 22.182074286000045 ], [ 91.170576339000036, 22.197170808000067 ], [ 91.186784662000036, 22.227757465000082 ], [ 91.181895379000082, 22.260321356000077 ], [ 91.181407097000033, 22.283596096000053 ], [ 91.171397332000083, 22.319647528000075 ], [ 91.156450276000044, 22.332078852000052 ], [ 91.148847154000066, 22.357056968000052 ] ] } },
{ "type": "Feature", "properties": { "featurecla": "Coastline", "scalerank": 6, "min_zoom": 6.0 }, "geometry": { "type": "LineString", "coordinates": [ [ 90.619639519000032, 22.424750067000048 ], [ 90.626149936000047, 22.40696849200009 ], [ 90.633799675000034, 22.367621161000045 ], [ 90.640147332000083, 22.349676825000074 ], [ 90.633311394000032, 22.349676825000074 ], [ 90.634287957000083, 22.339544989000046 ], [ 90.63404381600003, 22.328355210000041 ], [ 90.635020379000082, 22.317613023000035 ], [ 90.640147332000083, 22.308742580000057 ], [ 90.646739129000082, 22.326076565000051 ], [ 90.640391472000033, 22.366034247000073 ], [ 90.647471550000034, 22.383775132000039 ], [ 90.650157097000033, 22.376166083000044 ], [ 90.661143425000034, 22.355902411000045 ], [ 90.658702019000032, 22.37954336100006 ], [ 90.64771569100003, 22.407212632000039 ], [ 90.633148634000065, 22.431626695000091 ], [ 90.619639519000032, 22.445257880000042 ], [ 90.614431186000047, 22.449042059000078 ], [ 90.607595248000052, 22.450344143000052 ], [ 90.601573113000029, 22.448309637000079 ], [ 90.599131707000083, 22.44212474200009 ], [ 90.601410352000073, 22.429185289000088 ], [ 90.606944207000083, 22.427435614000046 ], [ 90.613617384000065, 22.428615627000056 ], [ 90.619639519000032, 22.424750067000048 ] ] } },
{ "type": "Feature", "properties": { "featurecla": "Coastline", "scalerank": 6, "min_zoom": 6.0 }, "geometry": { "type": "LineString", "coordinates": [ [ 90.647471550000034, 22.424750067000048 ], [ 90.65365644600007, 22.431057033000059 ], [ 90.657074415000068, 22.433661200000074 ], [ 90.66732832100007, 22.439032294000071 ], [ 90.667002800000034, 22.45844147300005 ], [ 90.66529381600003, 22.469142971000053 ], [ 90.661143425000034, 22.480047919000071 ], [ 90.656016472000033, 22.480698960000041 ], [ 90.653493686000047, 22.483465887000079 ], [ 90.647471550000034, 22.424750067000048 ] ] } },
{ "type": "Feature", "properties": { "featurecla": "Coastline", "scalerank": 6, "min_zoom": 6.0 }, "geometry": { "type": "LineString", "coordinates": [ [ 91.158618605000072, 22.503423074000068 ], [ 91.123562150000055, 22.489145564000069 ], [ 91.11370966000004, 22.46141485000004 ], [ 91.134163288000082, 22.449480400000084 ], [ 91.159533241000076, 22.450674247000052 ], [ 91.180244454000047, 22.459238753000079 ], [ 91.201017198000045, 22.472195996000039 ], [ 91.210830486000077, 22.495521457000052 ], [ 91.199987966000037, 22.514694415000065 ], [ 91.158618605000072, 22.503423074000068 ] ] } },
{ "type": "Feature", "properties": { "featurecla": "Coastline", "scalerank": 5, "min_zoom": 3.0 }, "geometry": { "type": "LineString", "coordinates": [ [ 91.467556614000046, 22.586309651000079 ], [ 91.446764587000075, 22.576303983000059 ], [ 91.423786399000051, 22.525301950000085 ], [ 91.429658286000063, 22.493002901000068 ], [ 91.446517271000062, 22.453242453000087 ], [ 91.476052165000056, 22.413317257000074 ], [ 91.507519217000038, 22.396796588000086 ], [ 91.555179078000037, 22.402031244000057 ], [ 91.56363308400006, 22.435621052000045 ], [ 91.556360625000082, 22.478210170000068 ], [ 91.467556614000046, 22.586309651000079 ] ] } },
{ "type": "Feature", "properties": { "featurecla": "Coastline", "scalerank": 5, "min_zoom": 0.0 }, "geometry": { "type": "LineString", "coordinates": [ [ 90.790552519000073, 22.495333023000057 ], [ 90.76694021600008, 22.517531391000091 ], [ 90.754507385000068, 22.548434354000051 ], [ 90.74697855800008, 22.596906803000081 ], [ 90.731271613000047, 22.620527278000054 ], [ 90.715507023000043, 22.638283560000048 ], [ 90.701369487000079, 22.661898417000089 ], [ 90.684095252000077, 22.694372801000043 ], [ 90.67154649400004, 22.722410315000047 ], [ 90.66061944900008, 22.757804896000039 ], [ 90.650563998000052, 22.78742096600007 ], [ 90.631032748000052, 22.785630601000037 ], [ 90.613454623000052, 22.781683661000045 ], [ 90.596202019000032, 22.775376695000091 ], [ 90.585459832000083, 22.768052476000037 ], [ 90.578623894000032, 22.757025458000044 ], [ 90.55632571700005, 22.674709377000056 ], [ 90.55396569100003, 22.639797268000052 ], [ 90.558767123000052, 22.602932033000059 ], [ 90.574961785000028, 22.598863023000035 ], [ 90.631358269000032, 22.561590887000079 ], [ 90.647471550000034, 22.54828522300005 ], [ 90.658946160000028, 22.524400132000039 ], [ 90.670583530000044, 22.463853257000039 ], [ 90.681813998000052, 22.445257880000042 ], [ 90.681813998000052, 22.439032294000071 ], [ 90.677744988000029, 22.426703192000048 ], [ 90.679942254000082, 22.407171942000048 ], [ 90.687998894000032, 22.377630927000041 ], [ 90.681895379000082, 22.360419012000079 ], [ 90.681813998000052, 22.301906643000052 ], [ 90.678477410000028, 22.282782294000071 ], [ 90.67351321700005, 22.266424872000073 ], [ 90.631846550000034, 22.182114976000037 ], [ 90.622243686000047, 22.145086981000077 ], [ 90.633311394000032, 22.123114325000074 ], [ 90.618988477000073, 22.101304429000038 ], [ 90.607758009000065, 22.072333075000074 ], [ 90.603526238000029, 22.044012762000079 ], [ 90.610036655000044, 22.024115302000041 ], [ 90.625987175000034, 22.027167059000078 ], [ 90.681813998000052, 22.102606512000079 ], [ 90.669932488000029, 22.07493724200009 ], [ 90.651215040000068, 22.044623114000046 ], [ 90.639414910000028, 22.016099351000037 ], [ 90.647471550000034, 21.994045315000051 ], [ 90.657725457000083, 21.992865302000041 ], [ 90.670420769000032, 21.997707424000055 ], [ 90.68287194100003, 22.003973700000074 ], [ 90.691661004000082, 22.007025458000044 ], [ 90.717784050000034, 22.048407294000071 ], [ 90.727061394000032, 22.053697007000039 ], [ 90.750010613000029, 22.075995184000078 ], [ 90.755869988000029, 22.065985419000071 ], [ 90.757334832000083, 22.061672268000052 ], [ 90.77475019600007, 22.075913804000038 ], [ 90.827891472000033, 22.152411200000074 ], [ 90.836192254000082, 22.178168036000045 ], [ 90.835022009000056, 22.339615964000075 ], [ 90.855024091000075, 22.43466514000005 ], [ 90.834636880000062, 22.45829561000005 ], [ 90.790552519000073, 22.495333023000057 ] ] } },
{ "type": "Feature", "properties": { "featurecla": "Coastline", "scalerank": 5, "min_zoom": 6.0 }, "geometry": { "type": "LineString", "coordinates": [ [ 90.645253503000049, 22.84928934900006 ], [ 90.626760276000027, 22.857215927000084 ], [ 90.606618686000047, 22.87726471600007 ], [ 90.592295769000032, 22.881903387000079 ], [ 90.552744988000029, 22.881740627000056 ], [ 90.544444207000083, 22.880682684000078 ], [ 90.537608269000032, 22.866766669000071 ], [ 90.52116946700005, 22.864650783000059 ], [ 90.486827019000032, 22.870428778000075 ], [ 90.473399285000028, 22.865139065000051 ], [ 90.46607506600003, 22.851752020000049 ], [ 90.463145379000082, 22.834051825000074 ], [ 90.462657097000033, 22.815822658000059 ], [ 90.465668165000068, 22.788072007000039 ], [ 90.46420332100007, 22.778876044000071 ], [ 90.455739780000044, 22.767401434000078 ], [ 90.482920769000032, 22.759751695000091 ], [ 90.492849155000044, 22.753241278000075 ], [ 90.496755405000044, 22.743150132000039 ], [ 90.498220248000052, 22.73383209800005 ], [ 90.510961293000037, 22.722723883000072 ], [ 90.520992829000079, 22.711765344000071 ], [ 90.534612117000052, 22.72877529100009 ], [ 90.529677236000055, 22.744363068000041 ], [ 90.53155868500005, 22.769236749000072 ], [ 90.54656009200005, 22.783677476000037 ], [ 90.56177819100003, 22.788804429000038 ], [ 90.590955634000068, 22.813918922000084 ], [ 90.628052252000032, 22.812082197000052 ], [ 90.662364129000082, 22.805487372000073 ], [ 90.678233269000032, 22.808335679000038 ], [ 90.663629592000063, 22.828918033000036 ], [ 90.645253503000049, 22.84928934900006 ] ] } },
{ "type": "Feature", "properties": { "featurecla": "Coastline", "scalerank": 5, "min_zoom": 4.0 }, "geometry": { "type": "LineString", "coordinates": [ [ 90.66732832100007, 22.953029690000051 ], [ 90.66732832100007, 22.959173895000049 ], [ 90.645355665000068, 22.974839585000041 ], [ 90.607269727000073, 23.018133856000077 ], [ 90.586192254000082, 23.034898179000038 ], [ 90.561289910000028, 23.032619533000059 ], [ 90.528005405000044, 23.007635809000078 ], [ 90.508067254000082, 22.975775458000044 ], [ 90.524099155000044, 22.953029690000051 ], [ 90.53451582100007, 22.951239325000074 ], [ 90.561696811000047, 22.951564846000053 ], [ 90.572520379000082, 22.953029690000051 ], [ 90.581228061000047, 22.956529039000088 ], [ 90.584727410000028, 22.96039459800005 ], [ 90.588715040000068, 22.962062893000052 ], [ 90.599131707000083, 22.959173895000049 ], [ 90.607676629000082, 22.95258209800005 ], [ 90.619639519000032, 22.932521877000056 ], [ 90.627126498000052, 22.925034898000035 ], [ 90.636241082000083, 22.92133209800005 ], [ 90.66732832100007, 22.918198960000041 ], [ 90.662364129000082, 22.927801825000074 ], [ 90.654633009000065, 22.937323309000078 ], [ 90.644704623000052, 22.945990302000041 ], [ 90.633311394000032, 22.953029690000051 ], [ 90.641612175000034, 22.952297268000052 ], [ 90.66732832100007, 22.953029690000051 ] ] } },
{ "type": "Feature", "properties": { "featurecla": "Coastline", "scalerank": 6, "min_zoom": 6.0 }, "geometry": { "type": "LineString", "coordinates": [ [ 90.510427280000044, 23.069037177000041 ], [ 90.502452019000032, 23.064886786000045 ], [ 90.494395379000082, 23.062933661000045 ], [ 90.455739780000044, 23.06281159100007 ], [ 90.460948113000029, 23.048488674000055 ], [ 90.469493035000028, 23.007635809000078 ], [ 90.47779381600003, 23.012396552000041 ], [ 90.500173373000052, 23.038031317000048 ], [ 90.515635613000029, 23.051947333000044 ], [ 90.517100457000083, 23.05931224200009 ], [ 90.510427280000044, 23.069037177000041 ] ] } },
{ "type": "Feature", "properties": { "featurecla": "Coastline", "scalerank": 6, "min_zoom": 5.0 }, "geometry": { "type": "LineString", "coordinates": [ [ 90.524099155000044, 23.322251695000091 ], [ 90.529551629000082, 23.333563544000071 ], [ 90.549571160000028, 23.326239325000074 ], [ 90.586192254000082, 23.301743882000039 ], [ 90.577647332000083, 23.323635158000059 ], [ 90.539398634000065, 23.350002346000053 ], [ 90.49187259200005, 23.373032945000091 ], [ 90.455739780000044, 23.384955145000049 ], [ 90.429698113000029, 23.385158596000053 ], [ 90.426605665000068, 23.375962632000039 ], [ 90.437266472000033, 23.361802476000037 ], [ 90.468760613000029, 23.331610419000071 ], [ 90.487071160000028, 23.319037177000041 ], [ 90.506114129000082, 23.314195054000038 ], [ 90.524099155000044, 23.322251695000091 ] ] } },
{ "type": "Feature", "properties": { "featurecla": "Coastline", "scalerank": 6, "min_zoom": 6.0 }, "geometry": { "type": "LineString", "coordinates": [ [ 72.912852410000085, 5.034084377000056 ], [ 72.910166863000029, 5.032700914000088 ], [ 72.909190300000034, 5.030585028000075 ], [ 72.90943444100003, 5.03078847900008 ], [ 72.912852410000085, 5.034084377000056 ] ] } },
{ "type": "Feature", "properties": { "featurecla": "Coastline", "scalerank": 6, "min_zoom": 6.0 }, "geometry": { "type": "LineString", "coordinates": [ [ 72.927744988000029, 5.036525783000059 ], [ 72.927663608000046, 5.036281643000052 ], [ 72.927175326000054, 5.034247137000079 ], [ 72.92709394600007, 5.03392161700009 ], [ 72.925710483000046, 5.033474026000079 ], [ 72.924408399000072, 5.03306712400007 ], [ 72.924327019000032, 5.033026434000078 ], [ 72.927744988000029, 5.036525783000059 ] ] } },
{ "type": "Feature", "properties": { "featurecla": "Coastline", "scalerank": 6, "min_zoom": 6.0 }, "geometry": { "type": "LineString", "coordinates": [ [ 73.044769727000073, 5.12181224200009 ], [ 73.044769727000073, 5.121649481000077 ], [ 73.043467644000032, 5.118841864000046 ], [ 73.041270379000082, 5.118394273000092 ], [ 73.044769727000073, 5.12181224200009 ] ] } },
{ "type": "Feature", "properties": { "featurecla": "Coastline", "scalerank": 6, "min_zoom": 6.0 }, "geometry": { "type": "LineString", "coordinates": [ [ 73.049082879000082, 5.133286851000094 ], [ 73.049164259000065, 5.133164781000062 ], [ 73.049978061000047, 5.130357164000088 ], [ 73.051442905000044, 5.128078518000052 ], [ 73.051442905000044, 5.126654364000046 ], [ 73.047618035000085, 5.126369533000059 ], [ 73.045258009000065, 5.128892320000091 ], [ 73.046071811000047, 5.130275783000059 ], [ 73.047862175000034, 5.131293036000045 ], [ 73.049082879000082, 5.133286851000094 ] ] } },
{ "type": "Feature", "properties": { "featurecla": "Coastline", "scalerank": 6, "min_zoom": 6.0 }, "geometry": { "type": "LineString", "coordinates": [ [ 73.091319207000083, 5.161363023000092 ], [ 73.090993686000047, 5.15851471600007 ], [ 73.087901238000029, 5.157985744000086 ], [ 73.087738477000073, 5.157945054000038 ], [ 73.091319207000083, 5.161363023000092 ] ] } },
{ "type": "Feature", "properties": { "featurecla": "Coastline", "scalerank": 6, "min_zoom": 6.0 }, "geometry": { "type": "LineString", "coordinates": [ [ 73.103851759000065, 5.173041083000044 ], [ 73.10710696700005, 5.170965887000079 ], [ 73.110199415000068, 5.170355536000045 ], [ 73.110524936000047, 5.170314846000053 ], [ 73.106944207000083, 5.171779690000051 ], [ 73.104177280000044, 5.172919012000079 ], [ 73.103851759000065, 5.173041083000044 ] ] } },
{ "type": "Feature", "properties": { "featurecla": "Coastline", "scalerank": 6, "min_zoom": 6.0 }, "geometry": { "type": "LineString", "coordinates": [ [ 72.860118035000085, 5.237941799000055 ], [ 72.860036655000044, 5.23781972900008 ], [ 72.859222852000073, 5.235500393000052 ], [ 72.856862826000054, 5.234564520000049 ], [ 72.856618686000047, 5.234442450000074 ], [ 72.860118035000085, 5.237941799000055 ] ] } },
{ "type": "Feature", "properties": { "featurecla": "Coastline", "scalerank": 6, "min_zoom": 6.0 }, "geometry": { "type": "LineString", "coordinates": [ [ 73.131846550000034, 5.244574286000045 ], [ 73.131846550000034, 5.24249909100007 ], [ 73.128428582000083, 5.241156317000048 ], [ 73.131846550000034, 5.244574286000045 ] ] } },
{ "type": "Feature", "properties": { "featurecla": "Coastline", "scalerank": 6, "min_zoom": 6.0 }, "geometry": { "type": "LineString", "coordinates": [ [ 73.499766472000033, 5.246893622000073 ], [ 73.49968509200005, 5.24681224200009 ], [ 73.49732506600003, 5.245062567000048 ], [ 73.497243686000047, 5.245021877000056 ], [ 73.49382571700005, 5.245998440000051 ], [ 73.499766472000033, 5.246893622000073 ] ] } },
{ "type": "Feature", "properties": { "featurecla": "Coastline", "scalerank": 6, "min_zoom": 6.0 }, "geometry": { "type": "LineString", "coordinates": [ [ 73.593597852000073, 5.282700914000088 ], [ 73.582855665000068, 5.275580145000049 ], [ 73.577647332000083, 5.274562893000052 ], [ 73.570160352000073, 5.276678778000075 ], [ 73.56999759200005, 5.276760158000059 ], [ 73.575938347000033, 5.27993398600006 ], [ 73.582041863000029, 5.281805731000077 ], [ 73.587901238000029, 5.282619533000059 ], [ 73.593597852000073, 5.282700914000088 ] ] } },
{ "type": "Feature", "properties": { "featurecla": "Coastline", "scalerank": 6, "min_zoom": 6.0 }, "geometry": { "type": "LineString", "coordinates": [ [ 73.112803582000083, 5.298570054000038 ], [ 73.109222852000073, 5.296698309000078 ], [ 73.109222852000073, 5.295152085000041 ], [ 73.11264082100007, 5.298447984000063 ], [ 73.112803582000083, 5.298570054000038 ] ] } },
{ "type": "Feature", "properties": { "featurecla": "Coastline", "scalerank": 6, "min_zoom": 6.0 }, "geometry": { "type": "LineString", "coordinates": [ [ 73.470225457000083, 5.307766018000052 ], [ 73.46843509200005, 5.308091539000088 ], [ 73.467133009000065, 5.308335679000038 ], [ 73.467051629000082, 5.308335679000038 ], [ 73.46420332100007, 5.306830145000049 ], [ 73.464366082000083, 5.306870835000041 ], [ 73.470144076000054, 5.30772532800006 ], [ 73.470225457000083, 5.307766018000052 ] ] } },
{ "type": "Feature", "properties": { "featurecla": "Coastline", "scalerank": 6, "min_zoom": 6.0 }, "geometry": { "type": "LineString", "coordinates": [ [ 73.629567905000044, 5.332831122000073 ], [ 73.629405144000032, 5.33274974200009 ], [ 73.627207879000082, 5.331122137000079 ], [ 73.623301629000082, 5.331854559000078 ], [ 73.629567905000044, 5.332831122000073 ] ] } },
{ "type": "Feature", "properties": { "featurecla": "Coastline", "scalerank": 6, "min_zoom": 6.0 }, "geometry": { "type": "LineString", "coordinates": [ [ 73.646657748000052, 5.343247789000088 ], [ 73.643402540000068, 5.343939520000049 ], [ 73.63990319100003, 5.342189846000053 ], [ 73.640065951000054, 5.342189846000053 ], [ 73.646494988000029, 5.343247789000088 ], [ 73.646657748000052, 5.343247789000088 ] ] } },
{ "type": "Feature", "properties": { "featurecla": "Coastline", "scalerank": 6, "min_zoom": 6.0 }, "geometry": { "type": "LineString", "coordinates": [ [ 72.953135613000029, 5.352769273000092 ], [ 72.95240319100003, 5.350083726000094 ], [ 72.949554884000065, 5.349310614000046 ], [ 72.953135613000029, 5.352769273000092 ] ] } },
{ "type": "Feature", "properties": { "featurecla": "Coastline", "scalerank": 6, "min_zoom": 6.0 }, "geometry": { "type": "LineString", "coordinates": [ [ 73.397471550000034, 5.362209377000056 ], [ 73.397552931000064, 5.362005927000041 ], [ 73.398692254000082, 5.359605210000041 ], [ 73.400645379000082, 5.357652085000041 ], [ 73.401215040000068, 5.356146552000041 ], [ 73.399424675000034, 5.355454820000091 ], [ 73.39616946700005, 5.357123114000046 ], [ 73.396006707000083, 5.358465887000079 ], [ 73.397146030000044, 5.360174872000073 ], [ 73.397471550000034, 5.362209377000056 ] ] } },
{ "type": "Feature", "properties": { "featurecla": "Coastline", "scalerank": 6, "min_zoom": 6.0 }, "geometry": { "type": "LineString", "coordinates": [ [ 73.323252800000034, 5.368231512000079 ], [ 73.324880405000044, 5.366766669000071 ], [ 73.324961785000085, 5.366766669000071 ], [ 73.327891472000033, 5.367010809000078 ], [ 73.327972852000073, 5.367010809000078 ], [ 73.328216993000069, 5.367010809000078 ], [ 73.330088738000029, 5.366888739000046 ], [ 73.330088738000029, 5.366848049000055 ], [ 73.328868035000085, 5.364243882000039 ], [ 73.319346550000034, 5.362941799000055 ], [ 73.319183790000068, 5.362941799000055 ], [ 73.31771894600007, 5.365790106000077 ], [ 73.319183790000068, 5.36664459800005 ], [ 73.322032097000033, 5.366888739000046 ], [ 73.323252800000034, 5.368231512000079 ] ] } },
{ "type": "Feature", "properties": { "featurecla": "Coastline", "scalerank": 6, "min_zoom": 6.0 }, "geometry": { "type": "LineString", "coordinates": [ [ 73.350759311000047, 5.427679755000042 ], [ 73.347504102000073, 5.428778387000079 ], [ 73.344574415000068, 5.426743882000039 ], [ 73.344899936000047, 5.426825262000079 ], [ 73.350759311000047, 5.427679755000042 ] ] } },
{ "type": "Feature", "properties": { "featurecla": "Coastline", "scalerank": 6, "min_zoom": 6.0 }, "geometry": { "type": "LineString", "coordinates": [ [ 73.537445509000065, 5.451402085000041 ], [ 73.534922722000033, 5.44985586100006 ], [ 73.531260613000029, 5.450425523000092 ], [ 73.537445509000065, 5.451402085000041 ] ] } },
{ "type": "Feature", "properties": { "featurecla": "Coastline", "scalerank": 6, "min_zoom": 6.0 }, "geometry": { "type": "LineString", "coordinates": [ [ 73.36296634200005, 5.463080145000049 ], [ 73.36296634200005, 5.462795315000051 ], [ 73.363129102000073, 5.459377346000053 ], [ 73.360931837000066, 5.457953192000048 ], [ 73.36068769600007, 5.457831122000073 ], [ 73.36296634200005, 5.463080145000049 ] ] } },
{ "type": "Feature", "properties": { "featurecla": "Coastline", "scalerank": 6, "min_zoom": 6.0 }, "geometry": { "type": "LineString", "coordinates": [ [ 72.943125847000033, 5.467596747000073 ], [ 72.94304446700005, 5.467474677000041 ], [ 72.941579623000052, 5.46556224200009 ], [ 72.94109134200005, 5.463568427000041 ], [ 72.940277540000068, 5.462144273000092 ], [ 72.938243035000085, 5.461493231000077 ], [ 72.937022332000083, 5.465521552000041 ], [ 72.937022332000083, 5.46556224200009 ], [ 72.938161655000044, 5.466701565000051 ], [ 72.940603061000047, 5.466782945000091 ], [ 72.943125847000033, 5.467596747000073 ] ] } },
{ "type": "Feature", "properties": { "featurecla": "Coastline", "scalerank": 6, "min_zoom": 6.0 }, "geometry": { "type": "LineString", "coordinates": [ [ 73.015879754000082, 5.492865302000041 ], [ 73.014333530000044, 5.490912177000041 ], [ 73.013845248000052, 5.48891836100006 ], [ 73.01303144600007, 5.487453518000052 ], [ 73.01107832100007, 5.486843166000085 ], [ 73.01099694100003, 5.486802476000094 ], [ 73.009938998000052, 5.490220445000091 ], [ 73.009776238000029, 5.49087148600006 ], [ 73.009776238000029, 5.490912177000041 ], [ 73.010915561000047, 5.492132880000042 ], [ 73.013194207000083, 5.492132880000042 ], [ 73.015879754000082, 5.492865302000041 ] ] } },
{ "type": "Feature", "properties": { "featurecla": "Coastline", "scalerank": 6, "min_zoom": 6.0 }, "geometry": { "type": "LineString", "coordinates": [ [ 73.462412957000083, 5.54360586100006 ], [ 73.459320509000065, 5.54173411700009 ], [ 73.456472201000054, 5.542629299000055 ], [ 73.45630944100003, 5.542669989000046 ], [ 73.462412957000083, 5.54360586100006 ] ] } },
{ "type": "Feature", "properties": { "featurecla": "Coastline", "scalerank": 6, "min_zoom": 6.0 }, "geometry": { "type": "LineString", "coordinates": [ [ 73.005625847000033, 5.713324286000045 ], [ 73.003754102000073, 5.711127020000049 ], [ 73.00318444100003, 5.708726304000038 ], [ 73.002289259000065, 5.707098700000074 ], [ 72.999766472000033, 5.706976630000042 ], [ 72.998789910000085, 5.711940822000088 ], [ 72.998789910000085, 5.711981512000079 ], [ 73.000173373000052, 5.71320221600007 ], [ 73.000254754000082, 5.71320221600007 ], [ 73.000824415000068, 5.713120835000041 ], [ 73.002777540000068, 5.712836005000042 ], [ 73.005625847000033, 5.713324286000045 ] ] } },
{ "type": "Feature", "properties": { "featurecla": "Coastline", "scalerank": 6, "min_zoom": 6.0 }, "geometry": { "type": "LineString", "coordinates": [ [ 72.949392123000052, 6.349798895000049 ], [ 72.949392123000052, 6.349676825000074 ], [ 72.950938347000033, 6.347723700000074 ], [ 72.951182488000029, 6.347601630000042 ], [ 72.952972852000073, 6.346625067000048 ], [ 72.953379754000082, 6.346258856000077 ], [ 72.953949415000068, 6.345607815000051 ], [ 72.953135613000029, 6.343491929000038 ], [ 72.94849694100003, 6.344427802000041 ], [ 72.947764519000032, 6.345933335000041 ], [ 72.948985222000033, 6.348049221000053 ], [ 72.949392123000052, 6.349798895000049 ] ] } },
{ "type": "Feature", "properties": { "featurecla": "Coastline", "scalerank": 6, "min_zoom": 6.0 }, "geometry": { "type": "LineString", "coordinates": [ [ 72.892588738000029, 6.452093817000048 ], [ 72.89421634200005, 6.44993724200009 ], [ 72.89616946700005, 6.448879299000055 ], [ 72.896901889000048, 6.448187567000048 ], [ 72.897227410000085, 6.44790273600006 ], [ 72.897227410000085, 6.447821356000077 ], [ 72.896332227000073, 6.445786851000094 ], [ 72.891774936000047, 6.44672272300005 ], [ 72.891612175000034, 6.447007554000038 ], [ 72.890879754000082, 6.448228257000039 ], [ 72.892100457000083, 6.450262762000079 ], [ 72.892588738000029, 6.452093817000048 ] ] } },
{ "type": "Feature", "properties": { "featurecla": "Coastline", "scalerank": 6, "min_zoom": 6.0 }, "geometry": { "type": "LineString", "coordinates": [ [ 72.172699415000068, 10.80923086100006 ], [ 72.188161655000044, 10.836127020000049 ], [ 72.200043165000068, 10.864447333000044 ], [ 72.200043165000068, 10.878078518000052 ], [ 72.200043165000068, 10.878119208000044 ], [ 72.195648634000065, 10.872707424000055 ], [ 72.189300977000073, 10.864935614000046 ], [ 72.185150587000066, 10.858303127000056 ], [ 72.17904707100007, 10.848700262000079 ], [ 72.172618035000085, 10.829982815000051 ], [ 72.172699415000068, 10.80923086100006 ] ] } },
{ "type": "Feature", "properties": { "featurecla": "Coastline", "scalerank": 5, "min_zoom": 4.0 }, "geometry": { "type": "LineString", "coordinates": [ [ 72.789073113000029, 11.261664130000042 ], [ 72.774180535000085, 11.222886460000041 ], [ 72.770355665000068, 11.203680731000077 ], [ 72.770355665000068, 11.203640041000085 ], [ 72.77116946700005, 11.201117255000042 ], [ 72.775401238000029, 11.186590887000079 ], [ 72.775482618000069, 11.186753648000092 ], [ 72.784922722000033, 11.216376044000071 ], [ 72.787933790000068, 11.232245184000078 ], [ 72.789073113000029, 11.248032945000091 ], [ 72.791514519000032, 11.251654364000046 ], [ 72.793955925000034, 11.254299221000053 ], [ 72.795583530000044, 11.257228908000059 ], [ 72.795909050000034, 11.261664130000042 ], [ 72.789235873000052, 11.261664130000042 ], [ 72.789073113000029, 11.261664130000042 ] ] } },
{ "type": "Feature", "properties": { "featurecla": "Coastline", "scalerank": 6, "min_zoom": 6.0 }, "geometry": { "type": "LineString", "coordinates": [ [ 67.375498894000032, 24.062730210000041 ], [ 67.381521030000044, 24.046210028000075 ], [ 67.385427280000044, 24.040187893000052 ], [ 67.393402540000068, 24.02806224200009 ], [ 67.40943444100003, 24.013495184000078 ], [ 67.426931186000047, 24.007513739000046 ], [ 67.453949415000068, 24.013413804000038 ], [ 67.460785352000073, 24.026678778000075 ], [ 67.465179884000065, 24.040594794000071 ], [ 67.485280795000051, 24.048488674000055 ], [ 67.485362175000034, 24.048529364000046 ], [ 67.47779381600003, 24.051214911000045 ], [ 67.458018425000034, 24.062730210000041 ], [ 67.413259311000047, 24.048773505000042 ], [ 67.390391472000033, 24.049261786000045 ], [ 67.375498894000032, 24.062730210000041 ] ] } },
{ "type": "Feature", "properties": { "featurecla": "Coastline", "scalerank": 6, "min_zoom": 6.0 }, "geometry": { "type": "LineString", "coordinates": [ [ 73.629567905000044, 5.418524481000077 ], [ 73.634532097000033, 5.410956122000073 ], [ 73.636729363000029, 5.402899481000077 ], [ 73.636729363000029, 5.402858791000085 ], [ 73.635915561000047, 5.394476630000042 ], [ 73.63249759200005, 5.38625722900008 ], [ 73.63249759200005, 5.386053778000075 ], [ 73.627777540000068, 5.413275458000044 ], [ 73.629567905000044, 5.418524481000077 ] ] } },
{ "type": "Feature", "properties": { "featurecla": "Coastline", "scalerank": 6, "min_zoom": 6.0 }, "geometry": { "type": "LineString", "coordinates": [ [ 73.005625847000033, 5.46320221600007 ], [ 73.00554446700005, 5.463120835000041 ], [ 73.004161004000082, 5.461411851000094 ], [ 73.002614780000044, 5.457586981000077 ], [ 73.000987175000034, 5.456244208000044 ], [ 72.999034050000034, 5.461004950000074 ], [ 72.999034050000034, 5.461086330000057 ], [ 73.000010613000029, 5.462469794000071 ], [ 73.002777540000068, 5.462469794000071 ], [ 73.005625847000033, 5.46320221600007 ] ] } },
{ "type": "Feature", "properties": { "featurecla": "Coastline", "scalerank": 6, "min_zoom": 6.0 }, "geometry": { "type": "LineString", "coordinates": [ [ 72.883962436000047, 5.494086005000042 ], [ 72.88249759200005, 5.492010809000078 ], [ 72.881846550000034, 5.490057684000078 ], [ 72.881114129000082, 5.488470770000049 ], [ 72.879161004000082, 5.487860419000071 ], [ 72.877696160000085, 5.492092190000051 ], [ 72.877696160000085, 5.492132880000042 ], [ 72.878754102000073, 5.493150132000039 ], [ 72.881195509000065, 5.493231512000079 ], [ 72.883962436000047, 5.494086005000042 ] ] } },
{ "type": "Feature", "properties": { "featurecla": "Coastline", "scalerank": 6, "min_zoom": 6.0 }, "geometry": { "type": "LineString", "coordinates": [ [ 73.019053582000083, 5.61782461100006 ], [ 73.018972201000054, 5.617661851000094 ], [ 73.017344597000033, 5.615708726000094 ], [ 73.01685631600003, 5.613755601000094 ], [ 73.016123894000032, 5.612250067000048 ], [ 73.014170769000032, 5.611599026000079 ], [ 73.014008009000065, 5.611558335000041 ], [ 73.012868686000047, 5.615708726000094 ], [ 73.013926629000082, 5.616888739000046 ], [ 73.016449415000068, 5.616888739000046 ], [ 73.019053582000083, 5.61782461100006 ] ] } },
{ "type": "Feature", "properties": { "featurecla": "Coastline", "scalerank": 6, "min_zoom": 6.0 }, "geometry": { "type": "LineString", "coordinates": [ [ 73.014659050000034, 5.676988023000092 ], [ 73.014659050000034, 5.676947333000044 ], [ 73.013194207000083, 5.675034898000092 ], [ 73.012461785000085, 5.673000393000052 ], [ 73.011892123000052, 5.671535549000055 ], [ 73.009776238000029, 5.670843817000048 ], [ 73.008555535000085, 5.674994208000044 ], [ 73.008555535000085, 5.675034898000092 ], [ 73.009776238000029, 5.67609284100007 ], [ 73.012054884000065, 5.676255601000094 ], [ 73.014659050000034, 5.676988023000092 ] ] } },
{ "type": "Feature", "properties": { "featurecla": "Coastline", "scalerank": 6, "min_zoom": 6.0 }, "geometry": { "type": "LineString", "coordinates": [ [ 73.392832879000082, 5.737697658000059 ], [ 73.392425977000073, 5.736802476000094 ], [ 73.380707227000073, 5.714585679000038 ], [ 73.380625847000033, 5.714748440000051 ], [ 73.379893425000034, 5.715033270000049 ], [ 73.379812045000051, 5.715073960000041 ], [ 73.379567905000044, 5.71515534100007 ], [ 73.382578972000033, 5.72211334800005 ], [ 73.392832879000082, 5.737697658000059 ] ] } },
{ "type": "Feature", "properties": { "featurecla": "Coastline", "scalerank": 6, "min_zoom": 6.0 }, "geometry": { "type": "LineString", "coordinates": [ [ 72.986827019000032, 5.770738023000092 ], [ 72.985850457000083, 5.765570380000042 ], [ 72.982839389000048, 5.762559312000064 ], [ 72.982758009000065, 5.762518622000073 ], [ 72.986827019000032, 5.770738023000092 ] ] } },
{ "type": "Feature", "properties": { "featurecla": "Coastline", "scalerank": 6, "min_zoom": 6.0 }, "geometry": { "type": "LineString", "coordinates": [ [ 73.382334832000083, 5.794989325000074 ], [ 73.382334832000083, 5.794745184000078 ], [ 73.382660352000073, 5.791693427000041 ], [ 73.384287957000083, 5.789252020000049 ], [ 73.384532097000033, 5.787014065000051 ], [ 73.384532097000033, 5.786932684000078 ], [ 73.380707227000073, 5.784125067000048 ], [ 73.376800977000073, 5.787339585000041 ], [ 73.377696160000085, 5.789536851000094 ], [ 73.38021894600007, 5.791693427000041 ], [ 73.382334832000083, 5.794989325000074 ] ] } },
{ "type": "Feature", "properties": { "featurecla": "Coastline", "scalerank": 6, "min_zoom": 6.0 }, "geometry": { "type": "LineString", "coordinates": [ [ 72.976573113000029, 5.813625393000052 ], [ 72.976573113000029, 5.813544012000079 ], [ 72.975108269000032, 5.80455149900007 ], [ 72.975108269000032, 5.804429429000038 ], [ 72.972422722000033, 5.807033596000053 ], [ 72.970957879000082, 5.808417059000078 ], [ 72.971039259000065, 5.810451565000051 ], [ 72.973806186000047, 5.811712958000044 ], [ 72.976573113000029, 5.813625393000052 ] ] } },
{ "type": "Feature", "properties": { "featurecla": "Coastline", "scalerank": 6, "min_zoom": 6.0 }, "geometry": { "type": "LineString", "coordinates": [ [ 73.449880405000044, 5.840765692000048 ], [ 73.449799024000072, 5.840725002000056 ], [ 73.433767123000052, 5.830877997000073 ], [ 73.433441602000073, 5.83071523600006 ], [ 73.438975457000083, 5.838283596000053 ], [ 73.443125847000033, 5.84125397300005 ], [ 73.44654381600003, 5.841498114000046 ], [ 73.449880405000044, 5.840765692000048 ] ] } },
{ "type": "Feature", "properties": { "featurecla": "Coastline", "scalerank": 6, "min_zoom": 6.0 }, "geometry": { "type": "LineString", "coordinates": [ [ 72.963633660000085, 5.864325262000079 ], [ 72.963715040000068, 5.864040432000081 ], [ 72.96648196700005, 5.850287177000041 ], [ 72.96648196700005, 5.85024648600006 ], [ 72.962657097000033, 5.853461005000042 ], [ 72.961924675000034, 5.856675523000092 ], [ 72.963633660000085, 5.864325262000079 ] ] } },
{ "type": "Feature", "properties": { "featurecla": "Coastline", "scalerank": 6, "min_zoom": 6.0 }, "geometry": { "type": "LineString", "coordinates": [ [ 73.42904707100007, 5.911363023000092 ], [ 73.42904707100007, 5.911200262000079 ], [ 73.428477410000085, 5.908596096000053 ], [ 73.428477410000085, 5.90851471600007 ], [ 73.428477410000085, 5.906195380000042 ], [ 73.428477410000085, 5.904445705000057 ], [ 73.426280144000032, 5.903265692000048 ], [ 73.42318769600007, 5.90688711100006 ], [ 73.424082879000082, 5.908433335000041 ], [ 73.426605665000068, 5.909491278000075 ], [ 73.42904707100007, 5.911363023000092 ] ] } },
{ "type": "Feature", "properties": { "featurecla": "Coastline", "scalerank": 6, "min_zoom": 6.0 }, "geometry": { "type": "LineString", "coordinates": [ [ 72.931651238000029, 5.96906159100007 ], [ 72.930186394000032, 5.956935940000051 ], [ 72.925791863000029, 5.963242906000062 ], [ 72.925791863000029, 5.963283596000053 ], [ 72.926442905000044, 5.966294664000088 ], [ 72.931651238000029, 5.96906159100007 ] ] } },
{ "type": "Feature", "properties": { "featurecla": "Coastline", "scalerank": 6, "min_zoom": 6.0 }, "geometry": { "type": "LineString", "coordinates": [ [ 73.389821811000047, 5.970282294000071 ], [ 73.395332791000044, 5.957801545000052 ], [ 73.386729363000029, 5.961981512000079 ], [ 73.384532097000033, 5.964748440000051 ], [ 73.389821811000047, 5.970282294000071 ] ] } },
{ "type": "Feature", "properties": { "featurecla": "Coastline", "scalerank": 6, "min_zoom": 6.0 }, "geometry": { "type": "LineString", "coordinates": [ [ 72.91570071700005, 5.981350002000056 ], [ 72.915619337000066, 5.981268622000073 ], [ 72.913828972000033, 5.979641018000052 ], [ 72.91342207100007, 5.977362372000073 ], [ 72.912852410000085, 5.976304429000038 ], [ 72.91138756600003, 5.977077541000085 ], [ 72.90984134200005, 5.977932033000059 ], [ 72.909678582000083, 5.982123114000046 ], [ 72.910899285000085, 5.98273346600007 ], [ 72.913096550000034, 5.981634833000044 ], [ 72.91570071700005, 5.981350002000056 ] ] } },
{ "type": "Feature", "properties": { "featurecla": "Coastline", "scalerank": 6, "min_zoom": 6.0 }, "geometry": { "type": "LineString", "coordinates": [ [ 73.250743035000085, 6.083400783000059 ], [ 73.250661655000044, 6.083278713000084 ], [ 73.249034050000034, 6.07953522300005 ], [ 73.24545332100007, 6.079779364000046 ], [ 73.250743035000085, 6.083400783000059 ] ] } },
{ "type": "Feature", "properties": { "featurecla": "Coastline", "scalerank": 6, "min_zoom": 6.0 }, "geometry": { "type": "LineString", "coordinates": [ [ 73.252126498000052, 6.111232815000051 ], [ 73.248871290000068, 6.110174872000073 ], [ 73.246836785000085, 6.10773346600007 ], [ 73.247243686000047, 6.107977606000077 ], [ 73.251963738000029, 6.111151434000078 ], [ 73.252126498000052, 6.111232815000051 ] ] } },
{ "type": "Feature", "properties": { "featurecla": "Coastline", "scalerank": 6, "min_zoom": 6.0 }, "geometry": { "type": "LineString", "coordinates": [ [ 73.220469597000033, 6.132066148000092 ], [ 73.22038821700005, 6.131984768000052 ], [ 73.219004754000082, 6.129299221000053 ], [ 73.215179884000065, 6.128566799000055 ], [ 73.220469597000033, 6.132066148000092 ] ] } },
{ "type": "Feature", "properties": { "featurecla": "Coastline", "scalerank": 6, "min_zoom": 6.0 }, "geometry": { "type": "LineString", "coordinates": [ [ 73.270274285000085, 6.156927802000041 ], [ 73.270192905000044, 6.156805731000077 ], [ 73.26880944100003, 6.154486395000049 ], [ 73.268077019000032, 6.152411200000074 ], [ 73.26726321700005, 6.150946356000077 ], [ 73.26531009200005, 6.150661526000079 ], [ 73.265147332000083, 6.150620835000041 ], [ 73.265391472000033, 6.153550523000092 ], [ 73.266612175000034, 6.154852606000077 ], [ 73.268239780000044, 6.155585028000075 ], [ 73.270274285000085, 6.156927802000041 ] ] } },
{ "type": "Feature", "properties": { "featurecla": "Coastline", "scalerank": 6, "min_zoom": 6.0 }, "geometry": { "type": "LineString", "coordinates": [ [ 73.219086134000065, 6.172349351000094 ], [ 73.215830925000034, 6.171210028000075 ], [ 73.214040561000047, 6.168768622000073 ], [ 73.218923373000052, 6.172267971000053 ], [ 73.219086134000065, 6.172349351000094 ] ] } },
{ "type": "Feature", "properties": { "featurecla": "Coastline", "scalerank": 6, "min_zoom": 6.0 }, "geometry": { "type": "LineString", "coordinates": [ [ 73.27084394600007, 6.189439195000091 ], [ 73.27084394600007, 6.189357815000051 ], [ 73.268077019000032, 6.178697007000039 ], [ 73.265391472000033, 6.182766018000052 ], [ 73.265961134000065, 6.18500397300005 ], [ 73.268402540000068, 6.186835028000075 ], [ 73.27084394600007, 6.189439195000091 ] ] } },
{ "type": "Feature", "properties": { "featurecla": "Coastline", "scalerank": 6, "min_zoom": 6.0 }, "geometry": { "type": "LineString", "coordinates": [ [ 73.034190300000034, 6.222357489000046 ], [ 73.030446811000047, 6.22101471600007 ], [ 73.02898196700005, 6.218817450000074 ], [ 73.029144727000073, 6.218980210000041 ], [ 73.034027540000068, 6.222235419000071 ], [ 73.034190300000034, 6.222357489000046 ] ] } },
{ "type": "Feature", "properties": { "featurecla": "Coastline", "scalerank": 6, "min_zoom": 6.0 }, "geometry": { "type": "LineString", "coordinates": [ [ 73.241709832000083, 6.23969147300005 ], [ 73.242198113000029, 6.236476955000057 ], [ 73.243662957000083, 6.234035549000055 ], [ 73.243907097000033, 6.231634833000044 ], [ 73.240244988000029, 6.228949286000045 ], [ 73.236338738000029, 6.232123114000046 ], [ 73.237071160000085, 6.234279690000051 ], [ 73.239756707000083, 6.236476955000057 ], [ 73.241709832000083, 6.23969147300005 ] ] } },
{ "type": "Feature", "properties": { "featurecla": "Coastline", "scalerank": 6, "min_zoom": 6.0 }, "geometry": { "type": "LineString", "coordinates": [ [ 73.128428582000083, 6.286851304000038 ], [ 73.126149936000047, 6.284002997000073 ], [ 73.123057488000029, 6.283351955000057 ], [ 73.122894727000073, 6.283351955000057 ], [ 73.128428582000083, 6.286851304000038 ] ] } },
{ "type": "Feature", "properties": { "featurecla": "Coastline", "scalerank": 6, "min_zoom": 6.0 }, "geometry": { "type": "LineString", "coordinates": [ [ 73.215179884000065, 6.294826565000051 ], [ 73.209320509000065, 6.286851304000038 ], [ 73.208750847000033, 6.286444403000075 ], [ 73.209157748000052, 6.286688544000071 ], [ 73.213063998000052, 6.289211330000057 ], [ 73.215179884000065, 6.294663804000038 ], [ 73.215179884000065, 6.294826565000051 ] ] } },
{ "type": "Feature", "properties": { "featurecla": "Coastline", "scalerank": 6, "min_zoom": 6.0 }, "geometry": { "type": "LineString", "coordinates": [ [ 73.08334394600007, 6.308579820000091 ], [ 73.08326256600003, 6.30845774900007 ], [ 73.08139082100007, 6.305609442000048 ], [ 73.078461134000065, 6.305121161000045 ], [ 73.078135613000029, 6.305080471000053 ], [ 73.08334394600007, 6.308579820000091 ] ] } },
{ "type": "Feature", "properties": { "featurecla": "Coastline", "scalerank": 6, "min_zoom": 6.0 }, "geometry": { "type": "LineString", "coordinates": [ [ 73.197032097000033, 6.327460028000075 ], [ 73.197113477000073, 6.327297268000052 ], [ 73.198252800000034, 6.324693101000094 ], [ 73.199310743000069, 6.324204820000091 ], [ 73.200368686000047, 6.323716539000088 ], [ 73.201914910000085, 6.322170315000051 ], [ 73.201019727000073, 6.318264065000051 ], [ 73.195078972000033, 6.319647528000075 ], [ 73.19499759200005, 6.319932359000063 ], [ 73.194183790000068, 6.321600653000075 ], [ 73.195974155000044, 6.324286200000074 ], [ 73.197032097000033, 6.327460028000075 ] ] } },
{ "type": "Feature", "properties": { "featurecla": "Coastline", "scalerank": 6, "min_zoom": 6.0 }, "geometry": { "type": "LineString", "coordinates": [ [ 73.124522332000083, 6.332505601000094 ], [ 73.120941602000073, 6.331040757000039 ], [ 73.119313998000052, 6.328924872000073 ], [ 73.119639519000032, 6.329169012000079 ], [ 73.124196811000047, 6.332261460000041 ], [ 73.124522332000083, 6.332505601000094 ] ] } },
{ "type": "Feature", "properties": { "featurecla": "Coastline", "scalerank": 6, "min_zoom": 6.0 }, "geometry": { "type": "LineString", "coordinates": [ [ 73.187266472000033, 6.350775458000044 ], [ 73.18490644600007, 6.34906647300005 ], [ 73.183604363000029, 6.347316799000055 ], [ 73.182139519000032, 6.34634023600006 ], [ 73.180186394000032, 6.34711334800005 ], [ 73.18100019600007, 6.349839585000041 ], [ 73.182627800000034, 6.350490627000056 ], [ 73.18482506600003, 6.35032786700009 ], [ 73.187266472000033, 6.350775458000044 ] ] } },
{ "type": "Feature", "properties": { "featurecla": "Coastline", "scalerank": 6, "min_zoom": 6.0 }, "geometry": { "type": "LineString", "coordinates": [ [ 73.020518425000034, 6.368963934000078 ], [ 73.021820509000065, 6.366766669000071 ], [ 73.023936394000032, 6.36587148600006 ], [ 73.024912957000083, 6.364813544000071 ], [ 73.024180535000085, 6.362697658000059 ], [ 73.019297722000033, 6.36359284100007 ], [ 73.018728061000047, 6.365220445000091 ], [ 73.019867384000065, 6.367173570000091 ], [ 73.020518425000034, 6.368963934000078 ] ] } },
{ "type": "Feature", "properties": { "featurecla": "Coastline", "scalerank": 6, "min_zoom": 6.0 }, "geometry": { "type": "LineString", "coordinates": [ [ 72.690928582000083, 6.411607164000088 ], [ 72.690847201000054, 6.41156647300005 ], [ 72.68881269600007, 6.409735419000071 ], [ 72.68718509200005, 6.407416083000044 ], [ 72.685883009000065, 6.406480210000041 ], [ 72.68482506600003, 6.408392645000049 ], [ 72.685883009000065, 6.411607164000088 ], [ 72.687510613000029, 6.412258205000057 ], [ 72.68913821700005, 6.411607164000088 ], [ 72.690928582000083, 6.411607164000088 ] ] } },
{ "type": "Feature", "properties": { "featurecla": "Coastline", "scalerank": 6, "min_zoom": 6.0 }, "geometry": { "type": "LineString", "coordinates": [ [ 72.902842644000032, 6.44017161700009 ], [ 72.904470248000052, 6.437974351000094 ], [ 72.906423373000052, 6.436916408000059 ], [ 72.906911655000044, 6.436428127000056 ], [ 72.90748131600003, 6.435939846000053 ], [ 72.90748131600003, 6.43585846600007 ], [ 72.906586134000065, 6.433823960000041 ], [ 72.90202884200005, 6.434759833000044 ], [ 72.901866082000083, 6.435044664000088 ], [ 72.901133660000085, 6.436346747000073 ], [ 72.902191602000073, 6.438299872000073 ], [ 72.902842644000032, 6.44017161700009 ] ] } },
{ "type": "Feature", "properties": { "featurecla": "Coastline", "scalerank": 6, "min_zoom": 6.0 }, "geometry": { "type": "LineString", "coordinates": [ [ 73.048813278000068, 6.441342196000051 ], [ 73.043142123000052, 6.433701890000066 ], [ 73.043304884000065, 6.433864651000079 ], [ 73.04623457100007, 6.43626536700009 ], [ 73.048813278000068, 6.441342196000051 ] ] } },
{ "type": "Feature", "properties": { "featurecla": "Coastline", "scalerank": 6, "min_zoom": 6.0 }, "geometry": { "type": "LineString", "coordinates": [ [ 72.962087436000047, 6.559027411000045 ], [ 72.959971550000034, 6.557521877000056 ], [ 72.958994988000029, 6.555487372000073 ], [ 72.958018425000034, 6.554348049000055 ], [ 72.955821160000085, 6.55532461100006 ], [ 72.956797722000033, 6.56000397300005 ], [ 72.95834394600007, 6.560695705000057 ], [ 72.958425326000054, 6.560655015000066 ], [ 72.96021569100003, 6.559515692000048 ], [ 72.962087436000047, 6.559027411000045 ] ] } },
{ "type": "Feature", "properties": { "featurecla": "Coastline", "scalerank": 6, "min_zoom": 6.0 }, "geometry": { "type": "LineString", "coordinates": [ [ 72.924001498000052, 6.565252997000073 ], [ 72.925547722000033, 6.563055731000077 ], [ 72.927500847000033, 6.562079169000071 ], [ 72.928721550000034, 6.561102606000077 ], [ 72.927744988000029, 6.558946031000062 ], [ 72.927744988000029, 6.55890534100007 ], [ 72.92310631600003, 6.559881903000075 ], [ 72.922536655000044, 6.561509507000039 ], [ 72.92351321700005, 6.563381252000056 ], [ 72.924001498000052, 6.565252997000073 ] ] } },
{ "type": "Feature", "properties": { "featurecla": "Coastline", "scalerank": 6, "min_zoom": 6.0 }, "geometry": { "type": "LineString", "coordinates": [ [ 73.029958530000044, 6.58234284100007 ], [ 73.029877149000072, 6.582180080000057 ], [ 73.029470248000052, 6.579657294000071 ], [ 73.030121290000068, 6.577541408000059 ], [ 73.030365431000064, 6.576117255000042 ], [ 73.030446811000047, 6.576076565000051 ], [ 73.028168165000068, 6.575181382000039 ], [ 73.027354363000029, 6.57648346600007 ], [ 73.025563998000052, 6.579250393000052 ], [ 73.026133660000085, 6.58079661700009 ], [ 73.028330925000034, 6.581366278000075 ], [ 73.029958530000044, 6.58234284100007 ] ] } },
{ "type": "Feature", "properties": { "featurecla": "Coastline", "scalerank": 6, "min_zoom": 6.0 }, "geometry": { "type": "LineString", "coordinates": [ [ 73.044769727000073, 6.621893622000073 ], [ 73.04265384200005, 6.620347398000092 ], [ 73.041514519000032, 6.618353583000044 ], [ 73.04070071700005, 6.617173570000091 ], [ 73.03842207100007, 6.618150132000039 ], [ 73.039398634000065, 6.622870184000078 ], [ 73.041026238000029, 6.623602606000077 ], [ 73.041107618000069, 6.623561916000085 ], [ 73.042979363000029, 6.62250397300005 ], [ 73.044769727000073, 6.621893622000073 ] ] } },
{ "type": "Feature", "properties": { "featurecla": "Coastline", "scalerank": 6, "min_zoom": 6.0 }, "geometry": { "type": "LineString", "coordinates": [ [ 73.069509311000047, 6.667954820000091 ], [ 73.06177819100003, 6.660956122000073 ], [ 73.062266472000033, 6.666896877000056 ], [ 73.06413821700005, 6.668402411000045 ], [ 73.066661004000082, 6.668117580000057 ], [ 73.069509311000047, 6.667954820000091 ] ] } },
{ "type": "Feature", "properties": { "featurecla": "Coastline", "scalerank": 6, "min_zoom": 6.0 }, "geometry": { "type": "LineString", "coordinates": [ [ 73.105967644000032, 6.709947007000039 ], [ 73.105967644000032, 6.709906317000048 ], [ 73.103526238000029, 6.705877997000073 ], [ 73.102305535000085, 6.702337958000044 ], [ 73.100433790000068, 6.699774481000077 ], [ 73.095957879000082, 6.698472398000092 ], [ 73.095876498000052, 6.698431708000044 ], [ 73.096690300000034, 6.706122137000079 ], [ 73.09929446700005, 6.708929755000042 ], [ 73.105967644000032, 6.709947007000039 ] ] } },
{ "type": "Feature", "properties": { "featurecla": "Coastline", "scalerank": 6, "min_zoom": 6.0 }, "geometry": { "type": "LineString", "coordinates": [ [ 73.036631707000083, 6.759711005000042 ], [ 73.036631707000083, 6.75962962400007 ], [ 73.036143425000034, 6.757147528000075 ], [ 73.036143425000034, 6.757106838000084 ], [ 73.036224806000064, 6.756781317000048 ], [ 73.03679446700005, 6.755072333000044 ], [ 73.036875847000033, 6.753485419000071 ], [ 73.034678582000083, 6.75259023600006 ], [ 73.033864780000044, 6.753851630000042 ], [ 73.031993035000085, 6.75657786700009 ], [ 73.03288821700005, 6.758246161000045 ], [ 73.03484134200005, 6.758734442000048 ], [ 73.036631707000083, 6.759711005000042 ] ] } },
{ "type": "Feature", "properties": { "featurecla": "Coastline", "scalerank": 6, "min_zoom": 6.0 }, "geometry": { "type": "LineString", "coordinates": [ [ 72.918467644000032, 6.76398346600007 ], [ 72.916514519000032, 6.76243724200009 ], [ 72.91537519600007, 6.760443427000041 ], [ 72.914317254000082, 6.75922272300005 ], [ 72.912364129000082, 6.76007721600007 ], [ 72.912282748000052, 6.760158596000053 ], [ 72.913259311000047, 6.764878648000092 ], [ 72.914886915000068, 6.765570380000042 ], [ 72.916758660000085, 6.764471747000073 ], [ 72.918467644000032, 6.76398346600007 ] ] } },
{ "type": "Feature", "properties": { "featurecla": "Coastline", "scalerank": 6, "min_zoom": 6.0 }, "geometry": { "type": "LineString", "coordinates": [ [ 73.15951582100007, 6.786525783000059 ], [ 73.152517123000052, 6.76821523600006 ], [ 73.13599694100003, 6.741197007000039 ], [ 73.131683790000068, 6.725043036000045 ], [ 73.131846550000034, 6.725165106000077 ], [ 73.144786004000082, 6.735541083000044 ], [ 73.152842644000032, 6.749212958000044 ], [ 73.166514519000032, 6.780340887000079 ], [ 73.165537957000083, 6.783148505000042 ], [ 73.165537957000083, 6.785630601000094 ], [ 73.165537957000083, 6.785711981000077 ], [ 73.164235873000052, 6.787054755000042 ], [ 73.15951582100007, 6.786525783000059 ] ] } },
{ "type": "Feature", "properties": { "featurecla": "Coastline", "scalerank": 6, "min_zoom": 6.0 }, "geometry": { "type": "LineString", "coordinates": [ [ 73.181651238000029, 6.830511786000045 ], [ 73.197276238000029, 6.828111070000091 ], [ 73.189463738000029, 6.822821356000077 ], [ 73.183767123000052, 6.821153062000064 ], [ 73.183767123000052, 6.821112372000073 ], [ 73.180837436000047, 6.823431708000044 ], [ 73.181651238000029, 6.830511786000045 ] ] } },
{ "type": "Feature", "properties": { "featurecla": "Coastline", "scalerank": 6, "min_zoom": 6.0 }, "geometry": { "type": "LineString", "coordinates": [ [ 72.99577884200005, 6.841498114000046 ], [ 72.995697462000066, 6.841457424000055 ], [ 72.993662957000083, 6.839911200000074 ], [ 72.992442254000082, 6.837876695000091 ], [ 72.99154707100007, 6.836737372000073 ], [ 72.98951256600003, 6.837591864000046 ], [ 72.989431186000047, 6.837632554000038 ], [ 72.990244988000029, 6.84243398600006 ], [ 72.992035352000073, 6.843003648000092 ], [ 72.993907097000033, 6.841986395000049 ], [ 72.99577884200005, 6.841498114000046 ] ] } },
{ "type": "Feature", "properties": { "featurecla": "Coastline", "scalerank": 6, "min_zoom": 6.0 }, "geometry": { "type": "LineString", "coordinates": [ [ 73.144379102000073, 6.843410549000055 ], [ 73.14226321700005, 6.841864325000074 ], [ 73.141286655000044, 6.839911200000074 ], [ 73.14031009200005, 6.838690497000073 ], [ 73.13803144600007, 6.839667059000078 ], [ 73.139008009000065, 6.844427802000041 ], [ 73.140635613000029, 6.845038153000075 ], [ 73.140635613000029, 6.844997463000084 ], [ 73.142588738000029, 6.843939520000049 ], [ 73.144379102000073, 6.843410549000055 ] ] } },
{ "type": "Feature", "properties": { "featurecla": "Coastline", "scalerank": 6, "min_zoom": 6.0 }, "geometry": { "type": "LineString", "coordinates": [ [ 72.976084832000083, 6.852850653000075 ], [ 72.975596550000034, 6.850287177000041 ], [ 72.97624759200005, 6.848130601000094 ], [ 72.97624759200005, 6.848049221000053 ], [ 72.976328972000033, 6.846665757000039 ], [ 72.974213087000066, 6.845851955000057 ], [ 72.974131707000083, 6.845851955000057 ], [ 72.971527540000068, 6.849758205000057 ], [ 72.97234134200005, 6.851385809000078 ], [ 72.974375847000033, 6.851996161000045 ], [ 72.976084832000083, 6.852850653000075 ] ] } },
{ "type": "Feature", "properties": { "featurecla": "Coastline", "scalerank": 6, "min_zoom": 6.0 }, "geometry": { "type": "LineString", "coordinates": [ [ 73.098155144000032, 6.85219961100006 ], [ 73.098073764000048, 6.852118231000077 ], [ 73.096039259000065, 6.850572007000039 ], [ 73.09506269600007, 6.848700262000079 ], [ 73.094004754000082, 6.847560940000051 ], [ 73.092784050000034, 6.84796784100007 ], [ 73.091807488000029, 6.848334052000041 ], [ 73.092946811000047, 6.853094794000071 ], [ 73.094493035000085, 6.85382721600007 ], [ 73.096364780000044, 6.852769273000092 ], [ 73.096446160000085, 6.852728583000044 ], [ 73.098155144000032, 6.85219961100006 ] ] } },
{ "type": "Feature", "properties": { "featurecla": "Coastline", "scalerank": 6, "min_zoom": 6.0 }, "geometry": { "type": "LineString", "coordinates": [ [ 72.964691602000073, 6.860663153000075 ], [ 72.962657097000033, 6.859198309000078 ], [ 72.961436394000032, 6.857326565000051 ], [ 72.96062259200005, 6.856065171000068 ], [ 72.96062259200005, 6.856024481000077 ], [ 72.958750847000033, 6.856838283000059 ], [ 72.958506707000083, 6.85696035400008 ], [ 72.95834394600007, 6.857001044000071 ], [ 72.959239129000082, 6.86163971600007 ], [ 72.961110873000052, 6.862453518000052 ], [ 72.962901238000029, 6.861314195000091 ], [ 72.964691602000073, 6.860663153000075 ] ] } },
{ "type": "Feature", "properties": { "featurecla": "Coastline", "scalerank": 6, "min_zoom": 6.0 }, "geometry": { "type": "LineString", "coordinates": [ [ 73.106211785000085, 6.896714585000041 ], [ 73.106211785000085, 6.896673895000049 ], [ 73.105723504000082, 6.894029039000088 ], [ 73.106293165000068, 6.891913153000075 ], [ 73.106537306000064, 6.890529690000051 ], [ 73.106618686000047, 6.890448309000078 ], [ 73.104340040000068, 6.889553127000056 ], [ 73.101735873000052, 6.893540757000039 ], [ 73.102305535000085, 6.895209052000041 ], [ 73.104502800000034, 6.895738023000092 ], [ 73.106211785000085, 6.896714585000041 ] ] } },
{ "type": "Feature", "properties": { "featurecla": "Coastline", "scalerank": 6, "min_zoom": 6.0 }, "geometry": { "type": "LineString", "coordinates": [ [ 73.214040561000047, 6.91860586100006 ], [ 73.214040561000047, 6.918524481000077 ], [ 73.213063998000052, 6.90460846600007 ], [ 73.208750847000033, 6.891099351000094 ], [ 73.203949415000068, 6.884955145000049 ], [ 73.201019727000073, 6.893133856000077 ], [ 73.201914910000085, 6.902248440000051 ], [ 73.204925977000073, 6.911769924000055 ], [ 73.209157748000052, 6.91828034100007 ], [ 73.214040561000047, 6.91860586100006 ] ] } },
{ "type": "Feature", "properties": { "featurecla": "Coastline", "scalerank": 6, "min_zoom": 6.0 }, "geometry": { "type": "LineString", "coordinates": [ [ 72.925954623000052, 6.957424221000053 ], [ 72.925954623000052, 6.957017320000091 ], [ 72.926280144000032, 6.953802802000041 ], [ 72.924585008000065, 6.951704061000044 ], [ 72.925954623000052, 6.957424221000053 ] ] } },
{ "type": "Feature", "properties": { "featurecla": "Coastline", "scalerank": 6, "min_zoom": 6.0 }, "geometry": { "type": "LineString", "coordinates": [ [ 73.19849694100003, 6.97134023600006 ], [ 73.19467207100007, 6.951239325000074 ], [ 73.193858269000032, 6.950995184000078 ], [ 73.193369988000029, 6.950995184000078 ], [ 73.193207227000073, 6.950995184000078 ], [ 73.19304446700005, 6.951076565000051 ], [ 73.192556186000047, 6.951239325000074 ], [ 73.191905144000032, 6.951646226000094 ], [ 73.191172722000033, 6.961330471000053 ], [ 73.191905144000032, 6.967596747000073 ], [ 73.194102410000085, 6.970892645000049 ], [ 73.19849694100003, 6.97134023600006 ] ] } },
{ "type": "Feature", "properties": { "featurecla": "Coastline", "scalerank": 6, "min_zoom": 6.0 }, "geometry": { "type": "LineString", "coordinates": [ [ 72.89193769600007, 6.991034247000073 ], [ 72.89193769600007, 6.987697658000059 ], [ 72.890554233000046, 6.98545970300006 ], [ 72.890472852000073, 6.985419012000079 ], [ 72.89193769600007, 6.991034247000073 ] ] } },
{ "type": "Feature", "properties": { "featurecla": "Coastline", "scalerank": 6, "min_zoom": 6.0 }, "geometry": { "type": "LineString", "coordinates": [ [ 72.97974694100003, 7.027736721000053 ], [ 72.97974694100003, 7.027533270000049 ], [ 72.981455925000034, 7.01398346600007 ], [ 72.977305535000085, 7.019029039000088 ], [ 72.977224155000044, 7.022609768000052 ], [ 72.977224155000044, 7.022650458000044 ], [ 72.977224155000044, 7.022691148000092 ], [ 72.97974694100003, 7.027736721000053 ] ] } },
{ "type": "Feature", "properties": { "featurecla": "Coastline", "scalerank": 6, "min_zoom": 6.0 }, "geometry": { "type": "LineString", "coordinates": [ [ 72.949961785000085, 7.056545315000051 ], [ 72.947764519000032, 7.053900458000044 ], [ 72.94849694100003, 7.050848700000074 ], [ 72.949961785000085, 7.056423244000086 ], [ 72.949961785000085, 7.056545315000051 ] ] } },
{ "type": "Feature", "properties": { "featurecla": "Coastline", "scalerank": 6, "min_zoom": 6.0 }, "geometry": { "type": "LineString", "coordinates": [ [ 72.912852410000085, 7.092718817000048 ], [ 72.912852410000085, 7.092596747000073 ], [ 72.911875847000033, 7.083197333000044 ], [ 72.906423373000052, 7.089016018000052 ], [ 72.906586134000065, 7.091009833000044 ], [ 72.909678582000083, 7.091620184000078 ], [ 72.912852410000085, 7.092718817000048 ] ] } },
{ "type": "Feature", "properties": { "featurecla": "Coastline", "scalerank": 6, "min_zoom": 6.0 }, "geometry": { "type": "LineString", "coordinates": [ [ 72.883799675000034, 7.107245184000078 ], [ 72.884532097000033, 7.105698960000041 ], [ 72.884532097000033, 7.105658270000049 ], [ 72.884532097000033, 7.103705145000049 ], [ 72.88249759200005, 7.101629950000074 ], [ 72.883799675000034, 7.107245184000078 ] ] } }
]
}
