{"type": "FeatureCollection", "features": [{"type": "Feature", "properties": {"mrgid": 8480, "geoname": "Indian Exclusive Economic Zone", "mrgid_ter1": 2128, "pol_type": "200NM", "mrgid_sov1": 2128, "territory1": "India", "iso_ter1": "IND", "sovereign1": "India", "mrgid_ter2": null, "mrgid_sov2": null, "territory2": null, "iso_ter2": null, "sovereign2": null, "mrgid_ter3": null, "mrgid_sov3": null, "territory3": null, "iso_ter3": null, "sovereign3": null, "x_1": 76.08526, "y_1": 14.59807, "mrgid_eez": 8480, "area_km2": 1659500, "iso_sov1": "IND", "iso_sov2": null, "iso_sov3": null, "un_sov1": 356, "un_sov2": null, "un_sov3": null, "un_ter1": 356, "un_ter2": null, "un_ter3": null}, "geometry": {"type": "MultiPolygon", "coordinates": [[[[68.39616454, 23.96562374], [68.39479244, 23.9651885], [68.34241104, 23.92442966], [68.25839245, 23.87879658], [68.31277323, 23.87859726], [68.26094306, 23.83911455], [68.25447166, 23.84539235], [68.21067464, 23.80611992], [68.22562635, 23.76170576], [68.20065784, 23.72063446], [68.25593317, 23.67944002], [68.26608253, 23.74623334], [68.3039515, 23.82434881], [68.35067856, 23.90817475], [68.4343722, 23.96831014], [68.4558382, 23.92839062], [68.45313847, 23.88005233], [68.46467853, 23.86025345], [68.50846386, 23.93894255], [68.52215946, 23.94536877], [68.54833838, 23.96760259], [68.54819822, 23.93322146], [68.59627175, 23.94127762], [68.62121582, 23.90625], [68.60484374, 23.89896607], [68.53452218, 23.80733895], [68.52927518, 23.75526071], [68.61340201, 23.83786202], [68.68381727, 23.86160707], [68.72521365, 23.84723771], [68.67777658, 23.81412876], [68.60133874, 23.74037385], [68.52849162, 23.68840015], [68.52087045, 23.65158856], [68.49289668, 23.63719237], [68.49398613, 23.54920328], [68.49190593, 23.50073886], [68.51691961, 23.4892174], [68.51151955, 23.46366978], [68.52095091, 23.44776297], [68.51223123, 23.47039056], [68.53502631, 23.43482375], [68.54819346, 23.4199841], [68.56284046, 23.39121425], [68.58018935, 23.37890625], [68.59017432, 23.37557364], [68.59611523, 23.38185477], [68.62170768, 23.35766888], [68.62484813, 23.33939552], [68.6565057, 23.30287266], [68.66441393, 23.30274165], [68.71364367, 23.30531895], [68.73310161, 23.30653751], [68.64946878, 23.29602337], [68.64799523, 23.25748193], [68.61482084, 23.24225652], [68.62254083, 23.23130584], [68.64637125, 23.23393214], [68.60353196, 23.21981216], [68.59183395, 23.21413183], [68.67935777, 23.14155245], [68.64517844, 23.16365004], [68.81451404, 23.0592643], [68.90625, 23.00558031], [69.15108144, 22.86508954], [69.2578125, 22.82784593], [69.38509774, 22.81425381], [69.48520875, 22.7878772], [69.57927966, 22.76497495], [69.64127767, 22.76649666], [69.66448236, 22.77545381], [69.70574713, 22.73021746], [69.734694, 22.78105652], [69.85437107, 22.86796784], [69.95110631, 22.89287984], [70.01807821, 22.90140045], [70.11945856, 22.91685271], [70.11308408, 22.95237625], [70.15369058, 23.02734375], [70.14217007, 22.95203841], [70.21606874, 22.95486808], [70.19789112, 22.99835086], [70.22358358, 23.03644085], [70.23711145, 23.1146934], [70.26558697, 23.11399806], [70.28505206, 23.10711324], [70.37059343, 23.15696871], [70.46735764, 23.15953755], [70.63137806, 23.17160344], [70.50650716, 23.11025643], [70.49499476, 23.01279604], [70.54790628, 23.03272152], [70.45333087, 22.97105932], [70.46414804, 22.94945347], [70.46699953, 22.86909175], [70.46716332, 22.87729275], [70.43007457, 22.92497754], [70.41785884, 22.92055392], [70.33762193, 22.83881557], [70.3125, 22.79575884], [70.30548143, 22.76653981], [70.28569436, 22.74253321], [70.25552845, 22.72882247], [70.24889958, 22.71204233], [70.24901104, 22.68432045], [70.24047816, 22.66559315], [70.21948516, 22.63896394], [70.21176565, 22.62338614], [70.198807, 22.60647106], [70.18821347, 22.58502614], [70.12435174, 22.54729736], [70.03043711, 22.55147946], [69.97526765, 22.54180968], [69.94597912, 22.51970017], [69.94813347, 22.50702703], [69.90759838, 22.46227086], [69.84132552, 22.48784041], [69.83213568, 22.45096362], [69.81741905, 22.4229362], [69.75609577, 22.42650735], [69.725335, 22.46521652], [69.67151821, 22.44693518], [69.67131734, 22.39539313], [69.62485886, 22.36401665], [69.61230111, 22.34070444], [69.58047736, 22.343454], [69.59248102, 22.356745], [69.55741405, 22.37509584], [69.50427151, 22.42628276], [69.49270976, 22.35852802], [69.44931614, 22.33188343], [69.37548685, 22.31937265], [69.33101702, 22.32421875], [69.32125533, 22.29221606], [69.2578125, 22.26897323], [69.16623151, 22.32421875], [69.18042696, 22.36669302], [69.19396174, 22.40832257], [69.13705695, 22.40373886], [69.04381704, 22.43296444], [69.01855814, 22.44679701], [68.94283891, 22.33279371], [69.03898895, 22.1484375], [69.23049927, 21.94433713], [69.44512916, 21.75804675], [69.59001434, 21.62029874], [69.61029112, 21.62854874], [69.70687497, 21.58831286], [69.66461623, 21.62109375], [69.68022776, 21.62109375], [69.71575511, 21.59907877], [69.69560707, 21.64131844], [69.72701955, 21.64165711], [69.75154841, 21.61846662], [69.74980414, 21.57321823], [69.71496916, 21.52630734], [69.79945815, 21.45214283], [70.01602185, 21.19111621], [70.11549342, 21.09375], [70.14685345, 21.06683111], [70.22530973, 21.00126088], [70.31757784, 20.93205905], [70.37089407, 20.89968753], [70.43248975, 20.85763025], [70.51623511, 20.81749535], [70.60518944, 20.77667606], [70.66600692, 20.75257766], [70.73578513, 20.72387552], [70.81586754, 20.71497357], [70.83431828, 20.69917846], [70.86425138, 20.72957623], [70.86704695, 20.73572993], [70.91414547, 20.73836172], [70.87519145, 20.70905411], [70.93956184, 20.70732284], [70.97970247, 20.72058845], [70.9702903, 20.73841131], [70.98559523, 20.72431314], [71.07770216, 20.73654008], [71.13313365, 20.75644553], [71.20493162, 20.79405034], [71.33481073, 20.84792328], [71.37814546, 20.87385428], [71.43027008, 20.86715496], [71.4932785, 20.91768956], [71.51729107, 20.94888616], [71.57355773, 20.9747889], [71.57896292, 20.95706308], [71.63631237, 20.97778118], [71.72825158, 21.01907504], [71.77143514, 21.02724624], [71.79544044, 21.03856385], [71.82807982, 21.06922936], [71.87574005, 21.08866513], [71.95632386, 21.12289953], [71.97895515, 21.13531125], [72.00681317, 21.1808145], [72.00693584, 21.16195655], [72.01126945, 21.13887596], [72.05922866, 21.17346346], [72.11528075, 21.20214784], [72.09493124, 21.22505045], [72.09446955, 21.27432287], [72.08386338, 21.30260575], [72.10943544, 21.30158603], [72.22331882, 21.43880713], [72.3056519, 21.63433886], [72.24140847, 21.78729451], [72.19800091, 21.82694352], [72.25969326, 21.74960697], [72.24933696, 21.9030652], [72.14733815, 21.95523286], [72.20867765, 21.95403266], [72.19748187, 22.01638484], [72.22584724, 22.01928174], [72.27429473, 22.10023606], [72.29434347, 22.06308401], [72.26027226, 21.97415483], [72.28191221, 21.97265625], [72.32023168, 22.12843037], [72.2977308, 22.20099354], [72.34226131, 22.12462497], [72.35330915, 22.16501605], [72.37667775, 22.14987016], [72.3917433, 22.17980373], [72.35654175, 22.27093065], [72.39719164, 22.20600724], [72.41093636, 22.29902434], [72.39903736, 22.35566556], [72.40586305, 22.33417833], [72.44972682, 22.27563536], [72.47882748, 22.22827923], [72.50494182, 22.22702193], [72.53758347, 22.25838184], [72.54892194, 22.24926674], [72.65810764, 22.27611256], [72.80656397, 22.26107776], [72.90953422, 22.25941896], [72.95144618, 22.28095543], [73.05518997, 22.33463395], [73.06883955, 22.38449275], [73.02713275, 22.28522921], [72.90903234, 22.29054916], [72.82686067, 22.24044037], [72.73379374, 22.17752111], [72.56895053, 22.18738937], [72.51473737, 21.88745344], [72.51746845, 21.86255884], [72.55614293, 21.85504675], [72.60633826, 21.89687216], [72.56741858, 21.81737995], [72.51918674, 21.70893717], [72.50915837, 21.69245183], [72.56528604, 21.66392446], [72.71094227, 21.67832208], [72.91513872, 21.67906833], [73.07590044, 21.74088871], [73.13557482, 21.76125896], [73.17862725, 21.83792853], [73.25813675, 21.93663621], [73.43369305, 21.92245781], [73.53668702, 21.98105538], [73.66453242, 21.88685822], [73.60459554, 21.89637542], [73.47418284, 21.97337091], [73.42009985, 21.90963876], [73.34666705, 21.87706697], [73.25440133, 21.93028295], [73.23155475, 21.82930064], [73.15952277, 21.76332748], [72.92034507, 21.67275846], [72.78079295, 21.64508915], [72.70704675, 21.65057182], [72.64449966, 21.61723995], [72.59757495, 21.55203712], [72.61381483, 21.52619946], [72.66321957, 21.52903283], [72.73324633, 21.55207837], [72.68598032, 21.52816606], [72.65180981, 21.45876944], [72.6852355, 21.4563663], [72.64868367, 21.40429235], [72.64721644, 21.37555802], [72.62255633, 21.34597611], [72.58737195, 21.27571106], [72.60960865, 21.23016143], [72.61880016, 21.22269082], [72.62169945, 21.14819276], [72.62479818, 21.09199524], [72.65888417, 21.10116148], [72.76375866, 21.16329265], [72.79333425, 21.24176753], [72.85750568, 21.22329772], [72.88957882, 21.23105633], [72.82345796, 21.25162137], [72.81735384, 21.19918156], [72.71714127, 21.14076877], [72.74750543, 21.06326592], [72.78996861, 21.06192255], [72.72467256, 21.04343152], [72.77143955, 20.93403375], [72.8176738, 20.95064843], [72.81639421, 20.94096374], [72.82629764, 20.81334567], [72.85654891, 20.76595438], [72.92339611, 20.75364184], [72.86880147, 20.73540854], [72.88862812, 20.63450897], [72.87956107, 20.4955641], [72.86459315, 20.39494014], [72.87948346, 20.37082624], [72.82185066, 20.37297034], [72.77443206, 20.3037225], [72.74822831, 20.20381963], [72.73804736, 20.12248647], [72.73046732, 19.96242535], [72.71122205, 19.9690243], [72.68065417, 19.89598107], [72.65433586, 19.84246731], [72.68757224, 19.80237412], [72.71947324, 19.75483715], [72.70715833, 19.67375624], [72.71883643, 19.59532595], [72.71727133, 19.54397643], [72.75586867, 19.50737154], [72.77880096, 19.50822842], [72.88043904, 19.52753973], [72.8551445, 19.637887], [72.88064468, 19.52014792], [72.7734375, 19.48493302], [72.75743937, 19.37930322], [72.82843375, 19.3359375], [72.93220985, 19.28908586], [73.00419986, 19.23348105], [73.07262206, 19.23940921], [73.13356185, 19.28160036], [73.10376024, 19.26548541], [73.06801271, 19.22949374], [72.97300875, 19.29093575], [72.82197165, 19.30613375], [72.77959025, 19.23462248], [72.79339612, 19.19555235], [72.83426654, 19.26016486], [72.80411863, 19.20814955], [72.78149486, 19.15782845], [72.80258656, 19.14537275], [72.83049011, 19.17253375], [72.82098925, 19.07696843], [72.82008696, 19.01840663], [72.79384851, 18.95335496], [72.82379794, 18.93979812], [72.81771111, 18.90138924], [72.83874226, 18.92539215], [72.84552085, 18.94916022], [72.85039854, 18.97251976], [72.86476421, 19.00424397], [72.95533502, 19.0276252], [72.92854094, 19.07555115], [72.97893012, 19.15156126], [72.97835076, 19.10705495], [72.98296034, 19.06252766], [73.04197633, 19.01246941], [73.07647932, 19.00322855], [73.01613057, 18.98029387], [72.96022058, 18.97309566], [72.99700213, 18.95115435], [72.94579375, 18.93684852], [72.91938055, 18.90970743], [72.93301094, 18.84933031], [72.98925185, 18.86712253], [73.00186276, 18.80903995], [72.97824097, 18.79766393], [73.04038167, 18.65955305], [73.03876865, 18.65721858], [72.99147308, 18.78231597], [72.92260241, 18.7977705], [72.86955583, 18.80425835], [72.86327314, 18.66322863], [72.89077616, 18.6369822], [72.92475963, 18.54507303], [73.02232337, 18.4605571], [73.07527327, 18.47347915], [73.01077211, 18.45514715], [72.90718007, 18.54108095], [72.89554763, 18.47217727], [72.90851355, 18.39967084], [72.91755438, 18.34852612], [72.95638168, 18.31797743], [72.99672794, 18.27648938], [73.03253925, 18.26612031], [73.06174612, 18.30288565], [73.08251357, 18.29565942], [73.06714976, 18.27135193], [73.07631648, 18.20740724], [73.08929467, 18.16423166], [73.0554502, 18.18840516], [73.01278746, 18.24193084], [72.95559478, 18.27769053], [72.94271767, 18.24696815], [72.97326267, 18.20304346], [72.97262085, 18.12458515], [72.99073887, 18.06070554], [73.03597021, 18.04948544], [73.01079392, 18.02460766], [73.03753054, 17.98409843], [73.125, 18.00306904], [73.19476736, 18.06212783], [73.29941285, 18.07721543], [73.33335495, 18.10546875], [73.39460182, 18.08058214], [73.3078804, 18.05838335], [73.20807457, 18.06128073], [73.12474287, 17.99528766], [73.03714883, 17.97325993], [73.07188976, 17.92903256], [73.06593788, 17.93241406], [73.06151521, 17.89184904], [73.09287405, 17.84363556], [73.09369373, 17.84171975], [73.09076858, 17.81154656], [73.12513971, 17.74451566], [73.12523413, 17.7010324], [73.12959695, 17.65845776], [73.16190684, 17.59117627], [73.22834742, 17.58395958], [73.30076766, 17.60021901], [73.38105667, 17.57824874], [73.42549098, 17.60524297], [73.46620595, 17.57398272], [73.37701035, 17.56804502], [73.29969251, 17.59476495], [73.23270202, 17.56764746], [73.16237831, 17.57529485], [73.14134872, 17.54897141], [73.18302095, 17.49562705], [73.18718433, 17.41438794], [73.18481731, 17.38467312], [73.21697676, 17.36899745], [73.22663581, 17.32298684], [73.26014924, 17.29637897], [73.34058273, 17.25695395], [73.38799214, 17.21815217], [73.44261825, 17.20356655], [73.46295142, 17.19412386], [73.36230445, 17.23595715], [73.29453194, 17.26290035], [73.24856603, 17.274948], [73.21677661, 17.30241132], [73.20198607, 17.28807855], [73.22644866, 17.25582135], [73.24704123, 17.21037722], [73.24948132, 17.19173717], [73.26620984, 17.11230052], [73.28620565, 17.05078125], [73.31828177, 17.03641415], [73.28820646, 17.03971672], [73.27882898, 17.02331185], [73.25567126, 17.04317844], [73.27322471, 16.99986112], [73.30998063, 16.9720633], [73.34441864, 16.9739778], [73.28190792, 16.94906461], [73.2863456, 16.89259601], [73.29133153, 16.88367915], [73.28902757, 16.84308362], [73.34143353, 16.80261338], [73.34133887, 16.79528975], [73.30582094, 16.74620116], [73.32959294, 16.6854074], [73.34216571, 16.628515], [73.36264813, 16.63224733], [73.39378786, 16.59678996], [73.38194728, 16.61506498], [73.35041904, 16.61139512], [73.33322465, 16.60748482], [73.34068692, 16.58013284], [73.35637867, 16.55543566], [73.35856175, 16.55282438], [73.37200975, 16.53915775], [73.39095783, 16.51405478], [73.50953591, 16.51725686], [73.51963472, 16.5234375], [73.45132554, 16.49409342], [73.35756385, 16.49177086], [73.36929715, 16.48780715], [73.33793068, 16.55620241], [73.31244516, 16.53912056], [73.35296488, 16.44451463], [73.36709726, 16.40923667], [73.40652525, 16.40997934], [73.41334057, 16.40868056], [73.37035537, 16.38791466], [73.38530362, 16.3593564], [73.39019835, 16.34765625], [73.41120684, 16.28495967], [73.42423284, 16.22699261], [73.44883585, 16.20781243], [73.45268774, 16.13552594], [73.4765625, 16.16183031], [73.52123582, 16.18149793], [73.46559298, 16.14157104], [73.45795417, 16.07989621], [73.4765625, 16.04380584], [73.49272156, 15.98965621], [73.59685636, 16.01782608], [73.57256401, 16.0110625], [73.49782205, 15.9883908], [73.53704774, 15.93735862], [73.60626364, 15.87467563], [73.64494145, 15.80532324], [73.66227353, 15.76637685], [73.67526054, 15.72704732], [73.71090114, 15.72784138], [73.73264611, 15.72384954], [73.70153594, 15.69071686], [73.75948882, 15.63481092], [73.81374896, 15.65594172], [73.84215355, 15.64904797], [73.75973666, 15.63103843], [73.74080861, 15.56392574], [73.78916562, 15.49959505], [73.84434605, 15.51280665], [73.9282099, 15.53772295], [74.02861512, 15.48071313], [73.9495753, 15.54906142], [73.88995254, 15.5], [73.804744, 15.46553123], [73.828125, 15.45284593], [73.89316785, 15.41947937], [73.95461822, 15.41277003], [73.9899435, 15.35929191], [74.02743745, 15.30314934], [74.02631032, 15.30058193], [73.99565613, 15.33080971], [73.99056947, 15.34646332], [73.94916403, 15.40053284], [73.90663326, 15.40470922], [73.84610558, 15.39974535], [73.80749392, 15.40706134], [73.81551635, 15.37378836], [73.88296723, 15.35706866], [73.95265794, 15.15771782], [73.96193051, 15.17467308], [73.93512773, 15.13186526], [73.91730642, 15.0830754], [73.98311067, 15.04997015], [74.01397312, 15.00653446], [74.04350686, 14.98558748], [74.04312861, 14.94199085], [74.07702041, 14.90969014], [74.11930275, 14.84377885], [74.1796875, 14.87053573], [74.25106764, 14.90007472], [74.27572644, 14.8930608], [74.22630095, 14.86127746], [74.14889598, 14.83902347], [74.11309338, 14.80747986], [74.11891782, 14.77755773], [74.15126157, 14.75212276], [74.1684941, 14.76376402], [74.20879817, 14.71968365], [74.26389372, 14.71691394], [74.27643621, 14.65973377], [74.2733916, 14.62683511], [74.36292768, 14.59935975], [74.3969593, 14.61038494], [74.29601717, 14.59624088], [74.31894505, 14.51939917], [74.34721124, 14.54445565], [74.36015236, 14.54982483], [74.38106835, 14.54930151], [74.37335825, 14.53656995], [74.45010316, 14.45015144], [74.40632105, 14.47552228], [74.36753655, 14.52370727], [74.38199007, 14.42117786], [74.41370893, 14.31537282], [74.45954394, 14.27715135], [74.52114105, 14.24281967], [74.60617375, 14.23661423], [74.50689495, 14.24602556], [74.42353368, 14.29025912], [74.45806873, 14.19840026], [74.4822216, 14.0950582], [74.50438094, 14.04150355], [74.52021694, 13.98203838], [74.56973934, 13.94676256], [74.62257576, 13.85086143], [74.62628221, 13.79589987], [74.67524922, 13.64744353], [74.6620506, 13.71474648], [74.68803406, 13.6712352], [74.72066772, 13.63636911], [74.70545268, 13.62611282], [74.67981625, 13.60850406], [74.69823825, 13.44952703], [74.70889151, 13.43730962], [74.74606705, 13.45510745], [74.73674822, 13.40957606], [74.71249056, 13.41443014], [74.6972512, 13.37373042], [74.72243404, 13.2941004], [74.7068367, 13.33693445], [74.77915573, 13.08577251], [74.78444815, 13.06040323], [74.81342316, 12.93073785], [74.82626331, 12.84740686], [74.81529105, 12.91106045], [74.87007546, 12.93769956], [74.82897866, 12.87335086], [74.92610812, 12.86036622], [74.98419392, 12.86464667], [74.90731525, 12.85466146], [74.84254956, 12.83238292], [74.8828125, 12.71261156], [74.90347707, 12.66956937], [74.95666182, 12.55026925], [75.00539982, 12.43751323], [75.07828355, 12.3046875], [75.16354084, 12.25354445], [75.13254142, 12.19704735], [75.17353198, 12.10117543], [75.19207501, 12.13230836], [75.18820393, 12.09422255], [75.20766175, 12.07423246], [75.18016231, 12.06856596], [75.22348106, 12.01857126], [75.29163444, 11.96362853], [75.29384196, 12.02563035], [75.33212662, 12.03839767], [75.30974841, 12.01071727], [75.28572464, 12.01608181], [75.30634153, 11.953125], [75.31758964, 11.94845963], [75.43432832, 12.01651084], [75.40548205, 11.99966657], [75.38946867, 11.91523075], [75.30170238, 11.94141984], [75.37515986, 11.85767817], [75.44786668, 11.78603792], [75.45548701, 11.7766304], [75.4847939, 11.79211545], [75.49404073, 11.79311907], [75.4724586, 11.77101505], [75.50208747, 11.7627058], [75.47843182, 11.76399672], [75.52973735, 11.7043401], [75.53755975, 11.70872784], [75.57654345, 11.6015625], [75.60839534, 11.5643388], [75.62111294, 11.55611205], [75.59229565, 11.56356823], [75.64558876, 11.46774375], [75.73397458, 11.35649848], [75.74085236, 11.39038336], [75.72482765, 11.42857742], [75.75306225, 11.42891645], [75.74752295, 11.39437842], [75.74379671, 11.35157037], [75.76350224, 11.27614927], [75.82548738, 11.18055415], [75.89597905, 11.23065364], [75.92101324, 11.23792303], [75.83782744, 11.19857335], [75.82263255, 11.15604258], [75.83451927, 11.13464713], [75.8289932, 11.1222738], [75.86755526, 11.00904405], [75.91186666, 10.79337823], [75.90566456, 10.83752406], [75.96054721, 10.81429875], [75.91936445, 10.78523266], [75.94287384, 10.76203752], [75.96963131, 10.65917695], [76.03217363, 10.53708875], [76.04668427, 10.56636333], [76.05981064, 10.53924108], [76.10715461, 10.50454736], [76.09314418, 10.47551215], [76.05261731, 10.53219736], [76.11830091, 10.32774198], [76.17491055, 10.18883085], [76.20038366, 10.23878336], [76.19232738, 10.26992035], [76.21629691, 10.21455884], [76.22848451, 10.24492943], [76.240453, 10.24046743], [76.24719715, 10.24496722], [76.2437247, 10.23306096], [76.23369658, 10.20269692], [76.28914452, 10.14125752], [76.3624438, 10.11361337], [76.44762015, 10.14474106], [76.50271916, 10.18071234], [76.45772076, 10.13408518], [76.35010612, 10.11386621], [76.30068994, 10.07777047], [76.26994753, 10.04266036], [76.26714754, 10.03067791], [76.30143452, 9.92694187], [76.31790376, 9.90270305], [76.33962011, 9.88451386], [76.33287191, 9.91605985], [76.37532175, 9.84981096], [76.38406026, 9.82694912], [76.37437165, 9.77782905], [76.41315007, 9.69722188], [76.42095971, 9.64507008], [76.41841447, 9.55926454], [76.50218678, 9.5305258], [76.38333964, 9.52617228], [76.36621285, 9.59242952], [76.39201486, 9.67129254], [76.37219226, 9.73813176], [76.35466325, 9.82310426], [76.32277691, 9.82799065], [76.34810007, 9.71183145], [76.32581747, 9.80509925], [76.2945379, 9.88442135], [76.29404211, 9.83802807], [76.28639996, 9.9007076], [76.2583853, 9.91170025], [76.28231513, 9.90258884], [76.28239655, 9.92361355], [76.26037204, 9.8814944], [76.29453886, 9.65145326], [76.34002447, 9.41026735], [76.46790075, 9.14136446], [76.43186295, 9.23049462], [76.47890234, 9.15425003], [76.47373521, 9.12769043], [76.51890552, 9.01075375], [76.54671097, 8.93614018], [76.56732297, 8.98119056], [76.54694331, 8.96009111], [76.57737374, 8.97311771], [76.60764754, 8.97848225], [76.60317981, 8.95569587], [76.59416485, 8.9496392], [76.60085535, 8.93743372], [76.57736695, 8.90706611], [76.61418271, 8.90921295], [76.58074844, 8.90227127], [76.55862975, 8.93340123], [76.54701614, 8.90181506], [76.60708225, 8.86216855], [76.70656836, 8.72967267], [76.94359136, 8.44188094], [76.98866022, 8.37674117], [77.07718742, 8.30839014], [77.22983205, 8.18816507], [77.31922162, 8.12292612], [77.50021923, 8.0859375], [77.56528962, 8.0993309], [77.6517632, 8.15893936], [77.75518096, 8.18564355], [77.81364954, 8.24613273], [77.95356536, 8.31387866], [78.06705368, 8.37063766], [78.08601534, 8.44701254], [78.12844706, 8.61294377], [78.11711955, 8.60133553], [78.10891867, 8.58941877], [78.11461973, 8.57981658], [78.09668934, 8.60018992], [78.11024106, 8.63957596], [78.11975133, 8.66053224], [78.13553858, 8.68841815], [78.21760416, 8.74899805], [78.19468152, 8.78746271], [78.18791783, 8.76949346], [78.16248155, 8.77507675], [78.16193545, 8.80704582], [78.19608283, 8.94051015], [78.26847065, 9.01269615], [78.36361671, 9.08744681], [78.48692524, 9.13643932], [78.56231654, 9.13623345], [78.64937246, 9.18551111], [78.74985874, 9.21512282], [78.83268213, 9.26888835], [78.97885394, 9.2735126], [79.14375114, 9.27465642], [79.06559086, 9.29941571], [78.98749042, 9.32731736], [78.91001666, 9.45075154], [78.92244625, 9.52764738], [78.96134806, 9.64208102], [79.03698134, 9.7617439], [79.11961234, 9.85197854], [79.15350032, 9.92008173], [79.24273944, 10.02499127], [79.22953677, 10.10393035], [79.26012397, 10.19316995], [79.31476808, 10.27357686], [79.36949325, 10.29484463], [79.50785065, 10.31504035], [79.46072125, 10.33710551], [79.48870397, 10.32862091], [79.51058495, 10.32984078], [79.54014873, 10.32260656], [79.54256713, 10.34587407], [79.52785456, 10.31667805], [79.73914695, 10.27924025], [79.66271555, 10.29786754], [79.58753037, 10.30464292], [79.61676335, 10.32490766], [79.62759066, 10.35020936], [79.71166992, 10.3236829], [79.75764835, 10.30846536], [79.76071215, 10.28669083], [79.74153996, 10.27830946], [79.87655306, 10.34360945], [79.85181904, 10.76501036], [79.85066557, 10.88583505], [79.85612857, 11.03724885], [79.84564471, 11.23228884], [79.82124567, 11.23533523], [79.84589732, 11.25], [79.81625712, 11.35892105], [79.76365447, 11.37680018], [79.74182975, 11.35747194], [79.79825616, 11.36969161], [79.81374693, 11.37550604], [79.78450632, 11.48312807], [79.72706616, 11.44702888], [79.74843764, 11.47910082], [79.75960672, 11.60824847], [79.76537228, 11.68722451], [79.777318, 11.7064718], [79.80605185, 11.83055866], [79.80964005, 11.87424922], [79.80134845, 11.88334465], [79.82656777, 11.91300321], [79.87928176, 12.05118442], [79.99275815, 12.23386264], [79.96301401, 12.22112584], [80.01115727, 12.27258205], [80.03582835, 12.3046875], [80.03735375, 12.33780956], [80.02898431, 12.34738123], [80.06419873, 12.34999788], [80.15825081, 12.48144531], [80.16524017, 12.60314298], [80.1775341, 12.57890534], [80.2540158, 12.77936053], [80.23237205, 12.78648627], [80.24137998, 12.80666971], [80.27563226, 13.0078125], [80.2874521, 13.06637192], [80.30010366, 13.09833956], [80.30533171, 13.15213084], [80.32333624, 13.22888136], [80.30759013, 13.21134031], [80.34290171, 13.27198207], [80.33991063, 13.359375], [80.32837343, 13.39758205], [80.31880522, 13.42216361], [80.2718538, 13.42645526], [80.23711765, 13.48412836], [80.13840926, 13.51207078], [80.11713231, 13.51699185], [80.08832026, 13.54699075], [80.07133174, 13.60532916], [80.08362508, 13.65812886], [80.12113202, 13.67796028], [80.10811067, 13.65402305], [80.14713013, 13.66194677], [80.14027596, 13.72414863], [80.14785707, 13.70391083], [80.19970775, 13.63352847], [80.27052343, 13.52856994], [80.28699362, 13.46517396], [80.30103087, 13.47279465], [80.23791075, 13.72243977], [80.21096528, 13.89591157], [80.15341485, 14.0219748], [80.12351561, 14.06628263], [80.09499443, 14.03474116], [79.97279525, 13.99289942], [79.89509225, 13.92312312], [79.83786142, 13.87698174], [79.78903365, 13.83119404], [79.85064328, 13.88671875], [79.93706262, 13.96487224], [80.06068695, 14.00243688], [80.09781265, 14.05067897], [80.12736833, 14.12045026], [80.12624431, 14.15834165], [80.10967732, 14.2420758], [80.05656636, 14.21535957], [80.05551505, 14.22358251], [80.08069825, 14.23859811], [80.13307083, 14.25449371], [80.17930317, 14.50934696], [80.19350612, 14.59922504], [80.14597356, 14.56815255], [80.17262781, 14.57527792], [80.18544388, 14.59283364], [80.16435575, 14.62714267], [80.13818574, 14.70459056], [80.10372341, 14.76604104], [80.06695223, 14.81996655], [80.06474555, 14.94729781], [80.08012867, 15.1855607], [80.08313513, 15.25382638], [80.12914181, 15.37826693], [80.21137095, 15.50267792], [80.22323883, 15.53595853], [80.31213653, 15.72099698], [80.53348458, 15.84884977], [80.75270855, 15.87018955], [80.79398072, 15.81630576], [80.84713972, 15.78359318], [80.90044653, 15.93974435], [80.8852458, 16.04613805], [80.8608824, 16.12944818], [80.8271538, 16.24149871], [80.74987721, 16.32280695], [80.71425235, 16.39777708], [80.64022172, 16.46994674], [80.53369451, 16.55060267], [80.40371716, 16.56214905], [80.26901913, 16.59734106], [80.16300023, 16.63649094], [80.14022684, 16.71737576], [80.06917596, 16.7907263], [80.00042057, 16.69921875], [80.06126046, 16.7816658], [80.14692926, 16.73618865], [80.13853252, 16.65945315], [80.23847377, 16.59650195], [80.23628485, 16.61398852], [80.33686936, 16.58716381], [80.43422341, 16.59285581], [80.5078125, 16.58147323], [80.60383642, 16.51162553], [80.67782867, 16.45039856], [80.73757732, 16.34511101], [80.80867505, 16.26760745], [80.84275293, 16.18382382], [80.89098775, 16.08942521], [80.91013694, 15.98172426], [80.90505385, 15.82899904], [81.01233327, 15.77106023], [81.00430417, 15.83476925], [81.12628114, 15.97625661], [81.06288612, 16.05841136], [80.96541333, 16.04342771], [80.96762288, 16.04470384], [81.06491578, 16.06107473], [81.12644207, 15.99177325], [81.20065093, 16.14309835], [81.2109375, 16.18917406], [81.38991475, 16.34765625], [81.35361695, 16.33785081], [81.38950503, 16.35328686], [81.42594266, 16.34765625], [81.54753554, 16.37998414], [81.71721351, 16.32918096], [81.72560108, 16.44382262], [81.8476938, 16.49905157], [81.81747174, 16.67173552], [81.75638473, 16.83867002], [81.74291456, 17.00443864], [81.70438492, 17.08536112], [81.63777232, 17.22056365], [81.64068592, 17.32288361], [81.60745335, 17.40843046], [81.51524651, 17.45781875], [81.37462938, 17.49463463], [81.26142693, 17.56218314], [81.28256094, 17.6347692], [81.38789046, 17.75390625], [81.31566846, 17.68345976], [81.28077114, 17.54813981], [81.36404824, 17.50067794], [81.48782837, 17.4779253], [81.58055997, 17.42039394], [81.61717927, 17.33095563], [81.66329968, 17.17125416], [81.71804833, 17.11761415], [81.73856711, 17.06344974], [81.76688278, 17.00174844], [81.78923106, 16.90503371], [81.83462465, 16.80620813], [81.99309945, 16.72188628], [82.11863935, 16.71519363], [82.2636888, 16.71370506], [82.34126735, 16.74561584], [82.34855342, 16.80846643], [82.36385632, 16.88427854], [82.33246911, 16.98037195], [82.32580471, 16.85521936], [82.28277016, 16.86498022], [82.25014591, 16.92173624], [82.27597785, 16.97123563], [82.28635311, 17.01074243], [82.36866248, 17.11840785], [82.53168595, 17.24269497], [82.74769616, 17.36414766], [82.87768555, 17.43147516], [82.97145796, 17.4649024], [83.11074853, 17.54628742], [83.23568881, 17.62894845], [83.27907217, 17.69182146], [83.29741466, 17.69362164], [83.34449208, 17.72497761], [83.39696705, 17.79754448], [83.45513666, 17.89176166], [83.52129686, 17.94564581], [83.60550261, 18.03847468], [83.78465474, 18.14723933], [84.00402713, 18.24577558], [84.12651324, 18.32620931], [84.18945396, 18.41377211], [84.34111846, 18.55706942], [84.43900275, 18.66388965], [84.55093241, 18.79117656], [84.58652997, 18.87185812], [84.66802216, 18.96892226], [84.77520585, 19.09529972], [84.74954295, 19.08763826], [84.70461762, 19.11445403], [84.74414206, 19.14458394], [84.73366761, 19.12094116], [84.74104524, 19.1138339], [84.8051455, 19.14776635], [84.90494776, 19.26782095], [85.00382328, 19.33010745], [85.02796781, 19.40787268], [85.078125, 19.37751114], [85.30920112, 19.56208217], [85.54851246, 19.68170524], [85.81900692, 19.79234254], [86.02625394, 19.84266341], [86.0725075, 19.85679507], [86.21216655, 19.90399837], [86.23877323, 19.91601992], [86.34334123, 19.96924055], [86.30278742, 19.98405838], [86.24210036, 20.02656674], [86.15233851, 20.10979891], [86.11694574, 20.17291772], [86.02595818, 20.22909856], [86.0244956, 20.33060932], [85.9275856, 20.390625], [85.91107607, 20.39388025], [86.02851891, 20.35713494], [86.07826245, 20.24989974], [86.14566195, 20.19940674], [86.17652452, 20.06484044], [86.24291122, 20.03918326], [86.29036152, 20.06074154], [86.36782324, 19.97941983], [86.41090143, 19.9997828], [86.41887701, 20.04838765], [86.47548151, 20.1001296], [86.48335481, 20.11595154], [86.55846787, 20.20094454], [86.49224222, 20.13935745], [86.484375, 20.140625], [86.484375, 20.16964281], [86.47333395, 20.15611315], [86.49727488, 20.18992567], [86.53165317, 20.19491565], [86.57490468, 20.21813464], [86.57638288, 20.27335691], [86.66879737, 20.26999295], [86.71707535, 20.29254115], [86.64835727, 20.32781637], [86.50746024, 20.3299005], [86.58713675, 20.33769655], [86.57678461, 20.40408075], [86.49262655, 20.39531696], [86.39625514, 20.44844353], [86.33597088, 20.45291698], [86.21776712, 20.45249987], [86.13454866, 20.45812011], [86.07039917, 20.46313858], [86.11733305, 20.41230965], [86.02056265, 20.43682444], [85.92634594, 20.4755367], [85.99729514, 20.45402753], [86.0563941, 20.46394622], [86.15388131, 20.46076512], [86.32823575, 20.47024834], [86.45641565, 20.43235421], [86.54864967, 20.4159286], [86.59583747, 20.36540592], [86.68627512, 20.31407583], [86.77446485, 20.33791375], [86.78527725, 20.37723637], [86.75639534, 20.38876224], [86.70764625, 20.40363967], [86.6681813, 20.42829394], [86.64051795, 20.45171392], [86.63176215, 20.44707465], [86.66923654, 20.44361007], [86.68729591, 20.41214192], [86.73231578, 20.40937495], [86.74728966, 20.47532606], [86.71073258, 20.57299435], [86.74501133, 20.65920114], [86.66289604, 20.60397768], [86.59395206, 20.58901107], [86.52205563, 20.61304784], [86.36771345, 20.59591055], [86.26546061, 20.68014634], [86.19587445, 20.73579752], [86.14081383, 20.78390694], [86.21291661, 20.73089325], [86.26793492, 20.67545331], [86.35641086, 20.60728383], [86.44661415, 20.60465991], [86.55312395, 20.62520254], [86.60809255, 20.60478795], [86.74192464, 20.66411996], [86.63305426, 20.68882835], [86.54452622, 20.69515371], [86.45244634, 20.68171501], [86.36682296, 20.74083936], [86.30725002, 20.77284765], [86.22632587, 20.82394743], [86.13717031, 20.88151121], [85.98734593, 20.88621175], [85.80813086, 20.86596167], [85.73502326, 20.86562252], [85.63248563, 20.80723524], [85.57969737, 20.74051344], [85.49578297, 20.75976086], [85.34070981, 20.81521761], [85.28066552, 20.88818085], [85.24098444, 20.95136762], [85.19809604, 21.03039765], [85.10504997, 21.09343612], [85.12156522, 21.18581867], [85.04410267, 21.24323094], [85.05014956, 21.22883594], [85.15646183, 21.14778566], [85.14455616, 21.0799911], [85.24341786, 21.00474525], [85.24322975, 20.90733016], [85.29701793, 20.84946322], [85.40340626, 20.80405128], [85.47301054, 20.77516472], [85.58954716, 20.74749875], [85.64370763, 20.82212281], [85.71124601, 20.84733021], [85.78263855, 20.88050365], [85.93370902, 20.84722352], [86.03755391, 20.88176775], [86.13798821, 20.88334036], [86.22004116, 20.83217084], [86.30417824, 20.79172015], [86.36788273, 20.7421875], [86.42555511, 20.68614316], [86.52374303, 20.69238496], [86.60682595, 20.69656813], [86.74077153, 20.67679822], [86.76804972, 20.64743221], [86.80346262, 20.7421875], [86.93927646, 20.79009712], [86.93032455, 20.91796875], [86.85591853, 21.06316721], [86.82463968, 21.15659606], [86.82997453, 21.20405054], [86.84436643, 21.23310566], [86.98054874, 21.41021371], [87.04863453, 21.47537601], [86.99434304, 21.48636484], [86.96644044, 21.49629974], [86.92502391, 21.53042543], [86.92673171, 21.54689026], [86.95404923, 21.48578024], [86.99206877, 21.48771966], [87.04767346, 21.47697485], [87.1013478, 21.52950776], [87.19946015, 21.54339182], [87.35985351, 21.55136836], [87.37704301, 21.55491841], [87.30967283, 21.60571671], [87.33943772, 21.64534414], [87.27923846, 21.6835649], [87.19593382, 21.72408426], [87.16010785, 21.78246987], [87.21107161, 21.81825471], [87.23936677, 21.93563974], [87.18720901, 22.04414046], [87.1875, 22.04715395], [87.23976207, 21.94291592], [87.23178792, 21.85599732], [87.18402135, 21.78858697], [87.21400607, 21.73552382], [87.31465375, 21.66444266], [87.31708813, 21.58085251], [87.41162574, 21.56247497], [87.46336293, 21.60625374], [87.63131237, 21.64709854], [87.75085735, 21.69414425], [87.82081652, 21.72257543], [87.8925364, 21.7799561], [87.87555134, 21.86988163], [87.89856482, 21.79502475], [87.98026383, 21.85783291], [88.05308414, 22.0101943], [87.94059014, 22.11174655], [87.85289598, 22.16458821], [88.03206205, 22.06365037], [88.19035113, 22.11652064], [88.05176353, 22.20326436], [87.93756771, 22.26470852], [87.94744325, 22.34637177], [87.93079448, 22.39993668], [87.88706672, 22.50777066], [87.84328938, 22.55762684], [87.84525216, 22.55734575], [87.89570963, 22.47139275], [87.95003045, 22.38301158], [88.07493877, 22.25206244], [88.12118757, 22.47596085], [88.24354661, 22.56445313], [88.35250545, 22.64274228], [88.35544491, 22.82611752], [88.40684211, 22.99658895], [88.48065543, 23.06856322], [88.47115207, 23.12464964], [88.42246163, 23.20742285], [88.34628832, 23.31206191], [88.37738156, 23.33443296], [88.36760545, 23.43070745], [88.37369776, 23.49212384], [88.37529337, 23.43963373], [88.37867725, 23.33951354], [88.32997906, 23.34227765], [88.39519191, 23.21973455], [88.45521188, 23.15546405], [88.46527994, 23.07466137], [88.40836954, 22.87737286], [88.34297705, 22.78622246], [88.36735356, 22.60819066], [88.23877156, 22.5193789], [88.14494383, 22.42671394], [88.08839715, 22.25293434], [88.20282006, 22.16701376], [88.17029226, 21.97352695], [88.20476174, 21.80855382], [88.26485443, 21.73018956], [88.25618935, 21.78296137], [88.27779746, 21.82205343], [88.25514233, 21.87120163], [88.30141854, 21.86095655], [88.35775292, 21.92148054], [88.38202345, 21.79192734], [88.38464713, 21.89494956], [88.37303603, 21.9664489], [88.40570092, 21.92511797], [88.41966391, 21.90647948], [88.46897101, 21.95730197], [88.44357407, 21.99074924], [88.45572162, 21.89969206], [88.52009332, 21.94157481], [88.55669558, 22.02881801], [88.52337694, 21.93972373], [88.54806852, 21.88130891], [88.54119766, 21.96665192], [88.54289997, 21.96800494], [88.57575285, 21.89414406], [88.59950662, 21.96218944], [88.60074484, 22.03966522], [88.60804725, 22.02232134], [88.59758091, 22.13012564], [88.57743931, 22.19839776], [88.60127211, 22.12699211], [88.65073121, 22.17281771], [88.65848756, 22.25459588], [88.68101275, 22.32919931], [88.63456285, 22.21810377], [88.71650696, 22.20048404], [88.74983454, 22.22000241], [88.80991972, 22.31329668], [88.79507446, 22.3509953], [88.8492465, 22.38430035], [88.80096614, 22.44754255], [88.73908246, 22.51300192], [88.69051814, 22.53256857], [88.67574096, 22.57084262], [88.68309033, 22.54101193], [88.75045407, 22.51701295], [88.76531935, 22.54501617], [88.80602002, 22.48585618], [88.85962582, 22.44464505], [88.84490025, 22.50058401], [88.91524947, 22.566154], [88.90906894, 22.67578125], [88.84758461, 22.70221186], [88.82038045, 22.74785912], [88.84841228, 22.74929082], [88.81115413, 22.73917365], [88.90200877, 22.67914283], [88.92812145, 22.64834431], [88.92897449, 22.64677179], [88.92982758, 22.64519929], [88.93068071, 22.64362681], [88.93153388, 22.64205435], [88.93223222, 22.63995769], [88.93237396, 22.63818667], [88.93251569, 22.63641565], [88.93264693, 22.63475501], [88.93278919, 22.63297675], [88.93296635, 22.63077682], [88.93293228, 22.62923315], [88.9328882, 22.62744382], [88.93284416, 22.6256545], [88.93280015, 22.62386518], [88.93291748, 22.62182424], [88.93351542, 22.62018277], [88.93520126, 22.61852656], [88.93694211, 22.61807124], [88.93865709, 22.61762371], [88.94048134, 22.61774783], [88.94225296, 22.61801624], [88.94402458, 22.61828464], [88.94697087, 22.61877161], [88.94871077, 22.61915746], [88.95036291, 22.61952171], [88.95225614, 22.61988016], [88.95401003, 22.62012943], [88.95569212, 22.61980973], [88.95752509, 22.61908484], [88.95923894, 22.61727043], [88.9598298, 22.61561653], [88.95961911, 22.61397774], [88.95923431, 22.61235796], [88.95875291, 22.61041043], [88.95775921, 22.6085041], [88.9565624, 22.60708723], [88.95541962, 22.60573696], [88.95425099, 22.60458676], [88.95279588, 22.60353556], [88.95134076, 22.60248436], [88.94988565, 22.60143316], [88.94848559, 22.60041996], [88.94702938, 22.59936801], [88.94557317, 22.59831606], [88.94411697, 22.5972641], [88.94266076, 22.59621215], [88.94137603, 22.59505239], [88.94012108, 22.5939127], [88.93866549, 22.5921498], [88.93844216, 22.59004396], [88.93845773, 22.5883141], [88.93853617, 22.5867416], [88.93885212, 22.58462101], [88.93921851, 22.58284192], [88.93954866, 22.58124089], [88.9399114, 22.57951726], [88.94016314, 22.57797053], [88.94020191, 22.57613852], [88.94023688, 22.57443628], [88.94027553, 22.57260449], [88.94017177, 22.57031943], [88.93895312, 22.56741652], [88.93767942, 22.56630493], [88.93371335, 22.56658896], [88.93193065, 22.56642187], [88.92997088, 22.56622504], [88.92718753, 22.56521511], [88.927482, 22.56285774], [88.92908269, 22.56076378], [88.93035433, 22.55946437], [88.93163006, 22.55816064], [88.93308667, 22.55695568], [88.93501988, 22.5572652], [88.938979, 22.55963129], [88.94064867, 22.55795273], [88.94226961, 22.55656182], [88.94421886, 22.55530106], [88.9462207, 22.55478234], [88.9479721, 22.55444006], [88.94972349, 22.55409774], [88.95147488, 22.55375538], [88.95322625, 22.55341298], [88.95497762, 22.55307053], [88.95706465, 22.5525918], [88.95844489, 22.55161517], [88.95983209, 22.5504731], [88.96135175, 22.54888913], [88.96202106, 22.54743937], [88.96271484, 22.5457887], [88.9634086, 22.54413803], [88.96410236, 22.54248736], [88.96479611, 22.54083668], [88.96548986, 22.539186], [88.9661836, 22.53753532], [88.96671505, 22.53583177], [88.96721588, 22.53411825], [88.96771675, 22.53240474], [88.96821766, 22.53069125], [88.96871131, 22.52900616], [88.96942305, 22.5268604], [88.97011564, 22.52516978], [88.9706833, 22.52363665], [88.97092378, 22.52185203], [88.97116427, 22.5200674], [88.97140169, 22.51831166], [88.97164199, 22.51652896], [88.9718823, 22.51474626], [88.97212261, 22.51296356], [88.97230776, 22.51105412], [88.97243347, 22.50928367], [88.97255926, 22.50751323], [88.97268226, 22.50580747], [88.97280931, 22.50401764], [88.97293627, 22.5022278], [88.97346987, 22.49986193], [88.9740585, 22.49837445], [88.97485078, 22.49681266], [88.97565901, 22.49522186], [88.97646724, 22.49363106], [88.97727547, 22.49204027], [88.97812168, 22.49048383], [88.97889427, 22.48865403], [88.97951377, 22.48700373], [88.98027558, 22.48520623], [88.98099748, 22.48362737], [88.98185108, 22.48219135], [88.98281705, 22.4807827], [88.9845468, 22.47927895], [88.98604709, 22.47871502], [88.98755968, 22.47817803], [88.98984006, 22.47718373], [88.99138601, 22.47606313], [88.99277502, 22.47505591], [88.993902, 22.47383536], [88.99498582, 22.47250548], [88.99606098, 22.47118571], [88.9970654, 22.46995393], [88.99648662, 22.46647203], [88.99611883, 22.46473167], [88.99575112, 22.4629913], [88.99538347, 22.46125092], [88.99501592, 22.45951052], [88.99482411, 22.45755959], [88.99472817, 22.45577254], [88.99385573, 22.45406398], [88.9928606, 22.45258351], [88.99191517, 22.45117011], [88.99099118, 22.4493425], [88.99024081, 22.44716195], [88.9903465, 22.44509591], [88.9908669, 22.44357621], [88.9915757, 22.44172384], [88.99271847, 22.43985758], [88.99392874, 22.43866745], [88.99526601, 22.43749928], [88.99654515, 22.43638349], [88.99788624, 22.43521194], [88.99888877, 22.433866], [88.99967776, 22.43234405], [89.00052985, 22.42979136], [88.99948878, 22.42821662], [88.99754143, 22.42715837], [88.99592832, 22.42641421], [88.99432833, 22.42567482], [88.99270215, 22.42492575], [88.99108859, 22.42418248], [88.9895899, 22.42344621], [88.98833918, 22.42231542], [88.98714882, 22.4209806], [88.9859586, 22.41964564], [88.9847685, 22.41831056], [88.98366192, 22.417143], [88.98230149, 22.41603992], [88.98038277, 22.4151831], [88.97868039, 22.41455566], [88.97697799, 22.41392831], [88.97543771, 22.41326932], [88.97378835, 22.41220633], [88.9726649, 22.41006819], [88.97307185, 22.40777405], [88.97399501, 22.40612154], [88.97522934, 22.40486666], [88.9766565, 22.40355362], [88.97787671, 22.40233401], [88.97922848, 22.40105384], [88.98064068, 22.399934], [88.98199862, 22.398854], [88.98341205, 22.39773376], [88.98481468, 22.3968121], [88.98632673, 22.39585184], [88.98783877, 22.39489155], [88.98935079, 22.39393125], [88.99077913, 22.39244912], [88.99284906, 22.3918934], [88.99504144, 22.39081478], [88.99597538, 22.38939369], [88.99649037, 22.38769373], [88.9964, 22.3863087], [88.99546921, 22.38481064], [88.99411915, 22.38368459], [88.99267495, 22.3826386], [88.99123097, 22.38159232], [88.98978778, 22.38054503], [88.98834444, 22.37949792], [88.98575021, 22.37877184], [88.98468508, 22.377237], [88.98393263, 22.37516361], [88.98390839, 22.37373086], [88.98447157, 22.37162442], [88.9855522, 22.37031954], [88.9868001, 22.3690525], [88.98804807, 22.36778551], [88.98896607, 22.36641301], [88.98982088, 22.36486029], [88.98963562, 22.36266147], [88.98888362, 22.36120574], [88.98795522, 22.35973076], [88.98699345, 22.35820763], [88.98638639, 22.35637908], [88.9869288, 22.35469078], [88.98747116, 22.35300245], [88.98801348, 22.35131411], [88.9883178, 22.34973294], [88.98835131, 22.34779584], [88.988108, 22.34604147], [88.98784956, 22.34440003], [88.98739092, 22.34268673], [88.98693215, 22.34097345], [88.98646951, 22.33924578], [88.98600616, 22.33751499], [88.98554293, 22.33578418], [88.98507982, 22.33405333], [88.98503296, 22.33217438], [88.98502064, 22.33039216], [88.98500831, 22.32860995], [88.98499599, 22.32682773], [88.98540482, 22.32506656], [88.98682444, 22.32371199], [88.98822108, 22.32278956], [88.99030528, 22.32250784], [88.99203512, 22.3228815], [88.99372542, 22.32324431], [88.99545863, 22.32358931], [88.99724783, 22.32362042], [88.99893211, 22.32364543], [89.00094834, 22.32335606], [89.00227864, 22.32216381], [89.00361521, 22.32096526], [89.00495178, 22.3197667], [89.00628834, 22.31856814], [89.0076249, 22.31736957], [89.00896145, 22.316171], [89.010298, 22.31497242], [89.0113963, 22.31362705], [89.01235494, 22.31212976], [89.01331359, 22.31063248], [89.01427225, 22.30913522], [89.01523093, 22.30763796], [89.0162103, 22.30637194], [89.01756618, 22.30501534], [89.01893611, 22.3038851], [89.02028388, 22.30277068], [89.02167398, 22.3016254], [89.02304622, 22.30049477], [89.02401317, 22.29891318], [89.02470723, 22.29723712], [89.02466752, 22.29570688], [89.02316365, 22.29401369], [89.02154684, 22.29374285], [89.019497, 22.2940765], [89.01782876, 22.29438457], [89.01616536, 22.29479927], [89.0144904, 22.29544022], [89.01281545, 22.29608117], [89.0111405, 22.29672214], [89.00870153, 22.29751559], [89.00692392, 22.29743725], [89.00514633, 22.29735884], [89.00336875, 22.2972803], [89.00151054, 22.29690927], [88.9999982, 22.29654952], [88.99831866, 22.29563184], [88.99691258, 22.29464144], [88.99564522, 22.2934321], [88.99518984, 22.29158093], [88.99522925, 22.2897913], [88.99526866, 22.28800166], [88.99530808, 22.28621203], [88.99629712, 22.28443463], [88.99747575, 22.28306805], [88.99896522, 22.28206993], [89.00045469, 22.28107181], [89.00194416, 22.28007369], [89.00343363, 22.27907557], [89.00482057, 22.27814942], [89.00630891, 22.27715196], [89.00779726, 22.2761545], [89.0092856, 22.27515704], [89.01093374, 22.27416185], [89.01254262, 22.27333776], [89.01414287, 22.27251863], [89.01574507, 22.2716983], [89.01717112, 22.27089359], [89.01844962, 22.26990489], [89.01959465, 22.26764304], [89.01926575, 22.26530465], [89.01844977, 22.2639189], [89.01747392, 22.26242722], [89.01649808, 22.26093553], [89.01552225, 22.25944384], [89.01454642, 22.25795214], [89.01425582, 22.25558907], [89.0167509, 22.25362462], [89.01851034, 22.25381976], [89.02058149, 22.25434221], [89.02213755, 22.2552238], [89.02369362, 22.25610539], [89.0252098, 22.25696617], [89.0267654, 22.25784758], [89.028321, 22.258729], [89.03056806, 22.25914202], [89.03208681, 22.25887167], [89.03415918, 22.25755514], [89.03473019, 22.25553523], [89.03514769, 22.25393069], [89.03538091, 22.2521524], [89.03560122, 22.25048701], [89.03583391, 22.24871271], [89.03607597, 22.24675952], [89.03619192, 22.24497294], [89.03630787, 22.24318643], [89.03641243, 22.24157846], [89.03652859, 22.23979191], [89.03664474, 22.23800535], [89.03704398, 22.23571083], [89.03750451, 22.23403862], [89.0382349, 22.23247355], [89.03899337, 22.23086166], [89.03975187, 22.22924978], [89.04191041, 22.22551602], [89.04312234, 22.22421321], [89.044394, 22.22294873], [89.04566567, 22.22168425], [89.04693733, 22.22041978], [89.048209, 22.21915531], [89.04948067, 22.21789085], [89.05075235, 22.21662638], [89.05202403, 22.21536192], [89.05345011, 22.21400139], [89.05477893, 22.21280064], [89.05610775, 22.2115999], [89.05743657, 22.21039915], [89.05876539, 22.20919841], [89.06009421, 22.20799767], [89.06132788, 22.20688459], [89.0626548, 22.20568552], [89.06398172, 22.20448645], [89.06530863, 22.20328738], [89.06663555, 22.20208831], [89.06796246, 22.20088923], [89.06969552, 22.19907366], [89.07064673, 22.19746193], [89.07182962, 22.19489421], [89.07180836, 22.19235198], [89.07193516, 22.19057125], [89.07163236, 22.1879076], [89.07114352, 22.1862438], [89.07041159, 22.18485497], [89.06944518, 22.18335196], [89.06847877, 22.18184895], [89.06751236, 22.18034593], [89.06654595, 22.17884292], [89.06557955, 22.1773399], [89.06466843, 22.17553447], [89.06417277, 22.17391543], [89.06379001, 22.17161574], [89.06373865, 22.16984212], [89.06369239, 22.16821385], [89.06376953, 22.16661586], [89.06414925, 22.16489407], [89.06475861, 22.16281895], [89.06541175, 22.16114434], [89.0660649, 22.15946973], [89.06671806, 22.15779513], [89.06737124, 22.15612054], [89.06802144, 22.15445358], [89.06867128, 22.15278751], [89.06967003, 22.15084031], [89.07065845, 22.14966866], [89.07261511, 22.14811411], [89.07446697, 22.14781518], [89.07689229, 22.14784751], [89.07897728, 22.14909875], [89.08024302, 22.15015907], [89.08163211, 22.15132198], [89.08279839, 22.15267214], [89.08394929, 22.15403522], [89.08505124, 22.15533873], [89.08620647, 22.15670698], [89.08741763, 22.15786205], [89.08882615, 22.15896492], [89.09105202, 22.15994257], [89.09298244, 22.16028491], [89.09549923, 22.15914759], [89.09687009, 22.15809026], [89.09823076, 22.15645149], [89.09844499, 22.15439347], [89.09834684, 22.1526886], [89.09777042, 22.15030093], [89.09711936, 22.14868677], [89.09623292, 22.14736302], [89.09514507, 22.14597898], [89.09405709, 22.14459504], [89.09292511, 22.14341903], [89.0908674, 22.14209989], [89.08930901, 22.14120966], [89.08775063, 22.14031943], [89.08629201, 22.13948478], [89.0847897, 22.13862799], [89.08323131, 22.13773776], [89.08167293, 22.13684753], [89.08011455, 22.1359573], [89.07830736, 22.13478544], [89.07687202, 22.13369251], [89.07543668, 22.13259958], [89.07400135, 22.13150664], [89.07256601, 22.13041369], [89.07113068, 22.12932075], [89.06969535, 22.1282278], [89.06826002, 22.12713485], [89.06682469, 22.1260419], [89.06538937, 22.12494895], [89.0633292, 22.12353186], [89.05988538, 22.12235718], [89.0562472, 22.12194788], [89.0543969, 22.12027469], [89.05314268, 22.1189848], [89.05154568, 22.1172805], [89.05037654, 22.11592577], [89.0492205, 22.11458622], [89.04806443, 22.1132467], [89.04690833, 22.1119072], [89.04547265, 22.11020517], [89.04422106, 22.10844956], [89.04336281, 22.10709469], [89.04276225, 22.10538576], [89.0421617, 22.10367682], [89.04128193, 22.10151499], [89.0402007, 22.0983761], [89.03980106, 22.09588288], [89.0396952, 22.09341059], [89.04048938, 22.08779567], [89.04081809, 22.08611615], [89.04117756, 22.08435724], [89.04153703, 22.08259832], [89.04189651, 22.08083941], [89.04234624, 22.07926539], [89.04284239, 22.07754495], [89.0433081, 22.07592863], [89.04371678, 22.07435742], [89.04387869, 22.07253912], [89.04430943, 22.06952559], [89.04487934, 22.06741856], [89.04536291, 22.06569362], [89.04584647, 22.06396868], [89.04673701, 22.061302], [89.04884469, 22.05683743], [89.0496509, 22.0551213], [89.05190083, 22.05275537], [89.05318774, 22.05111261], [89.05450788, 22.04942856], [89.05651769, 22.04705905], [89.05730812, 22.04546288], [89.05805553, 22.04395287], [89.05884398, 22.04236081], [89.05984291, 22.04095776], [89.06088695, 22.03949102], [89.06231024, 22.03754446], [89.06368942, 22.03589174], [89.06484884, 22.03451911], [89.06601177, 22.03314234], [89.06716049, 22.03178215], [89.06822132, 22.03052647], [89.06938424, 22.02914969], [89.07054716, 22.02777291], [89.07171007, 22.02639613], [89.07300723, 22.02482459], [89.0741217, 22.02344516], [89.0752362, 22.02206575], [89.07647714, 22.02052688], [89.07754555, 22.01873814], [89.07841931, 22.0171877], [89.07929316, 22.01563714], [89.08055531, 22.01169035], [89.08122384, 22.00979193], [89.08180403, 22.00815986], [89.08243404, 22.00621152], [89.08285846, 22.00446767], [89.08324436, 22.00281328], [89.08365474, 22.00105189], [89.08406897, 21.99874927], [89.08435812, 21.99697485], [89.08464727, 21.99520043], [89.08493641, 21.99342602], [89.0852369, 21.99149986], [89.08549494, 21.9897603], [89.0857722, 21.98737717], [89.08589124, 21.98574799], [89.0860225, 21.98395393], [89.08578334, 21.97817823], [89.08532298, 21.97642324], [89.08486263, 21.97466826], [89.08440227, 21.97291327], [89.08384714, 21.97071521], [89.08347328, 21.96892974], [89.08310268, 21.96715927], [89.08272824, 21.9653711], [89.08254643, 21.96357852], [89.08242258, 21.96178462], [89.08229874, 21.95999071], [89.08217489, 21.95819681], [89.08205105, 21.9564029], [89.08144511, 21.95365644], [89.08024768, 21.95079994], [89.07945807, 21.94840232], [89.0789904, 21.9467579], [89.07852288, 21.94511418], [89.07781436, 21.94290486], [89.07723836, 21.94120781], [89.07666235, 21.93951076], [89.07595364, 21.93748017], [89.07531523, 21.93580405], [89.07467681, 21.93412793], [89.07263223, 21.92893806], [89.07034582, 21.9249768], [89.06782664, 21.92458684], [89.06030721, 21.92566642], [89.05846874, 21.92597296], [89.05668741, 21.92626929], [89.05504041, 21.92653008], [89.0509262, 21.92621676], [89.04896545, 21.92585019], [89.0465361, 21.92552354], [89.0447721, 21.9252413], [89.04300389, 21.92495829], [89.04123568, 21.92467518], [89.03946749, 21.92439199], [89.037366, 21.92390856], [89.03562658, 21.92342233], [89.03388715, 21.92293609], [89.03130909, 21.92198734], [89.02760996, 21.91915474], [89.0271746, 21.91760115], [89.02664731, 21.915702], [89.02585515, 21.91199245], [89.02544704, 21.91018967], [89.02503893, 21.90838688], [89.02452529, 21.90621532], [89.02412197, 21.90351468], [89.02382074, 21.90009719], [89.02276581, 21.89648815], [89.02120355, 21.88847773], [89.02254086, 21.88723211], [89.02387456, 21.88598823], [89.02562187, 21.88438872], [89.02878385, 21.8819122], [89.03024284, 21.88086043], [89.03155594, 21.87991386], [89.03301485, 21.87886198], [89.03501937, 21.8770439], [89.03628363, 21.87577762], [89.03754789, 21.87451132], [89.03893686, 21.87311669], [89.04071251, 21.87109622], [89.04210318, 21.86898058], [89.04324899, 21.86558937], [89.04383302, 21.86270038], [89.04412574, 21.86093247], [89.04441847, 21.85916456], [89.04471121, 21.85739665], [89.04507781, 21.85507426], [89.04529551, 21.85172098], [89.04475108, 21.84895929], [89.04496572, 21.84618813], [89.04507162, 21.84312244], [89.04505769, 21.84133225], [89.0450207, 21.83968424], [89.04483219, 21.83797287], [89.04461146, 21.83618666], [89.04440616, 21.83452716], [89.04411094, 21.83226081], [89.04333254, 21.8291223], [89.04209757, 21.82612654], [89.04130502, 21.82452571], [89.04051248, 21.82292488], [89.03971993, 21.82132405], [89.03898272, 21.81983446], [89.03818882, 21.81823087], [89.03739491, 21.81662727], [89.036601, 21.81502368], [89.03541632, 21.81253167], [89.03368911, 21.80932647], [89.03238158, 21.80732028], [89.03202774, 21.80565304], [89.03165893, 21.80391422], [89.03129014, 21.8021754], [89.03092136, 21.80043658], [89.0305497, 21.79868415], [89.02966372, 21.79245285], [89.02966846, 21.78834238], [89.03012853, 21.78476596], [89.03103835, 21.78128247], [89.03197174, 21.77879514], [89.03301047, 21.77686021], [89.03744708, 21.77056373], [89.03911354, 21.76778187], [89.04174458, 21.7653435], [89.04465149, 21.76314367], [89.04685637, 21.76172765], [89.04830007, 21.76064248], [89.04953588, 21.75953345], [89.0508744, 21.75833201], [89.05221293, 21.75713057], [89.05420566, 21.7556203], [89.05629612, 21.75402976], [89.05750205, 21.7527383], [89.05866584, 21.75150885], [89.060043, 21.7502996], [89.06142015, 21.74909034], [89.0627973, 21.74788109], [89.06417446, 21.74667183], [89.0655516, 21.74546257], [89.06706523, 21.74413145], [89.06964437, 21.74158065], [89.07192746, 21.73880625], [89.07301963, 21.73731241], [89.07462771, 21.73470139], [89.07566998, 21.73233186], [89.08261747, 21.72256082], [89.08489316, 21.71688644], [89.08677745, 21.71393702], [89.09273945, 21.70417451], [89.09540067, 21.70061218], [89.09680068, 21.69949222], [89.09886457, 21.69803104], [89.10708212, 21.69201085], [89.11385325, 21.68703508], [89.11645323, 21.68575272], [89.12320769, 21.68194939], [89.14592623, 21.66856861], [89.36533397, 18.00584151], [89.34129513, 17.99642833], [89.32444968, 17.98984081], [89.30760489, 17.98325354], [89.29073173, 17.97672903], [89.26492963, 17.9558095], [89.24858815, 17.9406643], [89.23520753, 17.92828092], [89.22182895, 17.9158993], [89.20844967, 17.90351689], [89.1950697, 17.89113371], [89.17703123, 17.87450749], [89.1606994, 17.859355], [89.14222541, 17.84222492], [89.1182045, 17.82000207], [89.09999768, 17.80330787], [89.08669967, 17.79084783], [89.07328687, 17.77850571], [89.03720205, 17.74506175], [89.01046144, 17.72026471], [88.99708463, 17.70788246], [88.98370895, 17.69550112], [88.9703344, 17.68312069], [88.95695824, 17.67073863], [88.94358411, 17.65835832], [88.93021014, 17.64597803], [88.91683377, 17.63359537], [88.90346028, 17.62121525], [88.88514952, 17.60435697], [88.86912685, 17.58944361], [88.85396722, 17.57547659], [88.83535258, 17.55818982], [88.79107954, 17.51784429], [88.7212076, 17.45688342], [88.65525596, 17.40221256], [88.60902581, 17.3654567], [88.52929523, 17.30498282], [88.44036867, 17.24155227], [88.34562744, 17.17834061], [88.31336881, 17.15777648], [88.29799643, 17.14810852], [88.28268098, 17.13836001], [88.23690588, 17.10946986], [88.21665366, 17.09664833], [88.20130018, 17.0869489], [88.1859468, 17.07724949], [88.17059355, 17.06755012], [88.15524041, 17.05785077], [88.13988739, 17.04815146], [88.12453449, 17.03845218], [88.10918171, 17.02875292], [88.0938278, 17.01905292], [88.0784765, 17.00935451], [88.05893445, 16.9970321], [88.03085345, 16.97929904], [88.00094794, 16.96037407], [87.98559532, 16.95067456], [87.95082603, 16.92885038], [87.91266682, 16.90461985], [87.89809167, 16.89539052], [87.88274187, 16.88569251], [87.8673897, 16.87599295], [87.85204013, 16.866295], [87.83668945, 16.85659629], [87.82133887, 16.84689761], [87.80598842, 16.83719896], [87.79063808, 16.82750034], [87.77528786, 16.81780176], [87.75993775, 16.8081032], [87.74458776, 16.79840467], [87.7165084, 16.7808604], [87.68552068, 16.76116609], [87.65371692, 16.74104473], [87.62288244, 16.72153736], [87.60260594, 16.70869474], [87.58725591, 16.69899574], [87.57188436, 16.68933398], [87.55653687, 16.67963706], [87.5412115, 16.66990206], [87.52586318, 16.66020397], [87.51051497, 16.6505059], [87.49516689, 16.64080787], [87.47981892, 16.63110987], [87.46447106, 16.62141189], [87.44912209, 16.61171317], [87.4337757, 16.60201604], [87.41842696, 16.59231738], [87.40308352, 16.58262201], [87.36813072, 16.56069709], [87.3207808, 16.53072748], [87.29258307, 16.51279668], [87.27723664, 16.50309907], [87.26189032, 16.4934015], [87.24654412, 16.48370396], [87.23119804, 16.47400645], [87.21580532, 16.46439206], [87.20050113, 16.45461854], [87.18511818, 16.44497917], [87.16981407, 16.4352162], [87.15446811, 16.42551856], [87.13912317, 16.41582151], [87.12377869, 16.40612471], [87.10843275, 16.39642694], [87.09308849, 16.3867302], [87.07774278, 16.37703249], [87.06239876, 16.36733581], [87.01427248, 16.3371418], [86.98814613, 16.32045753], [86.96956389, 16.30866773], [86.95422113, 16.29897155], [86.93887725, 16.28927461], [86.92353349, 16.27957771], [86.90825274, 16.26963906], [86.89353406, 16.25384681], [86.87604447, 16.23545216], [86.85862259, 16.21719823], [86.8308989, 16.18804491], [86.81836002, 16.17487746], [86.80582059, 16.16170925], [86.76676197, 16.12073822], [86.7504813, 16.10363058], [86.72959577, 16.08170298], [86.71335209, 16.06462227], [86.66681617, 16.01667709], [86.61535163, 15.96573001], [86.55837333, 15.91173187], [86.50468307, 15.86300928], [86.4453497, 15.8114718], [86.38004607, 15.7574834], [86.35326638, 15.73623493], [86.32693457, 15.71525564], [86.30707509, 15.69965949], [86.29275901, 15.6884424], [86.27844687, 15.67722832], [86.25749748, 15.66081585], [86.23478818, 15.64301966], [86.21007749, 15.62365943], [86.18898678, 15.60713129], [86.17467498, 15.59591689], [86.16036122, 15.58470088], [86.14604974, 15.57348658], [86.13173736, 15.5622715], [86.11661523, 15.55051314], [86.09518429, 15.53364583], [86.07648872, 15.51900468], [86.05822957, 15.5047005], [86.03870999, 15.48937394], [86.02438125, 15.47817989], [86.01007192, 15.46696594], [85.99577673, 15.45572969], [85.98146709, 15.44451592], [85.96715573, 15.43330072], [85.95284513, 15.42208605], [85.92773715, 15.40242072], [85.90061469, 15.38115433], [85.88630423, 15.36993939], [85.87199454, 15.35872498], [85.85768546, 15.34751096], [85.84337609, 15.33629663], [85.82906816, 15.32508336], [85.8102662, 15.31038801], [85.77133531, 15.27987477], [85.75180156, 15.26452736], [85.73749442, 15.25331421], [85.72318473, 15.24209897], [85.70887897, 15.23088674], [85.69449009, 15.21976619], [85.68026061, 15.20846318], [85.66591258, 15.19730268], [85.64837896, 15.18223429], [85.63628065, 15.16862794], [85.61879663, 15.14902472], [85.60364462, 15.13194205], [85.58498689, 15.11100576], [85.56762532, 15.09143194], [85.5528032, 15.07473974], [85.54070514, 15.06113212], [85.51796173, 15.03559003], [85.49776272, 15.01282985], [85.48560588, 14.99927463], [85.47356517, 14.9856203], [85.4613925, 14.97209192], [85.44937983, 14.9584051], [85.43728386, 14.94479814], [85.4251898, 14.93119313], [85.41309431, 14.91758633], [85.40100073, 14.90398147], [85.38890657, 14.89037576], [85.36881418, 14.8677738], [85.35020362, 14.84683434], [85.32922106, 14.82323604], [85.30969493, 14.80125928], [85.29760343, 14.78765509], [85.28074563, 14.76876414], [85.26302057, 14.74889063], [85.24404672, 14.72744858], [85.22626357, 14.70738635], [85.2141728, 14.69378163], [85.20205353, 14.68019937], [85.1905798, 14.66726619], [85.178506, 14.65364766], [85.16641712, 14.6400443], [85.15432681, 14.62643914], [85.13683952, 14.60682436], [85.12115539, 14.58912935], [85.10211936, 14.56774965], [85.08382242, 14.54712757], [85.06729128, 14.52849274], [85.03250015, 14.48940599], [85.01581753, 14.47059716], [85.00098048, 14.45397784], [84.98536411, 14.43632441], [84.96757587, 14.41626454], [84.95548952, 14.40266063], [84.94039802, 14.38571113], [84.88967659, 14.33021262], [84.82949848, 14.26738045], [84.76250456, 14.20101194], [84.70305368, 14.14504668], [84.63269451, 14.08211683], [84.56622225, 14.02571768], [84.52215968, 13.98986003], [84.45818926, 13.93993037], [84.38674101, 13.88690211], [84.30780403, 13.83150551], [84.23357307, 13.78230761], [84.15173696, 13.73113849], [84.0749386, 13.6859121], [84.02407116, 13.65736975], [83.93010451, 13.60755673], [83.85950913, 13.57240893], [83.84324275, 13.56454937], [83.82696947, 13.55668646], [83.80349192, 13.54539384], [83.77502126, 13.53164889], [83.76713409, 13.46404392], [83.76933522, 13.38953288], [83.76976589, 13.30816541], [83.76764198, 13.20897472], [83.76365394, 13.12787416], [83.75893797, 13.06196429], [83.75242269, 12.98804822], [83.74210066, 12.8939667], [83.72645112, 12.78319142], [83.71159606, 12.69686568], [83.7053135, 12.66382551], [83.70185285, 12.64613776], [83.69835323, 12.628458], [83.6949542, 12.6107553], [83.68933351, 12.5822834], [83.6825968, 12.5475618], [83.67804018, 12.52407071], [83.67458979, 12.5063821], [83.67113944, 12.48869191], [83.66768939, 12.47100148], [83.66423977, 12.45331139], [83.6607905, 12.43562135], [83.65734159, 12.41793136], [83.65389305, 12.40024142], [83.65044486, 12.38255154], [83.64699709, 12.364862], [83.64328677, 12.34626079], [83.63821379, 12.32009968], [83.63062478, 12.28083571], [83.62717902, 12.26314617], [83.62360433, 12.24547848], [83.61726136, 12.21259663], [83.61133323, 12.18177526], [83.59420316, 12.09980474], [83.5442305, 11.89923887], [83.53595624, 11.87027447], [83.53094695, 11.85291728], [83.52593843, 11.83556169], [83.52093015, 11.81820576], [83.5159229, 11.80085226], [83.510915, 11.78349537], [83.50590788, 11.76614007], [83.50090099, 11.74878443], [83.49589514, 11.73143123], [83.49088907, 11.71407615], [83.48167339, 11.68266443], [83.45430675, 11.59511169], [83.42405478, 11.50706004], [80.76666667, 10.55], [78.20333333, 6.51333333], [73.32722222, 7.65055556], [69.47497629, 7.94077372], [69.46363402, 7.96578446], [69.44919098, 7.99753211], [69.43853583, 8.02110766], [69.42812893, 8.04394841], [69.41816875, 8.06580882], [69.4106928, 8.08226113], [69.40331905, 8.09876603], [69.39574616, 8.11517058], [69.38833136, 8.13164723], [69.37992974, 8.14997131], [69.36642657, 8.17971151], [69.35648323, 8.2015426], [69.34900475, 8.2179957], [69.34152533, 8.23445027], [69.33404686, 8.25090217], [69.32368842, 8.27375416], [69.30662888, 8.31126432], [69.29664676, 8.33317], [69.28916582, 8.34962385], [69.27847345, 8.37317002], [69.26559821, 8.40145547], [69.25811662, 8.41790833], [69.2506341, 8.43436267], [69.24315126, 8.4508171], [69.23566749, 8.46727301], [69.22474161, 8.4913433], [69.21354901, 8.51600319], [69.20460951, 8.53555953], [69.19712479, 8.55201455], [69.18963912, 8.56847104], [69.18215441, 8.58492486], [69.17466875, 8.60138015], [69.15841806, 8.63713813], [69.14921153, 8.65763], [69.11250387, 8.74186303], [69.07790117, 8.82805972], [69.05456055, 8.89015413], [69.02322734, 8.98009173], [69.00030143, 9.05176586], [68.97729108, 9.12997033], [68.9577391, 9.20262742], [68.92519453, 9.34129086], [68.92142975, 9.35891422], [68.9160945, 9.38401986], [68.91072242, 9.40931113], [68.90523725, 9.43469567], [68.90147065, 9.45231942], [68.89770397, 9.46994197], [68.89402581, 9.48758921], [68.88925348, 9.50972631], [68.8823358, 9.54186008], [68.87811005, 9.5615881], [68.87434093, 9.5792125], [68.87057186, 9.59683514], [68.8668021, 9.61445944], [68.86303175, 9.63208499], [68.85802442, 9.65563457], [68.85093805, 9.68873126], [68.84361058, 9.72285014], [68.83873471, 9.74586775], [68.83342743, 9.77053995], [68.82814235, 9.79511184], [68.82436873, 9.8127368], [68.82059484, 9.83036149], [68.81682012, 9.84798852], [68.81006557, 9.8796217], [68.8045516, 9.90526878], [68.80079653, 9.92289989], [68.79705817, 9.94053061], [68.79322334, 9.9581446], [68.78944647, 9.97577042], [68.78566899, 9.99339757], [68.77792285, 10.02963698], [68.77187989, 10.05772944], [68.76646781, 10.0830917], [68.76178239, 10.10517222], [68.75649938, 10.12954389], [68.74957987, 10.1617246], [68.74579943, 10.17934919], [68.74201836, 10.1969751], [68.73547582, 10.22751255], [68.7295381, 10.25514241], [68.72576042, 10.27259086], [68.71582616, 10.29965292], [68.70893937, 10.31838838], [68.70000728, 10.34293818], [68.69382808, 10.35992168], [68.68764879, 10.37690462], [68.68146879, 10.39388869], [68.6752883, 10.41087327], [68.66910817, 10.42785604], [68.66292683, 10.44484132], [68.65674622, 10.46182375], [68.65056475, 10.47880772], [68.64438242, 10.49579326], [68.63820082, 10.51277594], [68.63201782, 10.52976164], [68.62379651, 10.55235715], [68.61612778, 10.57356125], [68.58605023, 10.65633867], [68.57730428, 10.68014492], [68.57079274, 10.6981467], [68.56244273, 10.72083876], [68.55625566, 10.73782551], [68.55006933, 10.75480942], [68.52510621, 10.82590208], [68.50988226, 10.87156956], [68.50428474, 10.88875278], [68.49868688, 10.90593609], [68.49308868, 10.92311948], [68.48749014, 10.94030295], [68.47977569, 10.96408008], [68.44908182, 11.06487466], [68.41640297, 11.18698485], [68.38626953, 11.32054203], [68.37383888, 11.38437238], [68.36070169, 11.46083905], [68.34704085, 11.5548541], [68.33682786, 11.64194178], [68.32836252, 11.73654892], [68.32296324, 11.8240541], [68.31977054, 11.91685236], [68.31912169, 11.96910947], [68.31995855, 12.05960037], [68.32312693, 12.1472091], [68.3291957, 12.24199267], [68.3372137, 12.32930039], [68.34853083, 12.42361665], [68.36047731, 12.50475991], [68.36775366, 12.54823404], [68.38158635, 12.62279101], [68.39619644, 12.69265742], [68.41373463, 12.76798368], [68.4315006, 12.83714318], [68.45244255, 12.91162931], [68.47085883, 12.97213989], [68.48171693, 13.00610648], [68.49571876, 13.04978174], [68.50794277, 13.08802366], [68.51898171, 13.1226086], [68.52440546, 13.1395533], [68.52982897, 13.15649822], [68.53525208, 13.17344285], [68.54067487, 13.1903875], [68.54609719, 13.20733163], [68.55151965, 13.2242772], [68.55694142, 13.24122157], [68.56236269, 13.25816539], [68.56778397, 13.27511018], [68.57320426, 13.2920529], [68.57862494, 13.30899778], [68.58404509, 13.32594201], [68.59923245, 13.37338216], [68.60959132, 13.40570927], [68.6243914, 13.45106192], [68.64469122, 13.50986924], [68.6631259, 13.56028006], [68.69506346, 13.64217906], [68.73214141, 13.72994601], [68.76863845, 13.81001193], [68.81060381, 13.89566167], [68.85156045, 13.97365298], [68.89047094, 14.0434107], [68.92163528, 14.09649049], [68.97196346, 14.17776001], [69.0205202, 14.25150788], [69.07537792, 14.32995992], [69.1280451, 14.40099641], [69.18727531, 14.47639244], [69.22981314, 14.5278368], [69.26982351, 14.57448011], [69.32168866, 14.63239591], [69.33669516, 14.64869523], [69.36940977, 14.68363586], [69.46941492, 14.78484224], [69.5665565, 14.87537561], [69.65452593, 14.9515345], [69.70114668, 14.98975579], [69.77134579, 15.04476841], [69.84907288, 15.1023138], [69.92232192, 15.15348303], [70.00323547, 15.20677786], [70.06222052, 15.24873988], [70.05799836, 15.26631346], [70.05377582, 15.2838871], [70.04955289, 15.30146079], [70.04532967, 15.3190342], [70.04110591, 15.33660836], [70.03688193, 15.35418189], [70.0326574, 15.37175617], [70.02843267, 15.38932982], [70.02420738, 15.40690422], [70.01876526, 15.4296259], [70.01309775, 15.45326953], [70.0075141, 15.47632233], [69.99759581, 15.51773051], [69.99019627, 15.54838047], [69.98608088, 15.5659756], [69.980714, 15.58803109], [69.97519873, 15.6107558], [69.96987968, 15.63273582], [69.96564874, 15.65031259], [69.96141832, 15.66788565], [69.95718661, 15.68546254], [69.95295534, 15.70303607], [69.94872295, 15.72061273], [69.94449092, 15.73818637], [69.94025785, 15.75576281], [69.93119937, 15.79244662], [69.90732784, 15.89709806], [69.89433086, 15.96221141], [69.87196168, 16.09615372], [69.86351821, 16.15619303], [69.86010789, 16.18184675], [69.85645305, 16.20961681], [69.85349184, 16.2313247], [69.8491168, 16.26429748], [69.84673867, 16.282167], [69.84430194, 16.30002942], [69.84138406, 16.32212115], [69.83841737, 16.34449713], [69.83534149, 16.36703474], [69.8329511, 16.38490288], [69.83056052, 16.40276946], [69.82816933, 16.42063766], [69.82577754, 16.43850748], [69.82284748, 16.45498228], [69.80450978, 16.52373699], [69.79117092, 16.57793093], [69.77389342, 16.65398799], [69.76750639, 16.68039398], [69.75001591, 16.75756223], [69.74352835, 16.78925221], [69.73525504, 16.81752967], [69.7219757, 16.86231507], [69.71448766, 16.88763596], [69.70706165, 16.91262683], [69.70192279, 16.93000424], [69.69504998, 16.95026732], [69.63626134, 17.10642272], [69.59977785, 17.20850481], [69.59282714, 17.22911557], [69.58711201, 17.24610331], [69.58139666, 17.26309066], [69.55199916, 17.35543196], [69.50857821, 17.50960842], [69.50410251, 17.52714195], [69.49965312, 17.54468203], [69.49520334, 17.56222217], [69.48107583, 17.58528651], [69.46465266, 17.59292576], [69.44822942, 17.60056503], [69.42429635, 17.61171656], [69.39649503, 17.62462916], [69.38009667, 17.63233049], [69.32802224, 17.65251136], [69.26318262, 17.67732805], [69.19351333, 17.70557974], [69.13004967, 17.73276944], [69.03939441, 17.77242474], [68.95724229, 17.81094267], [68.87438083, 17.85069187], [68.78607219, 17.8938215], [68.7136758, 17.93142241], [68.65765844, 17.96197569], [68.57910981, 18.0070003], [68.49538959, 18.05794447], [68.42222352, 18.10428239], [68.33970194, 18.15553915], [68.30746179, 18.17638205], [68.24436645, 18.21868196], [68.16989749, 18.27111972], [68.05286687, 18.35607855], [67.97657075, 18.41504544], [67.91393929, 18.46551068], [67.83932688, 18.5259903], [67.77044226, 18.58395452], [67.68622809, 18.65557832], [67.64777347, 18.68977572], [67.56568379, 18.76606901], [67.50117879, 18.82796697], [67.4278385, 18.9016758], [67.34734688, 18.98551483], [67.29628357, 19.04054564], [67.24804583, 19.09305413], [67.20250111, 19.14083501], [67.13455781, 19.20005483], [67.06276688, 19.26606962], [67.00356879, 19.32342839], [66.9261078, 19.38763369], [66.8607808, 19.4430415], [66.79164073, 19.50473904], [66.74431305, 19.54846371], [66.6959286, 19.59347245], [66.6402634, 19.64732036], [66.591796, 19.69612407], [66.50572819, 19.78483788], [66.44689222, 19.84636426], [66.41503466, 19.87864373], [66.36038631, 19.93603441], [66.30220587, 19.99958545], [66.27119469, 20.03344842], [66.22537776, 20.08358193], [66.16439688, 20.1527975], [66.10692642, 20.22156705], [66.04678687, 20.29762607], [65.99326248, 20.36921022], [65.93748825, 20.44820829], [65.89059964, 20.51849572], [65.85712939, 20.57112313], [65.81722084, 20.63681], [65.77514812, 20.70996766], [65.73373381, 20.78644091], [65.69132309, 20.86942218], [65.65134044, 20.95343182], [67.23325702, 22.34051984], [68.11152128, 23.6363393], [68.18292378, 23.69690489], [68.18088083, 23.70834708], [68.1801126, 23.71085206], [68.17885161, 23.72068589], [68.18003575, 23.73315212], [68.18165575, 23.73975751], [68.18393715, 23.74373571], [68.18867936, 23.75133959], [68.1904557, 23.75435487], [68.19265764, 23.75650367], [68.19371793, 23.75778775], [68.19548171, 23.76010529], [68.19834845, 23.76346642], [68.19941859, 23.76491343], [68.20025349, 23.7662566], [68.20110685, 23.76780694], [68.20223736, 23.7698192], [68.20331134, 23.77227072], [68.20386249, 23.7749195], [68.20415699, 23.77653493], [68.20447555, 23.77828109], [68.20582418, 23.78406731], [68.2058793, 23.78592471], [68.20573819, 23.78761109], [68.20559029, 23.78938298], [68.20534261, 23.79100971], [68.20499029, 23.79274957], [68.20463171, 23.79452146], [68.20384169, 23.79753161], [68.20298316, 23.79968334], [68.20229831, 23.80132819], [68.20140435, 23.80358324], [68.20083825, 23.80552569], [68.20051285, 23.80729064], [68.20018742, 23.80905559], [68.1998227, 23.81173672], [68.19969102, 23.81380005], [68.19960805, 23.81542291], [68.19962043, 23.81721816], [68.19963281, 23.81901341], [68.19964519, 23.82080866], [68.19965633, 23.82242438], [68.19966871, 23.82421963], [68.19968108, 23.82601488], [68.19969346, 23.82781013], [68.19974341, 23.83020828], [68.19996832, 23.83274169], [68.2002948, 23.83482614], [68.20066994, 23.83754101], [68.2018539, 23.84413866], [68.20364103, 23.84888574], [68.2044507, 23.85178338], [68.2049535, 23.85413388], [68.20508485, 23.85625534], [68.20519632, 23.86149264], [68.20617188, 23.86641515], [68.20661997, 23.86816617], [68.20706801, 23.86991723], [68.2075558, 23.87181917], [68.21386268, 23.87841842], [68.21538846, 23.87919198], [68.21696497, 23.88005763], [68.21854147, 23.88092327], [68.22011797, 23.88178892], [68.22163196, 23.88262059], [68.22320507, 23.88348437], [68.22477817, 23.88434815], [68.22639695, 23.88485222], [68.22805564, 23.88524059], [68.22984075, 23.88557876], [68.23162586, 23.88591693], [68.23458132, 23.88660196], [68.23747283, 23.88810975], [68.2394503, 23.88935099], [68.24269418, 23.89089884], [68.24623075, 23.89191701], [68.24827329, 23.89230067], [68.24994609, 23.89261163], [68.25384571, 23.89575831], [68.25634272, 23.89835306], [68.25752636, 23.89979705], [68.25871019, 23.9012413], [68.260802, 23.90396744], [68.26255155, 23.9060609], [68.26360756, 23.90752262], [68.26421012, 23.90925585], [68.26477461, 23.91143068], [68.26568625, 23.91488286], [68.26723974, 23.91823518], [68.26926367, 23.92120112], [68.27115489, 23.92307284], [68.27253545, 23.92419436], [68.273916, 23.92531589], [68.27529655, 23.92643741], [68.27667711, 23.92755894], [68.27912888, 23.92916944], [68.28176856, 23.93032015], [68.28345167, 23.93097599], [68.28513478, 23.93163181], [68.28698803, 23.93234977], [68.29035767, 23.93269563], [68.29238092, 23.93155602], [68.29539702, 23.93006087], [68.29745363, 23.92932149], [68.29916959, 23.92871725], [68.30267169, 23.92790248], [68.30501123, 23.92772737], [68.30666416, 23.92753188], [68.30837385, 23.9270082], [68.31007857, 23.92648595], [68.31179326, 23.92596092], [68.313503, 23.92543737], [68.31521274, 23.9249138], [68.31842028, 23.92384671], [68.32136565, 23.92315626], [68.32309868, 23.92275674], [68.32470674, 23.92264939], [68.32641945, 23.92274787], [68.32823692, 23.92304259], [68.33162172, 23.92404734], [68.33607797, 23.93108642], [68.33689663, 23.93383392], [68.33751592, 23.93561434], [68.3375206, 23.93732456], [68.33751061, 23.93910949], [68.3375006, 23.94089443], [68.33749058, 23.94267936], [68.33748055, 23.94446429], [68.33747051, 23.94624922], [68.33746046, 23.94803415], [68.33736653, 23.949677], [68.3370847, 23.9514705], [68.33696041, 23.95499104], [68.33759118, 23.95705818], [68.33813219, 23.95877451], [68.33867321, 23.96049084], [68.33921422, 23.96220718], [68.34047257, 23.96520808], [68.341407, 23.96656334], [68.34241091, 23.96801962], [68.34349924, 23.96941662], [68.34456508, 23.97069675], [68.34582867, 23.97220684], [68.34804994, 23.97427662], [68.34944319, 23.97540896], [68.35065272, 23.97634974], [68.35192533, 23.977372], [68.35316944, 23.97875244], [68.35501374, 23.9806494], [68.35736896, 23.98229912], [68.35892713, 23.98317456], [68.36048533, 23.98404995], [68.36204355, 23.98492528], [68.3636018, 23.98580057], [68.36649579, 23.98727331], [68.36828338, 23.9879091], [68.37003043, 23.98833815], [68.37177748, 23.98876721], [68.37352453, 23.98919626], [68.37812005, 23.9887684], [68.37977501, 23.98632864], [68.38061681, 23.9847358], [68.38145878, 23.9831431], [68.3823387, 23.98064696], [68.3827491, 23.97891469], [68.38313211, 23.97730272], [68.38354575, 23.97555748], [68.38395936, 23.97381223], [68.38478225, 23.97200035], [68.38563205, 23.97063619], [68.38665209, 23.96936807], [68.38823, 23.96782909], [68.3899406, 23.96703788], [68.39244047, 23.96662671], [68.39427168, 23.96713342], [68.39571683, 23.96768175], [68.39751744, 23.96886314], [68.39896865, 23.96993073], [68.39616454, 23.96562374]], [[68.23323238, 23.84240174], [68.23361635, 23.84252727], [68.23323238, 23.84240174]], [[68.21509445, 23.75845766], [68.21642292, 23.75611246], [68.21509445, 23.75845766]], [[68.2802062, 23.66247785], [68.27756846, 23.66290855], [68.28576231, 23.65117693], [68.23450696, 23.64125836], [68.18646598, 23.62382901], [68.22789586, 23.60414445], [68.24328315, 23.59347105], [68.26022995, 23.60209095], [68.28670752, 23.62726331], [68.27974915, 23.59479475], [68.30860937, 23.58657992], [68.37316966, 23.63861418], [68.41645527, 23.71805704], [68.41745341, 23.76180232], [68.36455524, 23.8021425], [68.35204136, 23.74296343], [68.31384301, 23.71218717], [68.2802062, 23.66247785]], [[68.27373314, 23.70541143], [68.27163768, 23.70499313], [68.28596807, 23.75448954], [68.31597435, 23.76329684], [68.27591455, 23.79518092], [68.25767434, 23.71680725], [68.27373314, 23.70541143]], [[68.33159745, 23.78715718], [68.33508515, 23.79637885], [68.39027703, 23.83132923], [68.43774736, 23.8324604], [68.37812412, 23.87394905], [68.32517064, 23.79504478], [68.33159745, 23.78715718]], [[68.37149703, 23.85856724], [68.37299275, 23.86842227], [68.41961372, 23.8722074], [68.44291627, 23.90860975], [68.45885491, 23.93088067], [68.35319471, 23.90054882], [68.35305536, 23.84572446], [68.37149703, 23.85856724]], [[68.45545101, 23.80727625], [68.45332098, 23.80881202], [68.44789886, 23.74087441], [68.46601617, 23.76654744], [68.48973715, 23.75933981], [68.52199793, 23.80063427], [68.45445883, 23.80947065], [68.45545101, 23.80727625]], [[68.48695385, 23.74561572], [68.48499668, 23.74431551], [68.48695385, 23.74561572]], [[68.46433747, 23.73966944], [68.46125448, 23.73852253], [68.46433747, 23.73966944]], [[68.4483397, 23.73236465], [68.44740295, 23.73175085], [68.4483397, 23.73236465]], [[68.34010196, 23.78222024], [68.33979571, 23.77868295], [68.34010196, 23.78222024]], [[68.47310936, 23.71464491], [68.47416556, 23.71473765], [68.47310936, 23.71464491]], [[68.48093212, 23.62576771], [68.48156226, 23.62318194], [68.48299861, 23.60695267], [68.48093212, 23.62576771]], [[68.48145604, 23.60628593], [68.48000884, 23.6054641], [68.48145604, 23.60628593]], [[68.47970486, 23.59010303], [68.47334456, 23.59312367], [68.44812965, 23.56536818], [68.43202496, 23.52056897], [68.46320164, 23.55356014], [68.48379827, 23.5805186], [68.47970486, 23.59010303]], [[68.46942902, 23.54828727], [68.46762693, 23.54821503], [68.46990085, 23.5384649], [68.46942902, 23.54828727]], [[68.48227775, 23.54689562], [68.48256552, 23.54698241], [68.48227775, 23.54689562]], [[68.47327685, 23.53278554], [68.47247636, 23.5309751], [68.47327685, 23.53278554]], [[68.47259438, 23.52656245], [68.47067225, 23.5267179], [68.47259438, 23.52656245]], [[68.46764958, 23.52407646], [68.46515536, 23.51876581], [68.46764958, 23.52407646]], [[68.45196736, 23.57528126], [68.45515573, 23.57456577], [68.45341468, 23.5782485], [68.45196736, 23.57528126]], [[68.45210731, 23.60264695], [68.45855355, 23.60397625], [68.44116914, 23.60300815], [68.45210731, 23.60264695]], [[68.25522494, 23.58302808], [68.25489044, 23.58409846], [68.25522494, 23.58302808]], [[68.22343075, 23.58614504], [68.22257125, 23.58580101], [68.22343075, 23.58614504]], [[68.21560264, 23.59132898], [68.21551025, 23.58715236], [68.21560264, 23.59132898]], [[68.47859478, 23.49812782], [68.47897363, 23.49666476], [68.48532796, 23.48705482], [68.47859478, 23.49812782]], [[68.48745847, 23.48633862], [68.48821676, 23.48703694], [68.48745847, 23.48633862]], [[68.5112282, 23.49066913], [68.51141286, 23.49190998], [68.5112282, 23.49066913]], [[68.50603342, 23.49235976], [68.50676537, 23.49071705], [68.50603342, 23.49235976]], [[68.48741293, 23.48539925], [68.48701286, 23.48509002], [68.48741293, 23.48539925]], [[68.49782288, 23.46960545], [68.49835408, 23.46277964], [68.49782288, 23.46960545]], [[68.50474274, 23.45255077], [68.50694132, 23.45067096], [68.51374543, 23.44785154], [68.50353825, 23.45522666], [68.50474274, 23.45255077]], [[68.51635861, 23.42989743], [68.51678503, 23.43063521], [68.51635861, 23.42989743]], [[68.49060905, 23.44435871], [68.49460065, 23.45303214], [68.45152152, 23.46974063], [68.42961133, 23.43999267], [68.41891313, 23.42364931], [68.44033015, 23.44471776], [68.46222615, 23.44986284], [68.47181785, 23.40636301], [68.49060905, 23.44435871]], [[68.54164684, 23.40561306], [68.54248095, 23.40564644], [68.54164684, 23.40561306]], [[68.55140591, 23.40447175], [68.5546875, 23.40513384], [68.55140591, 23.40447175]], [[68.5372318, 23.40472901], [68.53974605, 23.40265357], [68.54355693, 23.38813591], [68.55754066, 23.37295973], [68.55651057, 23.37890625], [68.54200423, 23.40461361], [68.5372318, 23.40472901]], [[68.55333412, 23.40220106], [68.5546875, 23.40262282], [68.55333412, 23.40220106]], [[68.58783734, 23.36832726], [68.58638203, 23.36985433], [68.58044398, 23.35388768], [68.61685455, 23.3283658], [68.59971714, 23.35781884], [68.58783734, 23.36832726]], [[68.59632492, 23.35925627], [68.59953105, 23.35947871], [68.59632492, 23.35925627]], [[68.62919295, 23.34802151], [68.63115215, 23.34938717], [68.62919295, 23.34802151]], [[68.52867675, 23.33227766], [68.52880192, 23.33323765], [68.51205492, 23.31841695], [68.52867675, 23.33227766]], [[68.62555134, 23.32402813], [68.62719226, 23.32405865], [68.62555134, 23.32402813]], [[68.62709177, 23.32167625], [68.62625325, 23.32089412], [68.62709177, 23.32167625]], [[68.63106763, 23.31222296], [68.63215971, 23.31233752], [68.63106763, 23.31222296]], [[68.64195001, 23.31545031], [68.64322102, 23.31552041], [68.64195001, 23.31545031]], [[68.64063275, 23.31149185], [68.63724804, 23.31140733], [68.64063275, 23.31149185]], [[68.60897243, 23.31321454], [68.60874152, 23.31367636], [68.59416676, 23.30940998], [68.60897243, 23.31321454]], [[68.60218716, 23.29969311], [68.59586692, 23.29940927], [68.57438922, 23.29415226], [68.5678246, 23.28133535], [68.54126775, 23.28513134], [68.58284843, 23.25164175], [68.61511183, 23.27213562], [68.60218716, 23.29969311]], [[68.62903905, 23.28578186], [68.62929416, 23.28733146], [68.62903905, 23.28578186]], [[68.59582043, 23.25936484], [68.59705961, 23.25948715], [68.59582043, 23.25936484]], [[68.63222671, 23.31863391], [68.63235724, 23.31877816], [68.63222671, 23.31863391]], [[68.52903914, 23.34046197], [68.53010476, 23.34093428], [68.52903914, 23.34046197]], [[68.56298041, 23.34196734], [68.56515682, 23.34263575], [68.56298041, 23.34196734]], [[68.55319011, 23.34026635], [68.55331862, 23.33987331], [68.55319011, 23.34026635]], [[68.54998636, 23.34132445], [68.55010235, 23.34053481], [68.54998636, 23.34132445]], [[68.54214895, 23.34159374], [68.54064465, 23.33938634], [68.54214895, 23.34159374]], [[68.57451844, 23.35895515], [68.57358611, 23.35994267], [68.57451844, 23.35895515]], [[68.47139215, 23.35649204], [68.47379577, 23.35382724], [68.47139215, 23.35649204]], [[68.53710341, 23.37267864], [68.53688645, 23.37430334], [68.53710341, 23.37267864]], [[68.5055052, 23.37890625], [68.50515866, 23.37890625], [68.5055052, 23.37890625]], [[68.50471425, 23.38095105], [68.50482023, 23.38106465], [68.50471425, 23.38095105]], [[68.52726436, 23.39193034], [68.52523315, 23.39658177], [68.52726436, 23.39193034]], [[68.42380261, 23.40311706], [68.42246985, 23.40497315], [68.41907775, 23.40047824], [68.42380261, 23.40311706]], [[68.40904653, 23.40928745], [68.40878677, 23.40913606], [68.40904653, 23.40928745]], [[68.46178985, 23.40664482], [68.46198666, 23.40617836], [68.46178985, 23.40664482]], [[68.47278774, 23.40340006], [68.47326136, 23.40322554], [68.47278774, 23.40340006]], [[68.4679352, 23.40422368], [68.46556032, 23.40351057], [68.4679352, 23.40422368]], [[68.43253076, 23.40507221], [68.43258464, 23.40537167], [68.43253076, 23.40507221]], [[68.54149163, 23.37919235], [68.54229665, 23.37931085], [68.54149163, 23.37919235]], [[68.53860617, 23.37577426], [68.53862035, 23.37484968], [68.53860617, 23.37577426]], [[68.45953345, 23.41243172], [68.45805228, 23.41153932], [68.45953345, 23.41243172]], [[68.40018928, 23.42110193], [68.39859474, 23.41912234], [68.40018928, 23.42110193]], [[68.40233707, 23.4203006], [68.40269554, 23.42125011], [68.40233707, 23.4203006]], [[68.40779424, 23.45790482], [68.40617073, 23.45626497], [68.40779424, 23.45790482]], [[68.4714632, 23.48032916], [68.46999085, 23.48395813], [68.47010684, 23.47907054], [68.4714632, 23.48032916]], [[68.49713612, 23.44407284], [68.4991523, 23.4442867], [68.49713612, 23.44407284]], [[68.50114512, 23.43906736], [68.50144792, 23.43912733], [68.50114512, 23.43906736]], [[68.49820793, 23.43449163], [68.50123286, 23.43547738], [68.49820793, 23.43449163]], [[68.5012027, 23.42998445], [68.50145495, 23.43026495], [68.5012027, 23.42998445]], [[68.43753636, 23.50006843], [68.43669963, 23.49987161], [68.43753636, 23.50006843]], [[69.64711785, 22.75523758], [69.64903641, 22.75607002], [69.64027345, 22.75924861], [69.64711785, 22.75523758]], [[70.24562657, 22.71211314], [70.24633074, 22.71433866], [70.24562657, 22.71211314]], [[70.24626601, 22.69046295], [70.24462914, 22.69133651], [70.24626601, 22.69046295]], [[70.23535144, 22.68231785], [70.23839092, 22.68240321], [70.23535144, 22.68231785]], [[70.23910403, 22.68215776], [70.23943186, 22.68179691], [70.23910403, 22.68215776]], [[70.21682894, 22.64233267], [70.21797252, 22.64250135], [70.21682894, 22.64233267]], [[69.95648396, 22.59510064], [69.95936072, 22.59608626], [69.95648396, 22.59510064]], [[70.18979347, 22.59777045], [70.19089222, 22.59777915], [70.18979347, 22.59777045]], [[69.99786866, 22.5884341], [69.99733317, 22.58953261], [69.97872341, 22.54605222], [69.99786866, 22.5884341]], [[70.1826092, 22.58100355], [70.18317795, 22.58138514], [70.1826092, 22.58100355]], [[70.04203081, 22.56729305], [70.04363227, 22.56742024], [70.04203081, 22.56729305]], [[70.03952074, 22.56784844], [70.03875995, 22.56615615], [70.03952074, 22.56784844]], [[70.01394784, 22.55251145], [70.01453304, 22.5526427], [70.01394784, 22.55251145]], [[70.0118103, 22.54944456], [70.01636314, 22.54776096], [70.0118103, 22.54944456]], [[70.01261008, 22.55251563], [70.00989306, 22.55364084], [70.01261008, 22.55251563]], [[69.95202756, 22.55106032], [69.94447684, 22.55106032], [69.95202756, 22.55106032]], [[69.95401526, 22.53614604], [69.95464194, 22.53625906], [69.95401526, 22.53614604]], [[69.95412362, 22.53505194], [69.95255935, 22.53275704], [69.95412362, 22.53505194]], [[69.93617105, 22.53306365], [69.92962503, 22.53094804], [69.89825547, 22.52887106], [69.94149041, 22.51782715], [69.93617105, 22.53306365]], [[69.94631243, 22.5297116], [69.94730341, 22.53020346], [69.94631243, 22.5297116]], [[69.36381447, 22.51242185], [69.35708404, 22.52168405], [69.35165036, 22.50473285], [69.36381447, 22.51242185]], [[69.40219843, 22.52547014], [69.40357387, 22.52422595], [69.40219843, 22.52547014]], [[69.08438396, 22.48494053], [69.08677316, 22.48675466], [69.08438396, 22.48494053]], [[72.78536964, 19.50265086], [72.78704357, 19.50285006], [72.78536964, 19.50265086]], [[72.80681098, 19.50005174], [72.81281126, 19.49254966], [72.80681098, 19.50005174]], [[72.73232913, 19.45735991], [72.73527455, 19.45860446], [72.73232913, 19.45735991]], [[72.86539078, 19.32398701], [72.86614406, 19.32412553], [72.86539078, 19.32398701]], [[72.87352324, 19.32464731], [72.87102175, 19.32806253], [72.87352324, 19.32464731]], [[72.85639393, 19.32462168], [72.85777211, 19.32303774], [72.85639393, 19.32462168]], [[72.78305984, 19.13237035], [72.78333986, 19.13465166], [72.78305984, 19.13237035]], [[72.84164715, 18.70635295], [72.84150958, 18.70586324], [72.84164715, 18.70635295]], [[72.81231904, 18.70638096], [72.81236076, 18.70376802], [72.81231904, 18.70638096]], [[72.86353636, 18.6328125], [72.86412525, 18.6328125], [72.86353636, 18.6328125]], [[72.96533155, 18.29829001], [72.96611691, 18.29845166], [72.96533155, 18.29829001]], [[73.08377445, 17.81408775], [73.08451414, 17.81426811], [73.08377445, 17.81408775]], [[73.30199826, 16.98028874], [73.30223763, 16.97981203], [73.30199826, 16.98028874]], [[73.44353342, 16.10006595], [73.44410276, 16.10031927], [73.44353342, 16.10006595]], [[73.46130311, 16.03884852], [73.46186245, 16.03946066], [73.46130311, 16.03884852]], [[73.46755123, 15.89354432], [73.46739244, 15.89507127], [73.46755123, 15.89354432]], [[73.46181393, 15.88907576], [73.46428084, 15.88684893], [73.46181393, 15.88907576]], [[73.45528245, 15.88987792], [73.4548074, 15.8885324], [73.45528245, 15.88987792]], [[73.79682386, 15.37239957], [73.79886603, 15.37434506], [73.79682386, 15.37239957]], [[73.76652885, 15.35246944], [73.76229715, 15.35509741], [73.76652885, 15.35246944]], [[74.09448755, 14.87591314], [74.09523284, 14.87599325], [74.09448755, 14.87591314]], [[74.10015225, 14.84184265], [74.10101342, 14.84205174], [74.10015225, 14.84184265]], [[74.14240932, 14.84167922], [74.14341044, 14.84157395], [74.14240932, 14.84167922]], [[74.09374905, 14.83602762], [74.09471047, 14.83695614], [74.09374905, 14.83602762]], [[74.05751371, 14.81899285], [74.05851102, 14.81908441], [74.05751371, 14.81899285]], [[74.06353223, 14.81930161], [74.06497097, 14.81934214], [74.06353223, 14.81930161]], [[74.05609047, 14.81595361], [74.05670905, 14.81646442], [74.05609047, 14.81595361]], [[74.08858025, 14.79357064], [74.08899164, 14.79475772], [74.08858025, 14.79357064]], [[74.11016142, 14.75392461], [74.11199713, 14.75496948], [74.11016142, 14.75392461]], [[74.15676856, 14.73763776], [74.15786386, 14.73797405], [74.15676856, 14.73763776]], [[74.23936164, 14.70876145], [74.24016404, 14.70909536], [74.23936164, 14.70876145]], [[74.25481725, 14.70370924], [74.25519216, 14.70407724], [74.25481725, 14.70370924]], [[74.40087354, 14.31199586], [74.40355873, 14.31254744], [74.40087354, 14.31199586]], [[74.32751584, 14.01130664], [74.32859576, 14.01190531], [74.32751584, 14.01130664]], [[74.48067641, 14.00480378], [74.48145771, 14.00491035], [74.48067641, 14.00480378]], [[74.67591464, 13.63209248], [74.67605567, 13.63152015], [74.67591464, 13.63209248]], [[74.67396951, 13.37561762], [74.67513072, 13.37577057], [74.67396951, 13.37561762]], [[74.68544197, 13.34072435], [74.68588173, 13.34085453], [74.68544197, 13.34072435]], [[74.68587625, 13.33694363], [74.68841076, 13.33674717], [74.68587625, 13.33694363]], [[74.69186854, 13.33067656], [74.69258475, 13.33122325], [74.69186854, 13.33067656]], [[74.69987834, 13.27880311], [74.70144773, 13.27941966], [74.69987834, 13.27880311]], [[74.67580175, 13.19146121], [74.67621517, 13.19453406], [74.67580175, 13.19146121]], [[74.93262434, 12.60312045], [74.93280518, 12.60369205], [74.93262434, 12.60312045]], [[75.14905262, 12.12890625], [75.14912164, 12.12890625], [75.12500823, 12.20445097], [75.14905262, 12.12890625]], [[75.12960994, 12.1945374], [75.13057852, 12.19480526], [75.12960994, 12.1945374]], [[75.13397098, 12.18720603], [75.13417864, 12.18913341], [75.13397098, 12.18720603]], [[75.13522744, 12.18174756], [75.13584578, 12.18355536], [75.13522744, 12.18174756]], [[75.15848422, 12.12114847], [75.15967155, 12.12890625], [75.15848422, 12.12114847]], [[75.16309655, 12.1056509], [75.16581142, 12.10335255], [75.16309655, 12.1056509]], [[75.15727353, 12.10970342], [75.16023371, 12.10117543], [75.15727353, 12.10970342]], [[72.70706105, 11.68031335], [72.70748222, 11.68043602], [72.70525265, 11.68064117], [72.70706105, 11.68031335]], [[72.18916476, 11.59595072], [72.18939865, 11.59639394], [72.18916476, 11.59595072]], [[73.00408494, 11.48005152], [73.00736725, 11.47161174], [73.00408494, 11.48005152]], [[73.00104821, 11.48798704], [73.00057232, 11.4876219], [73.00104821, 11.48798704]], [[72.76209915, 11.19067907], [72.76147056, 11.18004131], [72.77480066, 11.22702885], [72.76209915, 11.19067907]], [[72.10542083, 11.21295381], [72.10376441, 11.20875752], [72.10542083, 11.21295381]], [[72.10487604, 11.21356714], [72.10335207, 11.21470714], [72.10487604, 11.21356714]], [[72.72033167, 11.11062741], [72.72092235, 11.11089802], [72.72033167, 11.11062741]], [[72.33211362, 10.95516205], [72.33330381, 10.95541024], [72.33211362, 10.95516205]], [[72.31366706, 10.94427001], [72.31431925, 10.94274437], [72.31366706, 10.94427001]], [[72.29133463, 10.94589984], [72.28701925, 10.94587052], [72.29133463, 10.94589984]], [[72.17138767, 10.81725943], [72.17184663, 10.81742263], [72.17138767, 10.81725943]], [[73.67539096, 10.81831992], [73.67488182, 10.81819415], [73.67683971, 10.81817746], [73.67539096, 10.81831992]], [[72.16844845, 10.81485105], [72.16538846, 10.81273973], [72.16844845, 10.81485105]], [[72.61734843, 10.54056704], [72.61954212, 10.5416404], [72.61663771, 10.54426193], [72.61734843, 10.54056704]], [[76.17609966, 10.14947355], [76.18276095, 10.12861002], [76.24495184, 9.97240305], [76.23122346, 10.01661146], [76.23311627, 10.04038036], [76.2288233, 10.06325781], [76.21483934, 10.08919263], [76.20726216, 10.12792897], [76.17576182, 10.18302464], [76.17609966, 10.14947355]], [[76.2002691, 10.1490463], [76.20117354, 10.14950705], [76.20532167, 10.14482844], [76.22432375, 10.10361564], [76.23928225, 10.07550788], [76.22823572, 10.11975896], [76.25266171, 10.09162128], [76.26102412, 10.07027245], [76.25477374, 10.05151796], [76.25056815, 10.05012846], [76.28447187, 10.07884014], [76.34198451, 10.09234476], [76.32312965, 10.15131438], [76.20536351, 10.19285953], [76.2002691, 10.1490463]], [[76.25106251, 10.17005575], [76.25015974, 10.17203176], [76.25106251, 10.17005575]], [[76.26753306, 10.04724836], [76.27228427, 10.04820931], [76.26753306, 10.04724836]], [[76.25991666, 10.04147685], [76.26339316, 10.04070055], [76.26549375, 9.99004221], [76.26232076, 10.02887654], [76.25991666, 10.04147685]], [[76.25881636, 10.02514505], [76.25926256, 10.02523005], [76.25881636, 10.02514505]], [[76.26905406, 9.99677062], [76.27002585, 9.99980903], [76.26905406, 9.99677062]], [[76.24382067, 10.01309216], [76.24075913, 10.0141412], [76.24382067, 10.01309216]], [[76.24423265, 9.98121393], [76.24323797, 9.97927284], [76.24423265, 9.98121393]], [[76.25332415, 10.01228964], [76.25377882, 10.01242685], [76.25332415, 10.01228964]], [[76.24537945, 10.09767961], [76.24271405, 10.10068274], [76.24537945, 10.09767961]], [[76.27082932, 9.97104073], [76.27141535, 9.97115052], [76.27082932, 9.97104073]], [[72.28991008, 10.04935634], [72.28392124, 10.04330885], [72.28991008, 10.04935634]], [[73.65149581, 10.10448074], [73.65064383, 10.09640563], [73.65149581, 10.10448074]], [[73.63287425, 10.07043791], [73.62984931, 10.06845784], [73.63287425, 10.07043791]], [[73.62948334, 10.07378471], [73.6286273, 10.07518494], [73.62948334, 10.07378471]], [[72.32800424, 10.13632393], [72.32769275, 10.13649952], [72.32800424, 10.13632393]], [[73.66181946, 10.12974775], [73.66515982, 10.14124823], [73.66181946, 10.12974775]], [[76.25787616, 9.96838176], [76.25920367, 9.96655846], [76.27481365, 9.96597195], [76.25787616, 9.96838176]], [[73.04696357, 8.27627921], [73.04128361, 8.27420354], [73.07643366, 8.32159221], [73.04696357, 8.27627921]], [[73.01285112, 8.27869046], [73.00994766, 8.28023481], [73.01285112, 8.27869046]], [[77.55560064, 8.07661271], [77.55653536, 8.07748795], [77.55560064, 8.07661271]], [[78.12523293, 8.64560735], [78.12464404, 8.64957392], [78.12423146, 8.64131582], [78.12523293, 8.64560735]], [[78.12633395, 8.64320707], [78.12772477, 8.64336824], [78.12633395, 8.64320707]], [[78.20801568, 8.84099674], [78.20925164, 8.83719504], [78.20801568, 8.84099674]], [[78.22421145, 8.87364161], [78.22310805, 8.87248754], [78.22421145, 8.87364161]], [[78.25249827, 8.95786405], [78.25131774, 8.95772874], [78.25249827, 8.95786405]], [[78.49124992, 9.09326804], [78.48810792, 9.09014535], [78.49124992, 9.09326804]], [[78.58021414, 9.11209393], [78.57827365, 9.11158395], [78.58021414, 9.11209393]], [[78.53910065, 9.10591125], [78.53496575, 9.10287511], [78.53910065, 9.10591125]], [[78.69627845, 9.15477025], [78.69499195, 9.15524936], [78.69627845, 9.15477025]], [[78.73149335, 9.15126312], [78.73186934, 9.15174103], [78.73149335, 9.15126312]], [[78.82084262, 9.16059887], [78.82106435, 9.16090834], [78.82084262, 9.16059887]], [[79.43960762, 9.15823054], [79.43976712, 9.15830541], [79.31952298, 9.28640854], [79.30012476, 9.32264078], [79.20446205, 9.27716947], [79.32049346, 9.23617315], [79.43960762, 9.15823054]], [[78.90672243, 9.18033183], [78.91098726, 9.18014967], [78.90672243, 9.18033183]], [[78.96767497, 9.18391621], [78.96828091, 9.184062], [78.96767497, 9.18391621]], [[79.09093428, 9.20002413], [79.08976436, 9.19974113], [79.0643326, 9.19954753], [79.09093428, 9.20002413]], [[79.14223254, 9.21459258], [79.13893461, 9.21385586], [79.14223254, 9.21459258]], [[79.13578486, 9.21487844], [79.13610554, 9.21522868], [79.13578486, 9.21487844]], [[79.20130873, 9.24029243], [79.19835532, 9.23360384], [79.19772553, 9.23262215], [79.20130873, 9.24029243]], [[79.20623732, 9.24604583], [79.20366526, 9.24607682], [79.20623732, 9.24604583]], [[79.23474431, 9.23952675], [79.2351917, 9.23943543], [79.23474431, 9.23952675]], [[79.84435666, 10.82647741], [79.84018695, 10.82384396], [79.84435666, 10.82647741]], [[80.21026075, 15.50146651], [80.20927835, 15.49985325], [80.21026075, 15.50146651]], [[80.84929276, 15.71118462], [80.85105455, 15.71013391], [80.86459196, 15.8203125], [80.83592784, 15.71173191], [80.84929276, 15.71118462]], [[80.8307662, 15.73719418], [80.83036244, 15.73536515], [80.78578675, 15.78530693], [80.83119917, 15.73543084], [80.8307662, 15.73719418]], [[80.89343655, 15.76872134], [80.89993036, 15.75534105], [80.97792447, 15.75015247], [80.99210811, 15.76454687], [80.87060106, 15.80229723], [80.89343655, 15.76872134]], [[80.88703406, 15.85083401], [80.88922131, 15.85732853], [80.88703406, 15.85083401]], [[80.96860027, 15.79469848], [80.96917593, 15.79480374], [80.96860027, 15.79469848]], [[80.97440183, 15.78074694], [80.97499788, 15.78085423], [80.97440183, 15.78074694]], [[81.02571845, 15.76135504], [81.02061868, 15.75825441], [81.02571845, 15.76135504]], [[80.89077926, 15.76631832], [80.8903867, 15.76520646], [80.89077926, 15.76631832]], [[80.88009775, 15.78404021], [80.87880373, 15.78394747], [80.88009775, 15.78404021]], [[81.73874605, 16.32048774], [81.74037576, 16.32009685], [81.95654905, 16.46709025], [81.916399, 16.55360627], [81.88877392, 16.57491541], [81.85128355, 16.49648845], [81.71224272, 16.44064832], [81.72414291, 16.31274951], [81.73874605, 16.32048774]], [[81.80944335, 16.47634494], [81.80134976, 16.47412908], [81.80944335, 16.47634494]], [[81.84394121, 16.48989987], [81.83656752, 16.48967636], [81.84394121, 16.48989987]], [[81.85305667, 16.53456044], [81.84802091, 16.53213465], [81.85305667, 16.53456044]], [[81.87008655, 16.59546232], [81.86877453, 16.59983981], [81.87008655, 16.59546232]], [[81.87182677, 16.60253787], [81.87436068, 16.61428416], [81.90958035, 16.52922642], [81.97419322, 16.49849534], [82.00615287, 16.42392516], [82.11581028, 16.48490393], [82.31086564, 16.57018971], [82.29800308, 16.59591424], [82.27700031, 16.63678181], [82.21140373, 16.62721694], [82.15744042, 16.65186036], [82.07935405, 16.66269731], [81.95411384, 16.70039272], [81.90491724, 16.73367655], [81.82321346, 16.79402935], [81.75146782, 16.94343305], [81.76360714, 16.83013094], [81.79909074, 16.73290408], [81.85445452, 16.63947093], [81.87182677, 16.60253787]], [[81.82806897, 16.67946613], [81.82432187, 16.67890286], [81.82806897, 16.67946613]], [[81.75192511, 16.80375123], [81.75040841, 16.80070877], [81.75192511, 16.80375123]], [[81.75756276, 16.80868495], [81.75554597, 16.80769014], [81.75756276, 16.80868495]], [[81.73467314, 16.91778314], [81.72996902, 16.91556466], [81.73467314, 16.91778314]], [[81.74626982, 16.94713438], [81.74595976, 16.94754875], [81.74626982, 16.94713438]], [[81.73241603, 16.94273996], [81.73165298, 16.94191468], [81.73241603, 16.94273996]], [[81.74949002, 16.94621396], [81.74977672, 16.94633913], [81.74949002, 16.94621396]], [[81.74922407, 16.95853996], [81.74932122, 16.95930612], [81.74922407, 16.95853996]], [[81.75115442, 16.95622158], [81.75195813, 16.95621002], [81.75115442, 16.95622158]], [[81.74930465, 16.99736941], [81.74861336, 16.99740565], [81.74930465, 16.99736941]], [[81.77605605, 16.97199762], [81.77669644, 16.97296751], [81.77605605, 16.97199762]], [[81.76475573, 16.95062578], [81.76254237, 16.94655836], [81.76475573, 16.95062578]], [[81.76127768, 16.94482303], [81.75974035, 16.94292355], [81.76127768, 16.94482303]], [[81.76384664, 16.95631754], [81.76256275, 16.95063317], [81.76384664, 16.95631754]], [[81.7961055, 16.86385131], [81.79682553, 16.86532283], [81.77329314, 16.91554475], [81.7961055, 16.86385131]], [[81.78917766, 16.88749266], [81.78950715, 16.88767087], [81.78917766, 16.88749266]], [[81.79759383, 16.86256385], [81.8015064, 16.85884964], [81.79759383, 16.86256385]], [[81.82045138, 16.81986475], [81.82212865, 16.82006228], [81.82045138, 16.81986475]], [[81.83179855, 16.80890906], [81.83213711, 16.80900443], [81.83179855, 16.80890906]], [[81.87922454, 16.75636518], [81.88179684, 16.75766206], [81.85658741, 16.76565444], [81.87922454, 16.75636518]], [[81.872666, 16.76573515], [81.87270474, 16.76712811], [81.872666, 16.76573515]], [[81.88741577, 16.75558197], [81.88526976, 16.75404096], [81.88833177, 16.75675392], [81.88741577, 16.75558197]], [[82.00648356, 16.7169137], [82.00721574, 16.71656394], [82.00648356, 16.7169137]], [[81.97979271, 16.71145093], [81.97668338, 16.71045184], [81.95643628, 16.70560026], [81.97979271, 16.71145093]], [[81.99126041, 16.70241404], [81.9960289, 16.70134985], [81.98371506, 16.70899034], [81.99126041, 16.70241404]], [[82.03355992, 16.68660402], [82.04526997, 16.6773349], [81.99185455, 16.70801151], [82.03355992, 16.68660402]], [[82.05716145, 16.67485547], [82.04938996, 16.6754384], [82.15646815, 16.70803952], [82.09732211, 16.69890916], [82.05716145, 16.67485547]], [[82.09985137, 16.70844734], [82.09855866, 16.70900893], [82.09985137, 16.70844734]], [[82.08809137, 16.70907557], [82.08722115, 16.71012938], [82.08809137, 16.70907557]], [[82.08996475, 16.70989895], [82.09201837, 16.7114495], [82.08996475, 16.70989895]], [[82.12408316, 16.71057761], [82.13288474, 16.71098125], [82.12408316, 16.71057761]], [[82.13535607, 16.71663153], [82.13749147, 16.71898675], [82.13535607, 16.71663153]], [[82.17555785, 16.71608734], [82.17690361, 16.71561074], [82.17555785, 16.71608734]], [[82.21395481, 16.71710634], [82.21765852, 16.71609151], [82.21395481, 16.71710634]], [[82.22781694, 16.71610951], [82.23351097, 16.71621215], [82.22781694, 16.71610951]], [[82.19732225, 16.71037936], [82.18993998, 16.70530045], [82.15918362, 16.65207243], [82.22391987, 16.64116216], [82.25887835, 16.68823326], [82.19732225, 16.71037936]], [[82.31031096, 16.70114291], [82.30622685, 16.6997087], [82.27512896, 16.64232767], [82.31226563, 16.64236546], [82.36809456, 16.72326052], [82.3481096, 16.70997643], [82.32758605, 16.72380757], [82.31031096, 16.70114291]], [[82.30737615, 16.71656954], [82.30221891, 16.71423757], [82.30737615, 16.71656954]], [[82.31460512, 16.72597492], [82.30936158, 16.72034574], [82.31460512, 16.72597492]], [[82.26173854, 16.67793143], [82.26082945, 16.67585957], [82.26173854, 16.67793143]], [[82.16178775, 16.70616627], [82.15867782, 16.70613456], [82.16178775, 16.70616627]], [[82.17749608, 16.71118617], [82.17679477, 16.71077001], [82.17749608, 16.71118617]], [[82.09760761, 16.71144128], [82.09384465, 16.71082604], [82.09760761, 16.71144128]], [[81.98745728, 16.70417333], [81.98645675, 16.70416546], [81.98745728, 16.70417333]], [[81.98829114, 16.71225905], [81.98968017, 16.71306884], [81.98829114, 16.71225905]], [[82.31482625, 16.57399905], [82.31494606, 16.57368398], [82.31482625, 16.57399905]], [[81.96184444, 16.47767484], [81.96031606, 16.47549427], [81.96184444, 16.47767484]], [[81.96539021, 16.50086176], [81.96182466, 16.49313915], [81.96539021, 16.50086176]], [[81.96896374, 16.49539495], [81.97077131, 16.49648285], [81.96896374, 16.49539495]], [[81.95224106, 16.53509855], [81.95123732, 16.53472912], [81.95224106, 16.53509855]], [[81.94474065, 16.54665065], [81.94411862, 16.54314816], [81.94474065, 16.54665065]], [[81.92292881, 16.56716824], [81.9210577, 16.56654978], [81.92292881, 16.56716824]], [[81.91515171, 16.56058204], [81.91577005, 16.56070793], [81.91515171, 16.56058204]], [[81.89419413, 16.55505192], [81.89258003, 16.55316877], [81.89419413, 16.55505192]], [[83.17163765, 17.56911838], [83.17149794, 17.56862867], [83.17163765, 17.56911838]], [[83.31188071, 17.68465495], [83.29822397, 17.67916512], [83.31188071, 17.68465495]], [[83.30529404, 17.68451941], [83.30295944, 17.68287396], [83.30529404, 17.68451941]], [[85.05222225, 19.37083316], [85.05055547, 19.37194443], [85.05222225, 19.37083316]], [[85.04547214, 19.37142932], [85.04833364, 19.36821854], [85.04547214, 19.37142932]], [[85.05861115, 19.36944437], [85.05888891, 19.36944437], [85.05861115, 19.36944437]], [[86.23862493, 19.91136813], [86.23817301, 19.91113925], [86.23862493, 19.91136813]], [[86.36852253, 19.97405136], [86.36703205, 19.97343552], [86.36852253, 19.97405136]], [[86.41256261, 20.02579343], [86.40976048, 20.02153695], [86.41256261, 20.02579343]], [[86.42638874, 20.04361105], [86.42239583, 20.0390625], [86.42638874, 20.04361105]], [[86.43726075, 20.05927551], [86.43402088, 20.05828512], [86.43726075, 20.05927551]], [[86.55504096, 20.20736134], [86.55404174, 20.20682144], [86.55504096, 20.20736134]], [[86.79575527, 20.37194943], [86.79466045, 20.37284362], [86.79575527, 20.37194943]], [[86.80370951, 20.37141192], [86.80705607, 20.374861], [86.80244458, 20.41266871], [86.80370951, 20.37141192]], [[86.79424763, 20.38669026], [86.79325795, 20.38763142], [86.79424763, 20.38669026]], [[86.79185617, 20.38876176], [86.79271722, 20.38935792], [86.79185617, 20.38876176]], [[86.79275954, 20.38006484], [86.79076374, 20.37823653], [86.79275954, 20.38006484]], [[86.80228984, 20.46274066], [86.80129635, 20.4615792], [86.80228984, 20.46274066]], [[86.80462217, 20.49174571], [86.80407321, 20.4912554], [86.80462217, 20.49174571]], [[86.84178817, 20.57705152], [86.84316111, 20.57648265], [86.91522205, 20.62555528], [87.04147303, 20.71005511], [86.97883415, 20.70445275], [86.81344342, 20.67578125], [86.81565785, 20.63658381], [86.76428163, 20.61693537], [86.7220273, 20.55055368], [86.77119148, 20.50446415], [86.84178817, 20.57705152]], [[86.74777782, 20.52388895], [86.74638891, 20.52305555], [86.74777782, 20.52388895]], [[86.74095035, 20.61591101], [86.74073362, 20.61629176], [86.74095035, 20.61591101]], [[86.74916661, 20.61638892], [86.74972475, 20.61666775], [86.74916661, 20.61638892]], [[86.78475833, 20.64432597], [86.79444575, 20.64613915], [86.79665101, 20.67230153], [86.85608876, 20.68217647], [86.85709596, 20.68405986], [87.00695181, 20.7421875], [86.85445774, 20.77587664], [86.78475833, 20.64432597]], [[86.79833317, 20.70055544], [86.79583335, 20.69722223], [86.79833317, 20.70055544]], [[86.87087715, 20.77550566], [86.871315, 20.77589452], [86.87087715, 20.77550566]], [[86.88416064, 20.77477026], [86.87989605, 20.77504492], [86.86520398, 20.78275442], [86.88416064, 20.77477026]], [[86.94802594, 20.78402793], [86.94799721, 20.78447413], [86.94802594, 20.78402793]], [[86.98268545, 20.77823651], [86.98666477, 20.77896142], [86.98268545, 20.77823651]], [[86.87422097, 20.77599084], [86.87378144, 20.77550316], [86.87422097, 20.77599084]], [[87.08384335, 20.75784016], [87.07894421, 20.75819492], [87.08384335, 20.75784016]], [[87.06961608, 20.7421875], [87.06951785, 20.7421875], [87.06961608, 20.7421875]], [[87.05357373, 20.74584317], [87.04918754, 20.74411905], [87.05357373, 20.74584317]], [[87.00941551, 20.71782172], [87.00253153, 20.70861506], [87.00941551, 20.71782172]], [[87.00899506, 20.72017574], [87.00480294, 20.71554875], [87.00899506, 20.72017574]], [[86.87241435, 20.67267144], [86.87444437, 20.67361104], [86.87241435, 20.67267144]], [[87.00250006, 20.83222222], [87.00086665, 20.82954061], [87.00250006, 20.83222222]], [[88.52911675, 21.55475855], [88.53435373, 21.56610453], [88.4844439, 21.58224964], [88.50271416, 21.56490374], [88.52911675, 21.55475855]], [[88.28775144, 21.56365275], [88.28845716, 21.56686676], [88.27975047, 21.71451914], [88.21411264, 21.75068486], [88.23700583, 21.64442122], [88.24545074, 21.5870651], [88.28775144, 21.56365275]], [[88.17810917, 21.60059214], [88.17777145, 21.60110044], [88.1873157, 21.58370995], [88.17810917, 21.60059214]], [[88.01576674, 21.58155823], [88.01502252, 21.58081198], [88.01576674, 21.58155823]], [[88.22616124, 21.67046905], [88.21516061, 21.66999376], [88.18492913, 21.66973805], [88.21065176, 21.61820245], [88.22616124, 21.67046905]], [[88.12481463, 21.62854016], [88.12915504, 21.62822402], [88.15371335, 21.69140053], [88.12833238, 21.87240446], [88.03856027, 21.68107402], [88.11589861, 21.62601984], [88.12481463, 21.62854016]], [[88.18553245, 21.81926823], [88.18168485, 21.82629442], [88.18553245, 21.81926823]], [[88.16556478, 21.796875], [88.16563034, 21.796875], [88.16556478, 21.796875]], [[88.18074298, 21.78641391], [88.18142855, 21.78610158], [88.18074298, 21.78641391]], [[88.19670796, 21.75760806], [88.19853222, 21.75830352], [88.19670796, 21.75760806]], [[88.19501805, 21.72439575], [88.19578385, 21.72448456], [88.19501805, 21.72439575]], [[88.27799416, 21.72800398], [88.28359044, 21.72253585], [88.28635216, 21.76866186], [88.27799416, 21.72800398]], [[88.27911496, 21.76967073], [88.28180444, 21.76583946], [88.27911496, 21.76967073]], [[88.28273475, 21.76966572], [88.28350162, 21.76998055], [88.28273475, 21.76966572]], [[88.29365325, 21.77577424], [88.29632676, 21.77396333], [88.30027783, 21.78233385], [88.33241606, 21.71048701], [88.36478674, 21.79394102], [88.33248186, 21.86049104], [88.26140177, 21.796875], [88.29365325, 21.77577424]], [[88.39387321, 21.76441801], [88.39415073, 21.76393437], [88.43982255, 21.78870034], [88.38691151, 21.77184844], [88.39387321, 21.76441801]], [[88.41841936, 21.81163311], [88.41962135, 21.81219113], [88.45018506, 21.80367994], [88.45588291, 21.89645064], [88.39246047, 21.83245265], [88.41841936, 21.81163311]], [[88.45208716, 21.90617812], [88.45234001, 21.90631926], [88.45208716, 21.90617812]], [[88.49058855, 21.88967335], [88.49877775, 21.89611423], [88.49058855, 21.88967335]], [[88.51746821, 21.84889364], [88.52042973, 21.84899592], [88.51746821, 21.84889364]], [[88.53713953, 21.85324597], [88.53978884, 21.85432196], [88.53713953, 21.85324597]], [[88.53075194, 21.84932494], [88.53063726, 21.84916556], [88.57274795, 21.87145472], [88.54293704, 21.86192322], [88.53075194, 21.84932494]], [[88.59949791, 21.86812067], [88.59471416, 21.85486412], [88.64796805, 21.83607721], [88.62035751, 21.89768791], [88.59949791, 21.86812067]], [[88.63438463, 21.87056684], [88.64148343, 21.87355137], [88.63527834, 21.91839611], [88.63438463, 21.87056684]], [[88.71888876, 21.90916657], [88.71892583, 21.90912974], [88.79361105, 21.87416661], [88.81444442, 21.90138876], [88.73055553, 21.92138875], [88.71888876, 21.90916657]], [[88.74068356, 21.92194736], [88.74134612, 21.92202544], [88.78652644, 21.95237064], [88.72437131, 21.97135484], [88.74068356, 21.92194736]], [[88.68176234, 21.95309555], [88.67112315, 21.95096636], [88.69056737, 21.98876524], [88.68120003, 22.01499593], [88.64385104, 21.95395422], [88.68176234, 21.95309555]], [[88.68362045, 22.01789534], [88.69523561, 22.01369035], [88.69202495, 22.05580354], [88.76613426, 22.1865499], [88.67207575, 22.17787385], [88.67395687, 22.02340806], [88.68362045, 22.01789534]], [[88.63083327, 22.06305551], [88.62777782, 22.06111097], [88.63083327, 22.06305551]], [[88.75945163, 22.19415081], [88.7643609, 22.19495475], [88.81622875, 22.18015492], [88.80434597, 22.22039604], [88.80179203, 22.2772758], [88.74724758, 22.19968903], [88.75945163, 22.19415081]], [[88.82028866, 22.26545107], [88.82484734, 22.26672316], [88.81927085, 22.19630146], [88.88129103, 22.20016861], [88.85277975, 22.23007917], [88.8779428, 22.19757485], [88.91722572, 22.16548622], [88.8931154, 22.25060451], [88.85775721, 22.27884567], [88.90925634, 22.22046173], [88.93377376, 22.25280392], [88.88282836, 22.34998131], [88.81237841, 22.3466711], [88.82028866, 22.26545107]], [[88.89837563, 22.33690333], [88.89885604, 22.33696651], [88.88075697, 22.40224802], [88.86152935, 22.39942467], [88.89837563, 22.33690333]], [[88.87284923, 22.40519595], [88.87444282, 22.40582573], [88.87284923, 22.40519595]], [[88.88232851, 22.40325606], [88.87677276, 22.38822091], [88.89447415, 22.38143337], [88.89232457, 22.48385072], [88.90316868, 22.50438643], [88.89003766, 22.55330992], [88.85621476, 22.50950265], [88.85941076, 22.44164145], [88.88232851, 22.40325606]], [[88.83531106, 22.43409288], [88.82335103, 22.43303573], [88.78422165, 22.48886347], [88.83531106, 22.43409288]], [[88.85694444, 22.47249985], [88.85611105, 22.47055554], [88.85694444, 22.47249985]], [[88.90131295, 22.54714227], [88.90159631, 22.54638386], [88.90589344, 22.50827277], [88.90892315, 22.41465867], [88.89699698, 22.37759924], [88.94930995, 22.35894382], [88.94640005, 22.42039526], [88.96403813, 22.37901735], [88.99304307, 22.45507002], [88.93269515, 22.55610025], [88.90131295, 22.54714227]], [[88.95968652, 22.36262715], [88.95538831, 22.36139774], [88.98359323, 22.20571578], [89.09356225, 22.15800273], [89.01789296, 22.26766765], [88.98879051, 22.36412823], [88.97417724, 22.39533484], [88.95968652, 22.36262715]], [[88.98722136, 22.38015616], [88.98791695, 22.38023031], [88.98722136, 22.38015616]], [[88.99685955, 22.19918931], [88.99171364, 22.19831932], [88.96586704, 22.05676734], [89.0147469, 22.06437027], [89.02840555, 22.05282664], [89.02944458, 22.12050104], [88.99685955, 22.19918931]], [[89.01984084, 22.04973745], [89.01607847, 22.05061972], [88.97852194, 22.00615287], [88.97566152, 21.99124086], [89.01879215, 21.99485183], [89.01911581, 21.93729174], [89.05384398, 21.93130124], [89.07805276, 21.98211348], [89.01984084, 22.04973745]], [[89.01146197, 21.98166585], [89.00778997, 21.98144865], [88.97194052, 22.03046286], [88.93561196, 22.02452457], [88.96246851, 21.93476522], [89.02049375, 21.91616011], [89.01146197, 21.98166585]], [[88.92424142, 21.92364454], [88.92046511, 21.92575943], [88.82367182, 21.91557646], [88.88030863, 21.82066333], [88.92129171, 21.85427511], [88.95690525, 21.86957324], [88.96499646, 21.86325395], [88.92424142, 21.92364454]], [[88.95529926, 21.84778011], [88.95020795, 21.83975625], [88.9453125, 21.78431904], [89.00352681, 21.81280816], [89.00329924, 21.86357427], [89.03093326, 21.85593212], [88.95529926, 21.84778011]], [[89.00843632, 21.81031752], [89.00664985, 21.81024516], [89.02282715, 21.75963557], [89.00843632, 21.81031752]], [[89.00481474, 21.76507926], [88.99963212, 21.76386654], [89.04126346, 21.73954451], [89.00481474, 21.76507926]], [[89.0378828, 21.72063184], [89.03692532, 21.72048771], [89.03292823, 21.65496552], [89.06254673, 21.6183362], [89.09473824, 21.64148188], [89.06932902, 21.69461656], [89.0378828, 21.72063184]], [[89.03642488, 21.62109375], [89.03628027, 21.62109375], [88.99344504, 21.67107952], [88.95348704, 21.69261801], [88.99387181, 21.64124095], [89.03642488, 21.62109375]], [[88.83423901, 21.60747755], [88.83224595, 21.60621226], [88.86020756, 21.55003703], [88.87596095, 21.59229565], [88.83423901, 21.60747755]], [[88.56535971, 21.57020593], [88.56535017, 21.56906557], [88.53048074, 21.64495945], [88.51065576, 21.60063672], [88.56535971, 21.57020593]], [[88.40760875, 21.61624813], [88.41028845, 21.61888146], [88.41582751, 21.64715421], [88.41048026, 21.73321176], [88.40397751, 21.71519554], [88.38757944, 21.61141276], [88.40760875, 21.61624813]], [[88.32461202, 21.61689234], [88.32511377, 21.61708367], [88.34825802, 21.66298628], [88.30961585, 21.69188106], [88.32461202, 21.61689234]], [[88.34745467, 21.69746435], [88.35034204, 21.69197595], [88.3880558, 21.71895647], [88.36533141, 21.76416707], [88.34745467, 21.69746435]], [[88.36372471, 21.73182726], [88.37480044, 21.73738587], [88.36372471, 21.73182726]], [[88.43341196, 21.70455766], [88.43344104, 21.70456886], [88.4725548, 21.79331827], [88.42679346, 21.75479925], [88.43341196, 21.70455766]], [[88.51341188, 21.78701174], [88.51174033, 21.7847594], [88.51614535, 21.72967565], [88.56477153, 21.7794137], [88.51341188, 21.78701174]], [[88.50022185, 21.81260037], [88.49785554, 21.82222497], [88.47626257, 21.79917872], [88.50022185, 21.81260037]], [[88.58210886, 21.8082031], [88.58228481, 21.80790675], [88.59375, 21.84905136], [88.58210886, 21.8082031]], [[88.55934155, 21.82983124], [88.55620563, 21.8263334], [88.55934155, 21.82983124]], [[88.58807743, 21.77344358], [88.58801401, 21.76565611], [88.63064384, 21.74037206], [88.58807743, 21.77344358]], [[88.70804834, 21.70618725], [88.70876765, 21.69826877], [88.74404466, 21.68857324], [88.74171495, 21.71830094], [88.73573816, 21.77452326], [88.70125175, 21.76107097], [88.70804834, 21.70618725]], [[88.72611105, 21.79472208], [88.73000002, 21.79722226], [88.77722216, 21.82166672], [88.75805545, 21.87861097], [88.69833326, 21.86000001], [88.69916666, 21.84500003], [88.71944428, 21.82944441], [88.72611105, 21.79472208]], [[88.76944435, 21.82666671], [88.78222215, 21.82666671], [88.82111096, 21.83194435], [88.80083334, 21.87750006], [88.77694428, 21.86694443], [88.76944435, 21.82666671]], [[88.80638885, 21.86777782], [88.81444442, 21.87138891], [88.80916655, 21.88333333], [88.80638885, 21.86777782]], [[88.84638894, 21.85805547], [88.84111095, 21.85138893], [88.87944436, 21.74916661], [88.89250004, 21.75138891], [88.85749996, 21.85555553], [88.84638894, 21.85805547]], [[88.89583325, 21.78805554], [88.90055561, 21.78944445], [88.91138875, 21.76166666], [88.91583335, 21.82583332], [88.89583325, 21.78805554]], [[88.92638874, 21.82388878], [88.93499994, 21.82444441], [88.91777766, 21.76305544], [88.97638893, 21.82138884], [88.92638874, 21.82388878]], [[88.95138967, 21.75818658], [88.95133054, 21.75750923], [89.01479244, 21.71875203], [88.95138967, 21.75818658]], [[89.00549972, 21.71515214], [89.00257635, 21.71515083], [88.98994851, 21.65463972], [89.00996876, 21.70111191], [89.00549972, 21.71515214]], [[88.97706676, 21.73382056], [88.98693907, 21.73978221], [88.92233801, 21.7610296], [88.97706676, 21.73382056]], [[88.90527773, 21.72972214], [88.89777768, 21.73666656], [88.89805555, 21.65222216], [88.92333317, 21.70722222], [88.90527773, 21.72972214]], [[88.95380557, 21.62648332], [88.95849991, 21.62231064], [88.96541286, 21.64165008], [88.95380557, 21.62648332]], [[88.77355242, 21.62150454], [88.77218354, 21.62464201], [88.73131657, 21.63106453], [88.76340342, 21.57596481], [88.77355242, 21.62150454]], [[88.73401535, 21.62109375], [88.73395455, 21.62109375], [88.71122384, 21.61474836], [88.75163484, 21.60365653], [88.73401535, 21.62109375]], [[88.59528446, 21.62065423], [88.59915864, 21.61976981], [88.57547653, 21.69245505], [88.59528446, 21.62065423]], [[88.56579673, 21.70131254], [88.56177545, 21.70532775], [88.54615593, 21.72367835], [88.58776212, 21.70789742], [88.51727164, 21.71171784], [88.54858577, 21.63647342], [88.56579673, 21.70131254]], [[88.46468663, 21.67282271], [88.46571612, 21.67555904], [88.42921162, 21.69605517], [88.46431994, 21.65752161], [88.46468663, 21.67282271]], [[88.59273434, 21.71880197], [88.59807515, 21.72269094], [88.56892121, 21.76908302], [88.59273434, 21.71880197]], [[88.69401705, 21.69946384], [88.69169641, 21.69185555], [88.72591305, 21.63858962], [88.69401705, 21.69946384]], [[88.79612541, 21.65555561], [88.79694438, 21.65527773], [88.76666665, 21.69249988], [88.73194444, 21.68305552], [88.79612541, 21.65555561]], [[88.78459156, 21.71041441], [88.79301476, 21.71413958], [88.84700692, 21.62109375], [88.86056161, 21.64098513], [88.81096315, 21.74930251], [88.7790848, 21.71263516], [88.78459156, 21.71041441]], [[88.78888321, 21.74930227], [88.78326297, 21.75720024], [88.77696633, 21.81072032], [88.75629175, 21.73362184], [88.78888321, 21.74930227]], [[88.75350821, 21.78333974], [88.7518177, 21.78792906], [88.75377226, 21.77824485], [88.75350821, 21.78333974]], [[88.79617333, 21.74850404], [88.79985046, 21.74935627], [88.81994307, 21.82134986], [88.79617333, 21.74850404]], [[88.89392054, 21.64932024], [88.89421225, 21.64951515], [88.89392054, 21.64932024]], [[88.64034104, 21.67835963], [88.63806248, 21.67769957], [88.64034104, 21.67835963]], [[88.60611618, 21.68007743], [88.60604036, 21.6804111], [88.60538733, 21.67360926], [88.60611618, 21.68007743]], [[88.50639856, 21.78847921], [88.50191343, 21.78442836], [88.50639856, 21.78847921]], [[88.85531855, 21.91908467], [88.86190665, 21.9193933], [88.88737094, 22.01116073], [88.77701306, 22.01486754], [88.78996277, 21.98488355], [88.75170934, 21.95725966], [88.82526195, 21.93952024], [88.85531855, 21.91908467]], [[88.75184596, 21.98772383], [88.75824487, 21.99525177], [88.75184596, 21.98772383]], [[88.79133582, 22.03142655], [88.79112494, 22.03238738], [88.77329373, 22.01981032], [88.79133582, 22.03142655]], [[88.73092186, 22.04530025], [88.73093641, 22.04359782], [88.73092186, 22.04530025]], [[88.76344585, 22.05336511], [88.7729665, 22.05421054], [88.81088614, 22.06377065], [88.80225944, 22.09426153], [88.76344585, 22.05336511]], [[88.77574885, 22.10960567], [88.78139734, 22.11296976], [88.84545147, 22.14797068], [88.85136771, 22.20094216], [88.84044445, 22.17506444], [88.74558568, 22.13048995], [88.74918222, 22.08027196], [88.77574885, 22.10960567]], [[88.72293627, 22.10120761], [88.7143414, 22.09789455], [88.72293627, 22.10120761]], [[88.68899381, 22.08218205], [88.68891335, 22.08125734], [88.68899381, 22.08218205]], [[88.73567605, 22.12885404], [88.73073733, 22.12481022], [88.73567605, 22.12885404]], [[88.85290706, 22.17013752], [88.84864485, 22.16841066], [88.84159112, 22.12429607], [88.89591706, 22.09758663], [88.87149966, 22.16793871], [88.85290706, 22.17013752]], [[88.90886033, 22.14182103], [88.90862274, 22.13518405], [88.92327547, 22.12249756], [88.91867363, 21.98083854], [88.96451461, 22.08496094], [88.9681282, 22.08233428], [88.96844745, 22.15551841], [88.96961677, 22.14316428], [88.94273245, 22.18996835], [88.90559304, 22.16682553], [88.90886033, 22.14182103]], [[88.94184506, 22.19234455], [88.94219625, 22.19247687], [88.91952991, 22.23083675], [88.94025075, 22.19034004], [88.94184506, 22.19234455]], [[88.88653088, 22.05778587], [88.88573086, 22.05625784], [88.90249264, 22.02502477], [88.88653088, 22.05778587]], [[88.85972977, 22.04583573], [88.86031544, 22.04590166], [88.83312166, 22.06397843], [88.83218455, 22.04617703], [88.85972977, 22.04583573]], [[88.82339418, 22.02731431], [88.83198774, 22.02706456], [88.78794277, 22.05951297], [88.82339418, 22.02731431]], [[88.85075176, 22.07910645], [88.85142326, 22.07938313], [88.84713614, 22.11693394], [88.80649316, 22.08424544], [88.85075176, 22.07910645]], [[88.8721379, 22.07933736], [88.87036455, 22.06961501], [88.8721379, 22.07933736]], [[88.91751492, 22.42886937], [88.91597545, 22.42669046], [88.91751492, 22.42886937]], [[88.58408201, 21.87648261], [88.58284056, 21.87552536], [88.58408201, 21.87648261]], [[88.42366552, 21.90619385], [88.42066085, 21.90448666], [88.42366552, 21.90619385]], [[88.10511553, 21.89742816], [88.10693955, 21.89918804], [88.10511553, 21.89742816]], [[88.13005531, 21.89908886], [88.13357687, 21.90075207], [88.13005531, 21.89908886]], [[88.08185995, 21.93172455], [88.08493662, 21.93031061], [88.08968735, 22.00850892], [88.07046366, 21.92045414], [88.08185995, 21.93172455]], [[88.16083336, 21.93027782], [88.15972221, 21.92861116], [88.16083336, 21.93027782]], [[88.13609922, 21.89463925], [88.13689327, 21.89469075], [88.13609922, 21.89463925]], [[87.98888874, 22.21861112], [87.98833334, 22.21861112], [87.98888874, 22.21861112]], [[88.39093196, 22.87436724], [88.38536143, 22.87070942], [88.39093196, 22.87436724]], [[88.40775323, 22.94949627], [88.40703475, 22.94494021], [88.40775323, 22.94949627]], [[88.45396316, 23.04110372], [88.45152974, 23.03915036], [88.45396316, 23.04110372]], [[88.49962318, 23.13033175], [88.49888873, 23.12876666], [88.49962318, 23.13033175]], [[88.43751633, 23.21662557], [88.44230115, 23.21767271], [88.43751633, 23.21662557]], [[88.35224044, 23.30775654], [88.35163331, 23.30775654], [88.35224044, 23.30775654]], [[88.37026715, 23.46015716], [88.36947405, 23.45875537], [88.37026715, 23.46015716]], [[88.33722222, 23.35527766], [88.33611095, 23.35472214], [88.33722222, 23.35527766]], [[87.93333316, 22.40972221], [87.93277764, 22.40888894], [87.93333316, 22.40972221]], [[87.91978693, 22.42978728], [87.91935575, 22.42951941], [87.91978693, 22.42978728]], [[87.91833317, 22.42999995], [87.91833317, 22.43027782], [87.91833317, 22.42999995]], [[87.89457095, 22.49700105], [87.89178658, 22.49625194], [87.89457095, 22.49700105]], [[88.02923334, 22.0625], [88.02796733, 22.0620954], [88.02923334, 22.0625]], [[87.30513704, 21.58677447], [87.30273998, 21.57769775], [87.30513704, 21.58677447]], [[87.30312872, 21.59193814], [87.30463254, 21.59852803], [87.30312872, 21.59193814]], [[87.30674601, 21.59846067], [87.31655598, 21.60262978], [87.30674601, 21.59846067]], [[87.17549026, 21.75636327], [87.17082572, 21.75616336], [87.17549026, 21.75636327]], [[87.17472208, 21.79396486], [87.17055547, 21.79222214], [87.17472208, 21.79396486]], [[87.21375704, 21.81205094], [87.21337235, 21.81151915], [87.21375704, 21.81205094]], [[87.21477544, 21.99168813], [87.21449721, 21.98835433], [87.21477544, 21.99168813]], [[87.20750344, 22.00701714], [87.20650435, 22.00016117], [87.20750344, 22.00701714]], [[87.12375426, 21.51750004], [87.12388885, 21.51972222], [87.12375426, 21.51750004]], [[86.71685517, 20.6844691], [86.70513117, 20.68267262], [86.71685517, 20.6844691]], [[86.72597468, 20.67654657], [86.72454071, 20.675686], [86.72597468, 20.67654657]], [[86.65970933, 20.70145094], [86.65544987, 20.70038176], [86.65970933, 20.70145094]], [[86.59630465, 20.71644628], [86.59369957, 20.71621203], [86.59630465, 20.71644628]], [[85.89601386, 20.84465575], [85.89192045, 20.84310985], [85.89601386, 20.84465575]], [[85.7025547, 20.83398557], [85.70354235, 20.83496773], [85.7025547, 20.83398557]], [[85.68475485, 20.82596517], [85.68314981, 20.82513845], [85.68475485, 20.82596517]], [[85.68574822, 20.82422686], [85.68591905, 20.82437468], [85.68574822, 20.82422686]], [[85.61771512, 20.79054224], [85.61854625, 20.79060376], [85.61771512, 20.79054224]], [[85.43686533, 20.77984941], [85.4341681, 20.78245282], [85.43686533, 20.77984941]], [[85.29459345, 20.86913133], [85.29154181, 20.86547601], [85.29459345, 20.86913133]], [[85.19299614, 21.03581941], [85.19109142, 21.035537], [85.19299614, 21.03581941]], [[85.15021217, 21.13886702], [85.14936733, 21.13886702], [85.15021217, 21.13886702]], [[85.15468252, 21.14966822], [85.15330756, 21.14966822], [85.15468252, 21.14966822]], [[85.14553773, 21.16517854], [85.14599955, 21.15841246], [85.14553773, 21.16517854]], [[85.11026597, 21.07053602], [85.11360276, 21.07054937], [85.11026597, 21.07053602]], [[86.66170597, 20.60918236], [86.66042221, 20.6082983], [86.66170597, 20.60918236]], [[86.56660426, 20.61813474], [86.56666672, 20.61694443], [86.56660426, 20.61813474]], [[86.43768072, 20.60853636], [86.43753803, 20.60806406], [86.43768072, 20.60853636]], [[86.28385878, 20.65176594], [86.28357327, 20.65102375], [86.28385878, 20.65176594]], [[86.59972215, 20.34111094], [86.59527767, 20.34111094], [86.59972215, 20.34111094]], [[86.59380543, 20.38295436], [86.59242141, 20.38073945], [86.59380543, 20.38295436]], [[86.59740734, 20.38072038], [86.59829664, 20.38111007], [86.59740734, 20.38072038]], [[86.59432662, 20.39835393], [86.59411252, 20.39794898], [86.59432662, 20.39835393]], [[86.53880131, 20.41371214], [86.52837741, 20.41247523], [86.56340635, 20.39388895], [86.53880131, 20.41371214]], [[86.41324234, 20.45417094], [86.40317595, 20.45219815], [86.32492495, 20.45905185], [86.39631283, 20.45086062], [86.41324234, 20.45417094]], [[86.06247377, 20.45568085], [86.06272352, 20.45602465], [86.06247377, 20.45568085]], [[85.99390602, 20.45436752], [85.99306381, 20.45407057], [85.99390602, 20.45436752]], [[85.93666232, 20.48071373], [85.93624973, 20.47902918], [85.93666232, 20.48071373]], [[86.48994374, 20.17017901], [86.48980796, 20.16980815], [86.48994374, 20.17017901]], [[86.49197865, 20.14569116], [86.49344933, 20.14651585], [86.49197865, 20.14569116]], [[86.32075596, 19.99143148], [86.31967425, 19.99316704], [86.32075596, 19.99143148]], [[86.32108104, 19.99340165], [86.32139444, 19.99377048], [86.32108104, 19.99340165]], [[86.33145881, 19.99052668], [86.33509707, 19.9884305], [86.33145881, 19.99052668]], [[86.31444514, 20.01136255], [86.31477976, 20.0149343], [86.31444514, 20.01136255]], [[86.32138968, 20.01013076], [86.32166076, 20.01038837], [86.32138968, 20.01013076]], [[86.27083325, 20.02722216], [86.26861095, 20.02472222], [86.27083325, 20.02722216]], [[86.25245142, 20.02542055], [86.25153112, 20.02466822], [86.25245142, 20.02542055]], [[86.27954364, 20.02685904], [86.29575753, 20.03027356], [86.27020991, 20.0567131], [86.25352442, 20.03017616], [86.27954364, 20.02685904]], [[86.26583326, 20.03361106], [86.26333332, 20.03361106], [86.26583326, 20.03361106]], [[86.2600764, 20.05521452], [86.26193166, 20.05650616], [86.2600764, 20.05521452]], [[86.29972208, 20.04388893], [86.30027783, 20.04472208], [86.29972208, 20.04388893]], [[86.30057657, 20.0390625], [86.30340195, 20.0390625], [86.30057657, 20.0390625]], [[86.31334054, 20.03822541], [86.31348884, 20.0390625], [86.31334054, 20.03822541]], [[86.32430482, 20.02233624], [86.32657206, 20.02441585], [86.32430482, 20.02233624]], [[86.14706504, 20.21484375], [86.14679158, 20.21484375], [86.1439085, 20.20142496], [86.14706504, 20.21484375]], [[86.11945081, 20.21484375], [86.11942816, 20.21484375], [86.04133034, 20.27631545], [86.03643656, 20.21663535], [86.12158406, 20.18013656], [86.11945081, 20.21484375]], [[84.76296115, 19.10216355], [84.76514196, 19.10391045], [84.76296115, 19.10216355]], [[84.76529145, 19.10180783], [84.76560652, 19.10117412], [84.76529145, 19.10180783]], [[83.26915157, 17.71021032], [83.26839173, 17.70950615], [83.26915157, 17.71021032]], [[82.19448674, 16.72680736], [82.19292557, 16.72616231], [82.19448674, 16.72680736]], [[81.75467801, 17.0123291], [81.75252366, 17.01134205], [81.75467801, 17.0123291]], [[81.75014985, 17.02127743], [81.74825692, 17.0177232], [81.75014985, 17.02127743]], [[81.74133575, 17.02141273], [81.74247706, 17.01884675], [81.74133575, 17.02141273]], [[81.74774468, 17.02713132], [81.74876654, 17.02754414], [81.74774468, 17.02713132]], [[81.76228893, 17.0281409], [81.76441491, 17.02942467], [81.75480533, 17.02985895], [81.76228893, 17.0281409]], [[81.72466671, 17.0754199], [81.72239804, 17.07374787], [81.72466671, 17.0754199]], [[81.71280146, 17.07575166], [81.70776784, 17.08209574], [81.71280146, 17.07575166]], [[81.71354103, 17.07935452], [81.71437681, 17.07941008], [81.71354103, 17.07935452]], [[81.72778106, 17.07649422], [81.72935545, 17.07665062], [81.72778106, 17.07649422]], [[81.71620285, 17.09232545], [81.71222484, 17.09104383], [81.71620285, 17.09232545]], [[81.65798104, 17.25085795], [81.653741, 17.24357414], [81.66536784, 17.2265625], [81.65798104, 17.25085795]], [[81.66409934, 17.30991721], [81.65984511, 17.30897105], [81.66409934, 17.30991721]], [[81.28526938, 17.53427935], [81.28435016, 17.53362155], [81.28526938, 17.53427935]], [[81.54140067, 16.35504425], [81.53699243, 16.35448575], [81.54140067, 16.35504425]], [[81.50642645, 16.35315168], [81.50851536, 16.35251522], [81.49473083, 16.37045515], [81.50642645, 16.35315168]], [[80.89618754, 15.88989544], [80.89363873, 15.88423526], [80.89618754, 15.88989544]], [[80.90248644, 15.91198242], [80.90217137, 15.91221642], [80.90248644, 15.91198242]], [[80.90506268, 15.91166735], [80.90683365, 15.91774797], [80.90506268, 15.91166735]], [[80.90925443, 15.91899562], [80.91002643, 15.91928911], [80.90925443, 15.91899562]], [[80.90229166, 15.93566406], [80.90216875, 15.93618906], [80.90229166, 15.93566406]], [[80.90469015, 15.93352914], [80.90662527, 15.93538213], [80.90469015, 15.93352914]], [[80.9043045, 15.96217728], [80.90337265, 15.96434891], [80.90315866, 15.94572401], [80.9043045, 15.96217728]], [[80.89634955, 15.98402262], [80.89652455, 15.98440886], [80.89634955, 15.98402262]], [[80.90002191, 15.98180008], [80.90108132, 15.98045278], [80.90002191, 15.98180008]], [[80.88649571, 16.04515147], [80.88621116, 16.04524684], [80.88649571, 16.04515147]], [[80.89330876, 16.04290366], [80.89145386, 16.04547977], [80.89330876, 16.04290366]], [[80.88630176, 16.08808541], [80.88217676, 16.08365941], [80.88746536, 16.07352245], [80.88630176, 16.08808541]], [[80.88572276, 16.09079337], [80.88658845, 16.09425032], [80.87009835, 16.11453974], [80.88572276, 16.09079337]], [[80.68106687, 16.4407562], [80.68283534, 16.43799293], [80.68106687, 16.4407562]], [[80.59388196, 16.50753486], [80.59390354, 16.50784016], [80.59388196, 16.50753486]], [[80.57112181, 16.51539803], [80.56760347, 16.51563287], [80.57112181, 16.51539803]], [[80.58060873, 16.51483273], [80.58582032, 16.51526451], [80.57091475, 16.52046883], [80.58060873, 16.51483273]], [[80.55574763, 16.53944862], [80.55170596, 16.54168725], [80.55574763, 16.53944862]], [[80.54351366, 16.5361526], [80.54889214, 16.52725434], [80.54351366, 16.5361526]], [[80.56325245, 16.53061044], [80.56450391, 16.53160453], [80.56325245, 16.53061044]], [[80.54211605, 16.54994333], [80.54693532, 16.54654396], [80.54211605, 16.54994333]], [[80.53802395, 16.55730653], [80.53695524, 16.5555948], [80.53802395, 16.55730653]], [[80.52705216, 16.56358552], [80.52670276, 16.56316376], [80.52705216, 16.56358552]], [[80.52601981, 16.56719875], [80.52411056, 16.56644452], [80.52601981, 16.56719875]], [[80.50067616, 16.57139325], [80.50374484, 16.57066238], [80.48815048, 16.56508768], [80.50067616, 16.57139325]], [[80.45413804, 16.57566261], [80.45376205, 16.57508647], [80.45413804, 16.57566261]], [[80.41713953, 16.58459342], [80.40225244, 16.58424616], [80.41084504, 16.57894123], [80.41713953, 16.58459342]], [[80.40767217, 16.58908927], [80.4086982, 16.58764636], [80.40767217, 16.58908927]], [[80.14419973, 16.69375205], [80.14347684, 16.69301474], [80.14419973, 16.69375205]], [[80.78243792, 15.8376646], [80.78218663, 15.83741975], [80.78243792, 15.8376646]], [[80.78711235, 15.84322035], [80.78620458, 15.84246063], [80.78711235, 15.84322035]], [[80.78012824, 15.84769762], [80.77569854, 15.85802412], [80.78012824, 15.84769762]], [[80.78753054, 15.84488106], [80.78821862, 15.84607422], [80.78753054, 15.84488106]], [[80.0601387, 15.19957054], [80.05939674, 15.19935823], [80.0601387, 15.19957054]], [[80.18859494, 14.59014797], [80.18992126, 14.59022605], [80.18859494, 14.59014797]], [[80.18773675, 14.57686162], [80.18961644, 14.57813215], [80.18773675, 14.57686162]], [[80.10187948, 14.25504661], [80.10002041, 14.25331092], [80.10187948, 14.25504661]], [[80.10000825, 14.24308801], [80.0966928, 14.24144137], [80.10000825, 14.24308801]], [[80.12446165, 14.06856501], [80.12402821, 14.06849885], [80.12446165, 14.06856501]], [[79.83675182, 13.87958956], [79.84063697, 13.88086724], [79.83675182, 13.87958956]], [[80.32326317, 13.43394434], [80.32403934, 13.43403566], [80.32326317, 13.43394434]], [[80.27447653, 13.45952427], [80.27378952, 13.45907176], [80.27447653, 13.45952427]], [[80.22721291, 13.49093497], [80.22786307, 13.49232721], [80.22721291, 13.49093497]], [[80.23068261, 13.49046505], [80.23391283, 13.49056876], [80.23068261, 13.49046505]], [[80.26643825, 13.51479578], [80.26714802, 13.51744187], [80.26643825, 13.51479578]], [[80.19397223, 13.51999235], [80.19195581, 13.52067971], [80.19397223, 13.51999235]], [[80.18486702, 13.53533065], [80.18377852, 13.53515625], [80.18486702, 13.53533065]], [[80.15050995, 13.61129224], [80.1471194, 13.61031091], [80.12792885, 13.59996915], [80.12822914, 13.57851851], [80.16077793, 13.57798004], [80.15050995, 13.61129224]], [[80.05565548, 13.58852768], [80.05307376, 13.58931196], [80.05565548, 13.58852768]], [[80.09663522, 13.6379168], [80.09709096, 13.63904071], [80.09663522, 13.6379168]], [[80.10329461, 13.63685465], [80.10394084, 13.63732672], [80.10329461, 13.63685465]], [[79.98536432, 12.24500752], [79.98750234, 12.24633968], [79.98536432, 12.24500752]], [[79.75287187, 11.35979974], [79.75464594, 11.36012983], [79.75287187, 11.35979974]], [[79.83749783, 11.23306322], [79.84102845, 11.23317742], [79.83749783, 11.23306322]], [[79.82801998, 11.23570395], [79.82842815, 11.23646593], [79.82801998, 11.23570395]], [[79.7030462, 10.28822541], [79.7026242, 10.28778827], [79.7030462, 10.28822541]], [[79.69785416, 10.29010701], [79.69719732, 10.28984976], [79.69785416, 10.29010701]], [[79.69648623, 10.29013252], [79.69383192, 10.29132021], [79.69648623, 10.29013252]], [[79.69056356, 10.29779994], [79.68877804, 10.29507184], [79.69056356, 10.29779994]], [[79.68609583, 10.29787815], [79.68523896, 10.29834175], [79.68609583, 10.29787815]], [[79.6077162, 10.30231786], [79.60558605, 10.30197775], [79.6077162, 10.30231786]], [[79.71056974, 10.30743516], [79.70497656, 10.30643177], [79.71056974, 10.30743516]], [[79.69375765, 10.30819571], [79.69244361, 10.30803633], [79.69375765, 10.30819571]], [[79.67627037, 10.30973935], [79.66978705, 10.30655384], [79.67627037, 10.30973935]], [[79.62360406, 10.30677521], [79.62371016, 10.30865777], [79.62360406, 10.30677521]], [[79.60586834, 10.30621684], [79.60987985, 10.30932212], [79.60586834, 10.30621684]], [[79.71449256, 10.31058586], [79.71576667, 10.31152284], [79.71449256, 10.31058586]], [[79.61667454, 10.30649745], [79.61907446, 10.30734587], [79.61667454, 10.30649745]], [[79.63025391, 10.30642557], [79.63122678, 10.30664945], [79.63025391, 10.30642557]], [[79.63151121, 10.33321583], [79.62971008, 10.33051574], [79.63151121, 10.33321583]], [[79.62530553, 10.34363461], [79.62511396, 10.3387959], [79.62530553, 10.34363461]], [[79.62249637, 10.29721415], [79.62817144, 10.29713476], [79.62249637, 10.29721415]], [[78.48778951, 9.13474715], [78.485484, 9.13373113], [78.48778951, 9.13474715]], [[78.11556745, 8.62564993], [78.11997044, 8.62683976], [78.12222135, 8.63622928], [78.11556745, 8.62564993]], [[78.12027407, 8.61733615], [78.11926281, 8.61521172], [78.12027407, 8.61733615]], [[78.11050165, 8.61640584], [78.11006415, 8.61481726], [78.11050165, 8.61640584]], [[78.12735832, 8.59632826], [78.12585247, 8.59495842], [78.12735832, 8.59632826]], [[76.56527507, 8.95119548], [76.5633527, 8.95056701], [76.56527507, 8.95119548]], [[76.60731316, 8.96042311], [76.60809755, 8.96201766], [76.60731316, 8.96042311]], [[76.55207515, 8.95578504], [76.55103016, 8.95653725], [76.55207515, 8.95578504]], [[76.54666281, 8.95772803], [76.54475033, 8.95896125], [76.54666281, 8.95772803]], [[76.3107233, 9.88724184], [76.3177309, 9.88675785], [76.3107233, 9.88724184]], [[76.28820252, 9.84423101], [76.2890625, 9.84430802], [76.28820252, 9.84423101]], [[76.34726095, 9.86928201], [76.34926975, 9.86640656], [76.35680151, 9.85989904], [76.34726095, 9.86928201]], [[76.37533414, 9.83786607], [76.37645161, 9.83935845], [76.37533414, 9.83786607]], [[76.37628841, 9.83718693], [76.37647092, 9.83678961], [76.37628841, 9.83718693]], [[76.3247323, 9.80726826], [76.32677865, 9.80784738], [76.3247323, 9.80726826]], [[76.37006366, 9.82429206], [76.37046003, 9.82441378], [76.37006366, 9.82429206]], [[76.37314403, 9.82144904], [76.37355363, 9.82434714], [76.37314403, 9.82144904]], [[76.37285125, 9.75114512], [76.37310386, 9.75126266], [76.37285125, 9.75114512]], [[76.38095355, 9.71452284], [76.38121915, 9.71469641], [76.38095355, 9.71452284]], [[76.38451016, 9.61344933], [76.38593864, 9.61435747], [76.38451016, 9.61344933]], [[76.38331366, 9.53495491], [76.42572284, 9.54972625], [76.38331366, 9.53495491]], [[76.43553746, 9.5285933], [76.43887782, 9.52799344], [76.43553746, 9.5285933]], [[76.46797836, 9.52949405], [76.47898543, 9.52985477], [76.46797836, 9.52949405]], [[76.43458045, 9.55133915], [76.40602314, 9.54227054], [76.43458045, 9.55133915]], [[76.40360761, 9.54170263], [76.38246405, 9.5339061], [76.40360761, 9.54170263]], [[76.37070346, 10.11335564], [76.37215471, 10.11345208], [76.37070346, 10.11335564]], [[76.20357251, 10.19620526], [76.20356083, 10.19748652], [76.20357251, 10.19620526]], [[76.22335172, 10.20940733], [76.2252568, 10.2088716], [76.22335172, 10.20940733]], [[76.2200278, 10.22212756], [76.21928692, 10.22142303], [76.2200278, 10.22212756]], [[76.22944033, 10.22131884], [76.23024833, 10.22145557], [76.22944033, 10.22131884]], [[76.23524082, 10.22755587], [76.23303485, 10.22799313], [76.23524082, 10.22755587]], [[76.23897791, 10.22755456], [76.24448085, 10.22868025], [76.23897791, 10.22755456]], [[76.05174613, 10.53539467], [76.05106246, 10.53549874], [76.05174613, 10.53539467]], [[76.07423842, 10.50818181], [76.07447731, 10.50928354], [76.07423842, 10.50818181]], [[76.04988956, 10.53914714], [76.04958534, 10.53631723], [76.04988956, 10.53914714]], [[75.95075774, 10.80508435], [75.94448555, 10.80269861], [75.95075774, 10.80508435]], [[75.93167603, 10.79714036], [75.92833173, 10.79601216], [75.93167603, 10.79714036]], [[75.83814394, 11.13411415], [75.83522797, 11.13322401], [75.83814394, 11.13411415]], [[75.81082344, 11.15940917], [75.81119096, 11.15981936], [75.81082344, 11.15940917]], [[75.87232304, 11.2135725], [75.86784565, 11.20932436], [75.87232304, 11.2135725]], [[75.60358822, 11.56268013], [75.60413802, 11.56268263], [75.60358822, 11.56268013]], [[75.36825216, 11.94101906], [75.36586261, 11.93609381], [75.36825216, 11.94101906]], [[75.36748612, 11.94111228], [75.36741006, 11.94160342], [75.36512673, 11.93715704], [75.36748612, 11.94111228]], [[75.38845718, 11.96476853], [75.38331437, 11.96222222], [75.38845718, 11.96476853]], [[75.38620412, 11.96565676], [75.38606167, 11.96683943], [75.38620412, 11.96565676]], [[75.42712235, 12.01471615], [75.42792833, 12.01559031], [75.42712235, 12.01471615]], [[75.3001461, 11.96039331], [75.30087435, 11.95796716], [75.3001461, 11.96039331]], [[75.28519857, 11.98422182], [75.28474963, 11.98373044], [75.28519857, 11.98422182]], [[75.29256475, 12.0114001], [75.29183435, 12.01120615], [75.29256475, 12.0114001]], [[75.29616785, 12.02099824], [75.29541385, 12.02047408], [75.29616785, 12.02099824]], [[75.19351685, 12.11613655], [75.19275212, 12.11555922], [75.19351685, 12.11613655]], [[74.87301385, 12.83627295], [74.87768066, 12.83982122], [74.87301385, 12.83627295]], [[74.90469074, 12.85607731], [74.90212131, 12.85602665], [74.90469074, 12.85607731]], [[74.91514087, 12.86071897], [74.91498172, 12.86099446], [74.91514087, 12.86071897]], [[74.83033013, 12.86231995], [74.82938695, 12.86125827], [74.83033013, 12.86231995]], [[74.82928717, 12.86796248], [74.82824862, 12.86634088], [74.82928717, 12.86796248]], [[74.82231176, 12.87583697], [74.82230783, 12.87272108], [74.82231176, 12.87583697]], [[74.84087968, 12.94553173], [74.83648765, 12.94345117], [74.84087968, 12.94553173]], [[74.86225843, 12.94566762], [74.85932946, 12.94830787], [74.86225843, 12.94566762]], [[74.72535086, 13.28530061], [74.72625077, 13.28532255], [74.72535086, 13.28530061]], [[74.72807705, 13.27861786], [74.72830522, 13.27914214], [74.72807705, 13.27861786]], [[74.70029676, 13.42216074], [74.70097673, 13.42234266], [74.70029676, 13.42216074]], [[74.70234776, 13.41977823], [74.70251846, 13.41919315], [74.70234776, 13.41977823]], [[74.69916916, 13.42165565], [74.69895744, 13.42137361], [74.69916916, 13.42165565]], [[74.72681308, 13.4114598], [74.72766626, 13.41160333], [74.72500682, 13.41281772], [74.72681308, 13.4114598]], [[74.73067665, 13.40800643], [74.73247933, 13.40813565], [74.73067665, 13.40800643]], [[74.73999941, 13.40284002], [74.74082124, 13.40329981], [74.73999941, 13.40284002]], [[74.67675877, 13.61779428], [74.67751813, 13.61904097], [74.67675877, 13.61779428]], [[74.71602941, 13.63856471], [74.71631646, 13.63914001], [74.71602941, 13.63856471]], [[74.71079385, 13.64238751], [74.71084881, 13.64270163], [74.71079385, 13.64238751]], [[74.70995653, 13.64015293], [74.71208274, 13.63932836], [74.70995653, 13.64015293]], [[74.68417287, 13.64508247], [74.68195677, 13.64276671], [74.68417287, 13.64508247]], [[74.72747326, 13.6342622], [74.72856832, 13.63437235], [74.72747326, 13.6342622]], [[74.67956805, 13.66860521], [74.67953682, 13.67127466], [74.67956805, 13.66860521]], [[74.45477545, 14.26656187], [74.45622528, 14.2646265], [74.45477545, 14.26656187]], [[74.46594465, 14.26461911], [74.46667886, 14.26459086], [74.46594465, 14.26461911]], [[74.45392585, 14.26464605], [74.45073211, 14.26690924], [74.45392585, 14.26464605]], [[74.47115648, 14.26264322], [74.46898615, 14.26307583], [74.47115648, 14.26264322]], [[74.44244564, 14.26771831], [74.44037974, 14.26746655], [74.44244564, 14.26771831]], [[74.47776353, 14.25634944], [74.47875047, 14.25776553], [74.47776353, 14.25634944]], [[74.38341355, 14.49672472], [74.38316286, 14.48731208], [74.38327944, 14.50955844], [74.38341355, 14.49672472]], [[74.38878274, 14.50129354], [74.38934922, 14.50173378], [74.38878274, 14.50129354]], [[74.38451564, 14.48193514], [74.38368845, 14.48154986], [74.38451564, 14.48193514]], [[74.37272978, 14.55215764], [74.36593115, 14.55210841], [74.37272978, 14.55215764]], [[74.33080804, 14.60862756], [74.32705307, 14.60968363], [74.33080804, 14.60862756]], [[74.16014457, 14.85711157], [74.15728354, 14.85564137], [74.16014457, 14.85711157]], [[74.17230797, 14.86304855], [74.16913283, 14.86124825], [74.17230797, 14.86304855]], [[74.22990894, 14.86754715], [74.22646987, 14.86771703], [74.22990894, 14.86754715]], [[74.2880125, 14.89186227], [74.29131806, 14.89153361], [74.2880125, 14.89186227]], [[73.94862771, 15.17242372], [73.94657183, 15.17121565], [73.94862771, 15.17242372]], [[73.86294031, 15.40342402], [73.86463475, 15.4034847], [73.86294031, 15.40342402]], [[73.97867715, 15.36242986], [73.97978055, 15.36265326], [73.97867715, 15.36242986]], [[73.97985625, 15.35382903], [73.98189807, 15.35877156], [73.97985625, 15.35382903]], [[74.01033282, 15.31073356], [74.01029134, 15.31098366], [74.01033282, 15.31073356]], [[73.88055718, 15.50448263], [73.88992596, 15.50455594], [73.91074312, 15.54159343], [73.88055718, 15.50448263]], [[73.91367006, 15.5465672], [73.91324496, 15.54697084], [73.91367006, 15.5465672]], [[73.49434876, 15.99944687], [73.493981, 15.99609375], [73.49434876, 15.99944687]], [[73.49949956, 16.00897372], [73.49642074, 16.00743353], [73.49949956, 16.00897372]], [[73.51887035, 16.01625872], [73.51618946, 16.01618302], [73.51887035, 16.01625872]], [[73.46380973, 16.13865685], [73.46160364, 16.13539696], [73.46380973, 16.13865685]], [[73.48068535, 16.16177452], [73.47841716, 16.16118026], [73.48068535, 16.16177452]], [[73.45493186, 16.49451101], [73.45530713, 16.494614], [73.45493186, 16.49451101]], [[73.38872826, 16.61855435], [73.38985705, 16.61889625], [73.38872826, 16.61855435]], [[73.44711435, 17.58074856], [73.44740236, 17.58100164], [73.44711435, 17.58074856]], [[73.44890881, 17.58209038], [73.45370841, 17.58331347], [73.44890881, 17.58209038]], [[73.44069576, 17.58646917], [73.44059896, 17.58629084], [73.44069576, 17.58646917]], [[73.43771172, 17.58673835], [73.43813443, 17.58924925], [73.43771172, 17.58673835]], [[73.45065284, 17.58058465], [73.45067203, 17.58039248], [73.45065284, 17.58058465]], [[73.03817058, 18.05172408], [73.03768373, 18.05170822], [73.03817058, 18.05172408]], [[73.07869184, 18.31035221], [73.07592142, 18.30734062], [73.07869184, 18.31035221]], [[73.08194625, 18.3220402], [73.08065796, 18.31907475], [73.08194625, 18.3220402]], [[73.0469681, 18.48369825], [73.05424654, 18.48494375], [73.0469681, 18.48369825]], [[73.08042085, 18.46946466], [73.08020413, 18.47135377], [73.08042085, 18.46946466]], [[72.90371752, 18.95632815], [72.90659952, 18.95784497], [72.90110815, 18.94883728], [72.90371752, 18.95632815]], [[72.92584145, 18.95805061], [72.92800355, 18.95763636], [72.92584145, 18.95805061]], [[73.02586818, 18.9997586], [73.02597976, 18.99778342], [73.02586818, 18.9997586]], [[73.05919135, 18.99627745], [73.06060708, 18.99647808], [73.05919135, 18.99627745]], [[73.06473875, 19.02152872], [73.0642966, 19.02120376], [73.06473875, 19.02152872]], [[72.99885428, 19.25541925], [72.99897552, 19.25567055], [72.99885428, 19.25541925]], [[72.87612498, 19.52609015], [72.87546635, 19.52622175], [72.87612498, 19.52609015]], [[72.87385881, 19.52682436], [72.87324286, 19.52807415], [72.87385881, 19.52682436]], [[72.88686836, 19.56136894], [72.88444936, 19.56092966], [72.88686836, 19.56136894]], [[72.89218485, 20.73977244], [72.89302885, 20.73983002], [72.89218485, 20.73977244]], [[72.84497297, 20.76316977], [72.84478462, 20.762887], [72.84497297, 20.76316977]], [[71.38773775, 20.86697185], [71.38631737, 20.86509788], [71.38773775, 20.86697185]], [[71.51637876, 20.90451944], [71.52047086, 20.90325701], [71.51637876, 20.90451944]], [[72.84225845, 20.94371116], [72.84467626, 20.94380701], [72.84225845, 20.94371116]], [[71.64825106, 20.97771573], [71.64518094, 20.97656953], [71.64825106, 20.97771573]], [[71.68156254, 20.99162936], [71.68683505, 20.99140882], [71.68156254, 20.99162936]], [[71.69762528, 20.99629307], [71.70211542, 20.99634981], [71.69762528, 20.99629307]], [[71.70979536, 20.99644434], [71.71270215, 20.99706316], [71.70979536, 20.99644434]], [[72.64722693, 21.07613957], [72.64610577, 21.07576513], [72.64722693, 21.07613957]], [[72.69177413, 21.09726345], [72.69377494, 21.1008805], [72.67381072, 21.11893201], [72.69177413, 21.09726345]], [[72.67891514, 21.09885335], [72.67862213, 21.09871805], [72.67891514, 21.09885335]], [[72.67624855, 21.09963751], [72.67321873, 21.10415244], [72.67624855, 21.09963751]], [[72.69984305, 21.11226106], [72.70112932, 21.11235571], [72.69984305, 21.11226106]], [[72.75116575, 21.15807414], [72.75008774, 21.15739965], [72.75116575, 21.15807414]], [[72.10312533, 21.27412546], [72.10235441, 21.27078676], [72.10312533, 21.27412546]], [[72.58748865, 21.33988571], [72.58721566, 21.33965886], [72.58748865, 21.33988571]], [[72.58373916, 21.36493707], [72.58014226, 21.36427176], [72.58373916, 21.36493707]], [[72.60047114, 21.38696992], [72.59806204, 21.38605666], [72.60047114, 21.38696992]], [[72.62648392, 21.41087115], [72.62737417, 21.41299522], [72.62648392, 21.41087115]], [[72.63336122, 21.41195011], [72.63566947, 21.41322351], [72.63336122, 21.41195011]], [[72.67641342, 21.4453125], [72.67633057, 21.4453125], [72.67641342, 21.4453125]], [[72.36154354, 21.60260034], [72.35943663, 21.60238981], [72.36429882, 21.59580004], [72.36154354, 21.60260034]], [[72.60283446, 21.62034893], [72.60290122, 21.62109375], [72.58892095, 21.63318944], [72.60283446, 21.62034893]], [[72.5839473, 21.62906265], [72.5813266, 21.6267209], [72.5839473, 21.62906265]], [[72.59937418, 21.63700855], [72.60215473, 21.63911784], [72.59937418, 21.63700855]], [[72.61789727, 21.63842761], [72.62023354, 21.63909614], [72.61789727, 21.63842761]], [[72.61729658, 21.63851285], [72.61493194, 21.63682342], [72.61729658, 21.63851285]], [[72.61029065, 21.62962735], [72.61056364, 21.629776], [72.61029065, 21.62962735]], [[72.60720336, 21.61892796], [72.60739327, 21.61917615], [72.60720336, 21.61892796]], [[72.72310197, 21.64322794], [72.72724915, 21.64389765], [72.71282375, 21.65387762], [72.72310197, 21.64322794]], [[72.86767423, 21.66918635], [72.86655712, 21.66816914], [72.87665415, 21.68395805], [72.86767423, 21.66918635]], [[72.85485816, 21.66954052], [72.85478997, 21.66698551], [72.85485816, 21.66954052]], [[73.09425747, 21.72945392], [73.09013545, 21.72917104], [73.09425747, 21.72945392]], [[73.06035912, 21.71908724], [73.05918086, 21.71823084], [73.06035912, 21.71908724]], [[73.16590667, 21.77885294], [73.16635311, 21.78184712], [73.16590667, 21.77885294]], [[73.17173982, 21.7836138], [73.17264736, 21.78371406], [73.17173982, 21.7836138]], [[73.16760445, 21.77685475], [73.16820586, 21.77727246], [73.16760445, 21.77685475]], [[73.2804594, 21.90457344], [73.28120255, 21.90498567], [73.2804594, 21.90457344]], [[73.28691602, 21.89903235], [73.28772366, 21.89936471], [73.28691602, 21.89903235]], [[73.29571617, 21.89475584], [73.29631722, 21.89527392], [73.29571617, 21.89475584]], [[73.59387445, 21.94345045], [73.59397316, 21.94404686], [73.59387445, 21.94345045]], [[73.59575367, 21.93733704], [73.59634495, 21.93814623], [73.59575367, 21.93733704]], [[73.14231467, 21.86355996], [73.13887107, 21.86169398], [73.14231467, 21.86355996]], [[72.28200924, 21.72248018], [72.28082585, 21.72777355], [72.28200924, 21.72248018]], [[72.57898366, 21.84238875], [72.55832815, 21.83464253], [72.57898366, 21.84238875]], [[72.52869594, 21.86969864], [72.52839982, 21.86815286], [72.52869594, 21.86969864]], [[72.35702646, 21.93148828], [72.35794282, 21.93039525], [72.35702646, 21.93148828]], [[72.46966958, 22.20358157], [72.47241712, 22.20325327], [72.46966958, 22.20358157]], [[72.37099504, 22.21414626], [72.37036014, 22.22283244], [72.37099504, 22.21414626]], [[72.38787723, 22.21001267], [72.39203405, 22.21011007], [72.38787723, 22.21001267]], [[72.2143383, 22.00127745], [72.21621144, 22.00275612], [72.2143383, 22.00127745]], [[69.7246294, 21.56268442], [69.72471142, 21.56324136], [69.7246294, 21.56268442]], [[69.73675478, 21.59555054], [69.73744535, 21.60098195], [69.73675478, 21.59555054]], [[69.09401572, 22.45156276], [69.09263313, 22.45183921], [69.09540474, 22.43095136], [69.14656985, 22.46334386], [69.09401572, 22.45156276]], [[69.29312253, 22.45888865], [69.29889917, 22.45640945], [69.2987442, 22.47083843], [69.29312253, 22.45888865]], [[69.61271155, 22.45071852], [69.609375, 22.45117176], [69.6426506, 22.41550791], [69.62608671, 22.45957172], [69.61271155, 22.45071852]], [[69.14193404, 22.45763016], [69.14090013, 22.45489836], [69.14193404, 22.45763016]], [[69.27760506, 22.41809475], [69.27972543, 22.41951585], [69.27760506, 22.41809475]], [[69.27895224, 22.41535306], [69.28063416, 22.41586256], [69.27895224, 22.41535306]], [[69.48146653, 22.38826561], [69.48497224, 22.38774371], [69.48146653, 22.38826561]], [[69.33514881, 22.38897908], [69.33388794, 22.38798487], [69.33514881, 22.38897908]], [[69.19495165, 22.37446845], [69.19445336, 22.37263191], [69.19495165, 22.37446845]], [[69.21516097, 22.38369465], [69.21341574, 22.38456726], [69.21516097, 22.38369465]], [[69.20049715, 22.38476038], [69.20234966, 22.38659525], [69.20049715, 22.38476038]], [[69.18416977, 22.36449563], [69.18514955, 22.3638519], [69.18416977, 22.36449563]], [[69.44673586, 22.35635591], [69.43987346, 22.35645807], [69.44673586, 22.35635591]], [[69.31196237, 22.30331898], [69.31036115, 22.30616796], [69.30952156, 22.30421615], [69.31196237, 22.30331898]], [[70.42590547, 22.89710855], [70.42968047, 22.90083444], [70.42590547, 22.89710855]], [[70.36347926, 22.93541586], [70.38118327, 22.94310963], [70.393278, 23.03062475], [70.36607432, 23.10098875], [70.27193904, 23.09711683], [70.23648596, 22.97961235], [70.30678141, 22.94549966], [70.36347926, 22.93541586]], [[70.27278495, 23.10259116], [70.27823174, 23.11544263], [70.21499217, 23.07372701], [70.27278495, 23.10259116]], [[70.21891153, 23.09338987], [70.21940255, 23.09458327], [70.21891153, 23.09338987]], [[70.22137487, 23.09668005], [70.22229815, 23.09672272], [70.22137487, 23.09668005]], [[70.29611874, 23.10229266], [70.29750741, 23.10271251], [70.29611874, 23.10229266]], [[70.30040967, 23.10167992], [70.30307066, 23.09971845], [70.30628705, 23.11052024], [70.30040967, 23.10167992]], [[70.36480415, 23.10543931], [70.37168574, 23.09634912], [70.40516043, 23.05279982], [70.53385711, 23.14414084], [70.4615283, 23.15779555], [70.35202515, 23.10999167], [70.36480415, 23.10543931]], [[70.46482575, 23.15739632], [70.46595526, 23.15834832], [70.46482575, 23.15739632]], [[70.46973813, 23.05808616], [70.46452343, 23.05578101], [70.48225057, 23.06526995], [70.46973813, 23.05808616]], [[70.43998301, 23.02734375], [70.43978977, 23.02734375], [70.43998301, 23.02734375]], [[70.43576026, 22.98331976], [70.43449914, 22.98213232], [70.43576026, 22.98331976]], [[70.44143307, 23.04932475], [70.43340445, 23.04820335], [70.44143307, 23.04932475]], [[70.45023942, 23.05001867], [70.45062077, 23.05010867], [70.45023942, 23.05001867]], [[70.45670021, 23.05489683], [70.4582901, 23.05555403], [70.45670021, 23.05489683]], [[70.46078932, 23.0552783], [70.46114886, 23.05548728], [70.46078932, 23.0552783]], [[70.45213103, 23.06043005], [70.44666231, 23.05831218], [70.45213103, 23.06043005]], [[70.39490592, 23.04197001], [70.39277303, 23.04572952], [70.39490592, 23.04197001]], [[70.39760995, 23.04102886], [70.40067363, 23.04230475], [70.39760995, 23.04102886]], [[70.43093073, 22.92764676], [70.43211782, 22.92635334], [70.46927846, 22.89323962], [70.43093073, 22.92764676]], [[70.47773814, 22.92106104], [70.47836566, 22.92119968], [70.47773814, 22.92106104]], [[69.63601887, 22.77977323], [69.63562667, 22.77947474], [69.63601887, 22.77977323]], [[68.6073333, 23.22248793], [68.60855556, 23.22367227], [68.6073333, 23.22248793]], [[68.63642383, 23.22945964], [68.63436043, 23.22805524], [68.63642383, 23.22945964]], [[68.63206601, 23.22937965], [68.63145256, 23.22874737], [68.63206601, 23.22937965]], [[68.6586076, 23.27109313], [68.65797615, 23.27083075], [68.6586076, 23.27109313]], [[68.70825124, 23.30634618], [68.70868528, 23.30779803], [68.70825124, 23.30634618]], [[68.58656478, 23.37890625], [68.58628845, 23.37890625], [68.58656478, 23.37890625]], [[68.59874082, 23.79651594], [68.60155106, 23.79592526], [68.59874082, 23.79651594]], [[68.59636855, 23.81249535], [68.59384251, 23.81184983], [68.59636855, 23.81249535]], [[68.70852017, 23.84925711], [68.71047425, 23.84866226], [68.70852017, 23.84925711]], [[68.70083213, 23.85169077], [68.70014524, 23.85249972], [68.70083213, 23.85169077]], [[68.52272665, 23.85979795], [68.53273475, 23.87601566], [68.58761776, 23.92125142], [68.53693616, 23.91703355], [68.48659694, 23.89031923], [68.52272665, 23.85979795]], [[68.53309345, 23.87360251], [68.5318706, 23.87266922], [68.53309345, 23.87360251]]], [[[68.7585057, 24.05859435], [68.7585057, 24.05859435], [68.79038715, 24.08468175], [68.8256067, 24.04098594], [68.82918751, 24.03629673], [68.7585057, 24.05859435]]]]}}]}