{"type": "FeatureCollection", "features": [{"type": "Feature", "properties": {"mrgid": 8483, "geoname": "Malaysian Exclusive Economic Zone", "mrgid_ter1": 2230, "pol_type": "200NM", "mrgid_sov1": 2230, "territory1": "Malaysia", "iso_ter1": "MYS", "sovereign1": "Malaysia", "mrgid_ter2": null, "mrgid_sov2": null, "territory2": null, "iso_ter2": null, "sovereign2": null, "mrgid_ter3": null, "mrgid_sov3": null, "territory3": null, "iso_ter3": null, "sovereign3": null, "x_1": 109.27469, "y_1": 5.16367, "mrgid_eez": 8483, "area_km2": 517589, "iso_sov1": "MYS", "iso_sov2": null, "iso_sov3": null, "un_sov1": 458, "un_sov2": null, "un_sov3": null, "un_ter1": 458, "un_ter2": null, "un_ter3": null}, "geometry": {"type": "MultiPolygon", "coordinates": [[[[114.03056391, 4.84208093], [114.03206016, 4.84029686], [114.07479858, 4.58975095], [113.97278905, 4.56618786], [113.97896767, 4.39453125], [113.96896267, 4.35379505], [113.81509304, 4.11576235], [113.70579195, 3.96872234], [113.5084939, 3.78763986], [113.42157614, 3.73369634], [113.35763335, 3.6036514], [113.30093634, 3.515625], [113.17096722, 3.39160526], [113.11971557, 3.3164618], [113.06757867, 3.26162875], [113.04101658, 3.19519365], [113.09528196, 3.14738381], [113.24434721, 3.12784767], [113.36255765, 3.15206456], [113.25405765, 3.12568593], [113.11173534, 3.13254344], [113.01113486, 3.1640625], [112.78078878, 3.0834558], [112.44648313, 2.99665165], [112.09541571, 2.89962494], [111.86917412, 2.84178543], [111.88688242, 2.84882045], [111.89996266, 2.82308781], [111.89963496, 2.8125], [111.89843357, 2.83709085], [111.88174522, 2.8561691], [111.75348854, 2.85707474], [111.77853274, 2.80521595], [111.8299067, 2.73083544], [111.8175683, 2.65802085], [111.82376885, 2.60961771], [111.84092176, 2.55882001], [111.8604691, 2.44465792], [111.78520465, 2.38163006], [111.83331406, 2.32949054], [111.83667123, 2.25350225], [111.95942175, 2.15359831], [112.12651861, 2.12968576], [112.19497156, 2.07996535], [112.3332051, 2.05796885], [112.53748572, 2.01643157], [112.80637252, 2.01398027], [113.03434455, 2.0316838], [113.07793558, 2.14149606], [113.05889344, 2.19362414], [113.14885044, 2.1928339], [113.15456438, 2.25352526], [113.10493672, 2.28007257], [113.15489006, 2.26800418], [113.15711486, 2.18512452], [113.06015015, 2.19248986], [113.07990825, 2.10229385], [113.03793275, 2.03343022], [112.89765656, 2.01593351], [112.66321552, 2.01060271], [112.35307467, 2.04211855], [112.19176233, 2.07815123], [112.11594856, 2.12447095], [111.89477932, 2.21785235], [111.81159782, 2.27493036], [111.78685176, 2.24673176], [111.68723226, 2.2867583], [111.63945425, 2.21671546], [111.58852768, 2.18668127], [111.53338122, 2.15230525], [111.46308362, 2.15819085], [111.40305781, 2.14857364], [111.35895526, 2.13044655], [111.40421915, 2.11615181], [111.41208303, 2.109375], [111.34674084, 2.109375], [111.38097727, 2.10783923], [111.34989977, 2.04981446], [111.29003525, 2.04990435], [111.28213584, 2.07223535], [111.243276, 2.06941402], [111.245965, 2.0357722], [111.18928051, 2.03580737], [111.10540664, 1.82993925], [111.13267827, 1.83728957], [111.13354874, 1.85266531], [111.15933466, 1.84003496], [111.14072025, 1.77357137], [111.16202044, 1.72909307], [111.22238445, 1.73108554], [111.28086674, 1.74090076], [111.26377106, 1.75090802], [111.21995378, 1.71877062], [111.15999031, 1.72705746], [111.14554048, 1.78778851], [111.09901702, 1.77670884], [111.13051331, 1.69896925], [111.21549368, 1.65060222], [111.31032395, 1.61206627], [111.30570567, 1.58893323], [111.29499245, 1.59121585], [111.30826342, 1.61785376], [111.25139511, 1.58203125], [111.26588976, 1.49767244], [111.32578254, 1.52365875], [111.40319014, 1.48402154], [111.46071005, 1.44435716], [111.48674536, 1.42469466], [111.45660067, 1.46983385], [111.36565006, 1.5068289], [111.27106583, 1.48021925], [111.24190843, 1.58203125], [111.19929385, 1.63722754], [111.08810163, 1.68109536], [111.01400852, 1.64479804], [111.00537336, 1.52448475], [111.13801491, 1.41510773], [111.27790165, 1.40625], [111.40044165, 1.34412396], [111.4510324, 1.27204227], [111.484375, 1.23046875], [111.47429824, 1.24374545], [111.40288734, 1.32800055], [111.26587451, 1.38126898], [111.17345464, 1.33171988], [111.17273855, 1.32556164], [111.12069654, 1.38970637], [110.91459727, 1.52595568], [110.76537955, 1.55346894], [110.65070665, 1.42620754], [110.64453125, 1.40625], [110.7421875, 1.48995531], [110.67716002, 1.56296456], [110.64146197, 1.58203125], [110.57233226, 1.59579575], [110.49485803, 1.56527448], [110.50599945, 1.5374428], [110.51085246, 1.48816383], [110.53383708, 1.43066084], [110.52407515, 1.40906966], [110.51347685, 1.43968284], [110.48061216, 1.51680803], [110.44607568, 1.56768036], [110.42523074, 1.49929523], [110.38704932, 1.49095404], [110.40299547, 1.56781733], [110.33294582, 1.56751847], [110.27588284, 1.51809645], [110.32905424, 1.57071137], [110.40625, 1.58203125], [110.34718263, 1.6454761], [110.30192566, 1.69218862], [110.30830824, 1.63652086], [110.31581855, 1.61790752], [110.30821395, 1.6216011], [110.26095176, 1.61555183], [110.23853135, 1.61592722], [110.22689962, 1.65175605], [110.20218396, 1.69905245], [110.13506627, 1.67020702], [110.08893895, 1.65975273], [110.12871385, 1.69887435], [109.99175537, 1.68627334], [109.92456591, 1.63857985], [109.97584558, 1.69373453], [109.88623404, 1.68545043], [109.85856581, 1.67217255], [109.86232197, 1.61816967], [109.8564136, 1.63301933], [109.89410806, 1.64835131], [109.92492712, 1.69795728], [109.88206875, 1.74958014], [109.85141361, 1.77162385], [109.79381394, 1.78892303], [109.68427086, 1.87648416], [109.64577067, 1.94973683], [109.65245152, 1.99773395], [109.98333333, 5.52], [109.86296654, 6.15146528], [110.05019616, 6.21327052], [110.21765825, 6.25839209], [110.39036407, 6.29505559], [110.51150889, 6.31527992], [110.65817807, 6.33400148], [110.82581114, 6.34703368], [110.9688529, 6.35138308], [111.12167122, 6.40345758], [111.25532599, 6.59868747], [111.37900541, 6.7566564], [111.51144592, 6.90631755], [111.65168592, 7.04692002], [114.03056391, 4.84208093]], [[113.94068432, 4.58941627], [113.94793522, 4.59892046], [113.94068432, 4.58941627]], [[111.00000191, 2.99842095], [111.00009394, 2.99924242], [111.00000191, 2.99842095]], [[111.63286376, 2.84802103], [111.63066137, 2.84559822], [111.59793591, 2.79403675], [111.46333444, 2.71308815], [111.42680085, 2.50754702], [111.51489544, 2.46588254], [111.5767163, 2.46927845], [111.62573075, 2.49227273], [111.70610893, 2.53445733], [111.7057476, 2.63468325], [111.71272123, 2.69360721], [111.74101424, 2.64628625], [111.68636513, 2.6030339], [111.65218616, 2.50203574], [111.60199332, 2.40532815], [111.63633716, 2.36183357], [111.72639573, 2.27960527], [111.79238915, 2.23961031], [111.81540894, 2.2965821], [111.80792511, 2.35707033], [111.82821465, 2.42288685], [111.84655166, 2.48896945], [111.82837713, 2.58078194], [111.80502975, 2.60339367], [111.84270227, 2.69939721], [111.77783835, 2.79637694], [111.67675447, 2.82045031], [111.63286376, 2.84802103]], [[111.81145895, 2.23867905], [111.81194532, 2.24132013], [111.81145895, 2.23867905]], [[111.66789591, 2.29255021], [111.67230415, 2.30120754], [111.59985435, 2.3228842], [111.52697885, 2.34687758], [111.49299753, 2.30468643], [111.49198806, 2.30140161], [111.46972322, 2.35990441], [111.46182108, 2.29252326], [111.57917035, 2.19440293], [111.65046167, 2.2352072], [111.66789591, 2.29255021]], [[111.50436497, 2.21196961], [111.50305402, 2.21085262], [111.41525686, 2.18747032], [111.38208735, 2.14990366], [111.46536362, 2.16420805], [111.52650177, 2.15090644], [111.50436497, 2.21196961]], [[111.35864592, 2.16626513], [111.36357367, 2.16632414], [111.40535045, 2.19210327], [111.35718715, 2.18684018], [111.30663228, 2.27591193], [111.2214607, 2.23603344], [111.15921247, 2.15718555], [111.28311741, 2.14209235], [111.34657145, 2.16157115], [111.35864592, 2.16626513]], [[111.27538157, 2.12606597], [111.27344501, 2.12702012], [111.24683404, 2.10227036], [111.22250962, 2.09335995], [111.28837991, 2.11676896], [111.27538157, 2.12606597]], [[111.28921747, 2.109375], [111.28465164, 2.10172164], [111.31803024, 2.06111205], [111.29954934, 2.109375], [111.28921747, 2.109375]], [[111.20490563, 2.24251604], [111.20876431, 2.24801886], [111.28248632, 2.21244216], [111.300457, 2.32187808], [111.32677531, 2.39257813], [111.28076851, 2.33744717], [111.27755702, 2.33994937], [111.30562794, 2.38312292], [111.23984504, 2.39650953], [111.25372458, 2.36400092], [111.24740374, 2.35567045], [111.23762572, 2.40406275], [111.18395925, 2.35320294], [111.20490563, 2.24251604]], [[111.3125, 2.42499995], [111.32694435, 2.41777766], [111.41916657, 2.37305546], [111.38055551, 2.51833332], [111.38305545, 2.73555553], [111.30361116, 2.77861094], [111.27972221, 2.67444444], [111.31055546, 2.51305544], [111.3125, 2.42499995]], [[111.39374876, 2.76263523], [111.38362575, 2.75386214], [111.39374876, 2.76263523]], [[111.40805554, 2.51111114], [111.41166663, 2.50861096], [111.40805554, 2.51111114]], [[111.39089024, 2.48675537], [111.3925879, 2.48337722], [111.49040484, 2.35302687], [111.57370925, 2.33090794], [111.59813583, 2.38776767], [111.55994785, 2.44254887], [111.48455834, 2.47762418], [111.39089024, 2.48675537]], [[111.59462357, 2.43731606], [111.59475517, 2.43914235], [111.59462357, 2.43731606]], [[111.4453125, 2.37304676], [111.44002676, 2.37721205], [111.3693248, 2.33408666], [111.3517673, 2.34472644], [111.32548773, 2.31539261], [111.35288417, 2.28515625], [111.39481544, 2.24224877], [111.44216406, 2.26374078], [111.44849634, 2.32499993], [111.4453125, 2.37304676]], [[111.44318688, 2.26272845], [111.44271016, 2.26262414], [111.37997043, 2.25097644], [111.34156525, 2.28350925], [111.31257677, 2.31843746], [111.35354722, 2.22904134], [111.40345585, 2.21944725], [111.4453125, 2.23549104], [111.47419417, 2.23474133], [111.44318688, 2.26272845]], [[111.47623706, 2.23929918], [111.47734416, 2.23701072], [111.46718454, 2.22515702], [111.43006945, 2.23261917], [111.39213657, 2.20389128], [111.45928144, 2.19635546], [111.47623706, 2.23929918]], [[111.32005012, 2.30417156], [111.32036245, 2.30452371], [111.32005012, 2.30417156]], [[111.40277767, 2.18305552], [111.40499985, 2.18083334], [111.40277767, 2.18305552]], [[109.65451038, 1.96028674], [109.65638876, 1.96055555], [109.65451038, 1.96028674]], [[109.77385914, 1.91418207], [109.77385581, 1.91390562], [109.77385914, 1.91418207]], [[109.76721215, 1.89125872], [109.76776767, 1.89047253], [109.76721215, 1.89125872]], [[109.79061985, 1.79248905], [109.79158854, 1.79193187], [109.79061985, 1.79248905]], [[110.32833326, 1.8011111], [110.3280555, 1.80055547], [110.30583334, 1.74888885], [110.34444428, 1.70388877], [110.37416661, 1.66722214], [110.35472214, 1.74638891], [110.32833326, 1.8011111]], [[110.49249208, 1.75086606], [110.49137247, 1.74862075], [110.49249208, 1.75086606]], [[110.50088882, 1.74640131], [110.50200355, 1.74531794], [110.45980644, 1.73477113], [110.42553413, 1.68171573], [110.37451315, 1.67126524], [110.37047505, 1.60162854], [110.41452265, 1.57696128], [110.45354748, 1.62457442], [110.47895098, 1.66382778], [110.52311385, 1.72695482], [110.50088882, 1.74640131]], [[110.80085087, 1.63973367], [110.80421591, 1.63283384], [110.80085087, 1.63973367]], [[110.48583317, 1.63472223], [110.47749984, 1.63027775], [110.44722223, 1.57166672], [110.44027781, 1.52083325], [110.5155555, 1.51194441], [110.48944438, 1.52833331], [110.52999985, 1.55638885], [110.48583317, 1.63472223]], [[110.45034802, 1.58694684], [110.44965506, 1.58680511], [110.45034802, 1.58694684]], [[110.09444427, 1.73638892], [110.09416664, 1.73749995], [110.09444427, 1.73638892]], [[110.16729426, 1.75951433], [110.16720831, 1.76011038], [110.16729426, 1.75951433]], [[110.16888893, 1.78472221], [110.16888893, 1.78638875], [110.16888893, 1.78472221]], [[110.21500003, 1.70194435], [110.20722222, 1.69222224], [110.21083331, 1.68111098], [110.28611112, 1.63444436], [110.2677778, 1.68027782], [110.27805555, 1.70861113], [110.21500003, 1.70194435]], [[110.28883207, 1.67187405], [110.29280865, 1.66556537], [110.28883207, 1.67187405]], [[110.26507282, 1.62899387], [110.26140046, 1.62786198], [110.26507282, 1.62899387]], [[110.40222216, 1.56444442], [110.39750004, 1.56416655], [110.40222216, 1.56444442]], [[110.98389733, 1.51721144], [110.98465312, 1.51709914], [110.98389733, 1.51721144]], [[111.28498316, 1.36310756], [111.29147351, 1.35602772], [111.28498316, 1.36310756]], [[111.45333433, 1.45673537], [111.45694435, 1.45138884], [111.45333433, 1.45673537]], [[111.46083415, 1.43652725], [111.46111095, 1.43583333], [111.46083415, 1.43652725]], [[111.796875, 2.23270094], [111.79868782, 2.23142171], [111.796875, 2.23270094]], [[111.91187942, 2.20141065], [111.90630722, 2.21079814], [111.91187942, 2.20141065]], [[111.94708765, 2.18367827], [111.94621325, 2.1874994], [111.94708765, 2.18367827]], [[113.05177975, 2.04294026], [113.05001652, 2.03852642], [113.05177975, 2.04294026]], [[113.05347192, 2.04508305], [113.05320966, 2.04403484], [113.05347192, 2.04508305]], [[113.07926857, 2.10049963], [113.07933617, 2.10085428], [113.07926857, 2.10049963]]], [[[102.95842786, 7.66184509], [102.96345667, 7.65914718], [103.07744659, 7.59664401], [103.15567392, 7.55224573], [103.23389666, 7.50783995], [103.31211491, 7.46342683], [103.39032864, 7.41900631], [103.46962339, 7.37396212], [103.54902662, 7.3288475], [103.62837455, 7.2837557], [103.7077558, 7.23863638], [103.83266199, 7.16585398], [103.99986495, 7.05633529], [104.51602035, 6.69703182], [104.70676173, 6.5770183], [104.86817012, 6.4853653], [105.02871999, 6.40301439], [105.18719837, 6.32922024], [105.2778679, 6.28847141], [105.37498096, 6.24481278], [105.47307664, 6.20070441], [105.57131941, 6.15652269], [105.74217128, 6.07764683], [104.56222883, 1.45727742], [104.53257394, 1.36225905], [104.45124985, 1.27810626], [104.35177624, 1.25374886], [104.26537234, 1.25998097], [104.17896409, 1.26617765], [104.08935025, 1.29051197], [104.08805491, 1.39347098], [104.04995267, 1.43808799], [103.98170677, 1.42224991], [103.93780983, 1.42955924], [103.8988492, 1.42696699], [103.86400911, 1.45445895], [103.82223356, 1.47591999], [103.77317685, 1.45515006], [103.72666353, 1.45613761], [103.68801862, 1.43813984], [103.66629712, 1.413392], [103.64699166, 1.37679735], [103.62730442, 1.33349735], [103.5858006, 1.27356903], [103.48445333, 1.21208127], [103.39902192, 1.23865394], [99.51166667, 6.48166667], [99.71636491, 6.47949687], [99.79915016, 6.50675204], [99.88468105, 6.5066923], [99.9579513, 6.47001478], [100.0457294, 6.43534151], [100.12727416, 6.39808285], [100.1953125, 6.25251114], [100.27717662, 6.13493502], [100.3010658, 6.11616063], [100.35098863, 5.97286224], [100.35829866, 5.74774313], [100.38433945, 5.66700316], [100.46043468, 5.68535435], [100.41913676, 5.64056921], [100.39976954, 5.63900435], [100.34228742, 5.67245245], [100.33916366, 5.57873774], [100.37201655, 5.51442671], [100.36806786, 5.38438284], [100.40730751, 5.34072936], [100.40945518, 5.27003551], [100.42773426, 5.16853333], [100.38707662, 5.12256765], [100.38095903, 5.05396986], [100.43341732, 5.01670826], [100.42040563, 4.97824252], [100.47173965, 4.94452357], [100.52063405, 4.94546616], [100.47137535, 4.92784166], [100.51975667, 4.91499293], [100.52861142, 4.92331254], [100.57865036, 4.91862953], [100.58832467, 4.88663292], [100.53631115, 4.89528966], [100.55882144, 4.85832834], [100.61191463, 4.85584354], [100.62952042, 4.88347948], [100.62476265, 4.85988963], [100.62221932, 4.78864884], [100.66303623, 4.74609375], [100.67560482, 4.67232382], [100.63977432, 4.652529], [100.65607941, 4.61289465], [100.62639785, 4.53501666], [100.5866425, 4.42586875], [100.57545805, 4.35254621], [100.59214175, 4.27215481], [100.61678815, 4.24979043], [100.66198826, 4.30649984], [100.65050554, 4.35125268], [100.675457, 4.3481518], [100.67653811, 4.26890278], [100.64846218, 4.23885536], [100.60994506, 4.23551941], [100.60943162, 4.20217228], [100.64832103, 4.17096996], [100.75855923, 4.0909878], [100.82180405, 4.04296875], [100.86061335, 3.97357881], [100.92289758, 3.96490586], [100.95899725, 3.97429204], [100.99052095, 4.03282487], [101.01692545, 4.05633426], [100.97872114, 4.13289177], [100.9095155, 4.19869328], [100.90166891, 4.23207653], [100.88550007, 4.27568424], [100.88694155, 4.33749473], [100.88915014, 4.32444453], [100.88705432, 4.27771652], [100.91397643, 4.23724186], [100.94389904, 4.17808127], [101.00231755, 4.10231364], [101.02772176, 4.03220487], [101.00231695, 3.99612224], [100.95460391, 3.97292066], [100.93112206, 3.96057355], [100.85688734, 3.96799636], [100.76692605, 3.98891902], [100.7109822, 3.88385284], [100.81364346, 3.85808671], [100.94148684, 3.87264621], [100.96029007, 3.79500174], [101.01370573, 3.80327177], [100.95998037, 3.77734804], [100.94234776, 3.8671875], [100.80971622, 3.79680097], [100.92510307, 3.71162295], [101.02781045, 3.62570453], [101.11774135, 3.46100283], [101.16525483, 3.40917027], [101.17391431, 3.38854837], [101.23756421, 3.35655475], [101.26793575, 3.29360092], [101.3093127, 3.14505267], [101.36096025, 3.06451082], [101.37266886, 3.06218445], [101.35684824, 3.01321793], [101.39329112, 3.02957225], [101.40189505, 3.02740586], [101.36339343, 2.93834245], [101.41543615, 2.97845745], [101.4248383, 2.93013978], [101.42893517, 2.90745235], [101.45146883, 2.87960625], [101.41376436, 2.80496871], [101.47217381, 2.69631708], [101.55713725, 2.65598285], [101.68843615, 2.59974885], [101.70312715, 2.60397542], [101.79756105, 2.56013024], [101.83523417, 2.50101936], [101.8517611, 2.4609375], [101.88175142, 2.41930974], [101.95246995, 2.40377092], [102.02721834, 2.43254066], [101.97582698, 2.36998165], [102.09273934, 2.28321338], [102.13112354, 2.24441385], [102.23469973, 2.19626451], [102.33659375, 2.15477204], [102.48764277, 2.0996567], [102.57072544, 2.05714214], [102.58699846, 2.09221542], [102.58922422, 2.12344193], [102.62382972, 2.14106607], [102.63638532, 2.12672997], [102.67895305, 2.14571571], [102.68243551, 2.16000593], [102.63679957, 2.15450335], [102.60350585, 2.12676775], [102.59420526, 2.13118994], [102.59278345, 2.08796334], [102.55478632, 2.07762182], [102.55637765, 2.01825225], [102.71247995, 1.85219574], [102.90598226, 1.82177806], [102.88839674, 1.78889251], [102.99365962, 1.73698866], [103.19545007, 1.61844981], [103.29003894, 1.58035707], [103.39263535, 1.46858001], [103.44541693, 1.32110906], [103.54661787, 1.33323956], [103.5320245, 1.39309466], [103.51275372, 1.41508007], [103.55003345, 1.44998801], [103.54622078, 1.39965916], [103.58331406, 1.34465897], [103.65859163, 1.41344428], [103.6837728, 1.46556163], [103.70922661, 1.47440171], [103.70528424, 1.48594463], [103.74737763, 1.45694447], [103.76914978, 1.51708615], [103.85206687, 1.47186697], [103.97228587, 1.42888916], [104.00884128, 1.50217962], [104.015154, 1.52416074], [103.98260975, 1.57875896], [103.97471094, 1.57719135], [103.94343531, 1.59019053], [103.97197378, 1.63137925], [103.93834424, 1.68663526], [103.92834926, 1.69358838], [103.96354926, 1.64757013], [104.02031076, 1.57596672], [104.0625, 1.52036834], [104.08800995, 1.51983964], [104.16747653, 1.54818034], [104.13721931, 1.54857814], [104.06765366, 1.51419163], [104.05336034, 1.45305038], [104.07780504, 1.47023964], [104.07221007, 1.44184637], [104.13831401, 1.40920246], [104.15824318, 1.41204321], [104.11662936, 1.40625], [104.13031435, 1.35391426], [104.21723747, 1.35054851], [104.28347755, 1.37127245], [104.29477716, 1.43644297], [104.26343906, 1.54648495], [104.25337744, 1.6000185], [104.21800375, 1.70887935], [104.15932405, 1.83565664], [104.14090776, 1.84377027], [104.10472286, 1.9326843], [104.07407725, 1.93590784], [104.06816256, 1.92527938], [104.09688735, 1.94398356], [104.12970507, 1.92669094], [104.07090986, 2.02947998], [103.99272525, 2.16229057], [103.96680546, 2.24948847], [103.95328116, 2.30350804], [103.91212165, 2.34880996], [103.82960522, 2.46995997], [103.83501995, 2.51629376], [103.82346487, 2.58282733], [103.75995088, 2.61759675], [103.74431336, 2.63359284], [103.65270805, 2.65856421], [103.59581578, 2.63671875], [103.63044393, 2.66557085], [103.52440774, 2.76599801], [103.46693397, 2.84471273], [103.43259251, 3.01030707], [103.44065893, 3.09544861], [103.44649422, 3.11376762], [103.44491971, 3.19292057], [103.43069053, 3.41294301], [103.47516143, 3.48751473], [103.47236204, 3.52819645], [103.39894223, 3.60225022], [103.359375, 3.66071415], [103.33732188, 3.8083384], [103.34673548, 3.80531824], [103.36551595, 3.88154388], [103.42760217, 3.95907176], [103.39769173, 4.04296875], [103.39342582, 4.12552846], [103.43941462, 4.17285776], [103.46019161, 4.23858285], [103.47508085, 4.2673918], [103.48014653, 4.34502065], [103.44421625, 4.46980155], [103.44916606, 4.52041161], [103.44721317, 4.61292613], [103.41129673, 4.64232552], [103.44807017, 4.67963135], [103.39338934, 4.76949561], [103.33569252, 4.79305506], [103.359375, 4.78180802], [103.43748856, 4.78460896], [103.32440674, 4.99263012], [103.22684407, 5.18208075], [103.17535865, 5.28458786], [103.12796795, 5.32269275], [103.09715796, 5.28669631], [103.04012012, 5.21809804], [103.0078125, 5.11439717], [103.0379858, 5.26382184], [103.09315574, 5.32193911], [103.04361844, 5.45457911], [102.87589121, 5.55922616], [102.75835955, 5.65114367], [102.77628636, 5.63631594], [102.73470473, 5.66545618], [102.72640872, 5.67252386], [102.60364175, 5.80176687], [102.55195856, 5.80078125], [102.51795375, 5.77563524], [102.55448174, 5.80078125], [102.49405766, 5.86471403], [102.46067023, 5.86894333], [102.47879755, 5.89311576], [102.38674772, 6.09762704], [102.33200705, 6.15558803], [102.23364723, 6.2056452], [102.21923995, 6.10112977], [102.18246305, 6.01139915], [102.17830086, 5.85786235], [102.143278, 5.71981287], [102.10793507, 5.65959883], [102.1723001, 5.55508888], [102.18000197, 5.51727521], [102.16352975, 5.453125], [102.07291853, 5.39053524], [102.14124167, 5.44921875], [102.18780005, 5.50656927], [102.15030384, 5.6091485], [102.14621615, 5.70925164], [102.16955745, 5.80078125], [102.18109918, 5.88855195], [102.14396966, 6.03218722], [102.22715783, 6.11623395], [102.22380447, 6.21620858], [102.17842972, 6.20808208], [102.17686725, 6.19483376], [102.14022088, 6.21594918], [102.95842786, 7.66184509]], [[102.20388877, 6.22249985], [102.20611095, 6.22388875], [102.20388877, 6.22249985]], [[102.15250003, 6.21888876], [102.15277767, 6.21611094], [102.15250003, 6.21888876]], [[102.15999985, 6.21472216], [102.16222215, 6.21388876], [102.16861105, 6.21194434], [102.15999985, 6.21472216]], [[102.17394876, 6.20077121], [102.17394876, 6.20125735], [102.17394876, 6.20077121]], [[102.23055553, 6.21749985], [102.23055553, 6.21666658], [102.23055553, 6.21749985]], [[102.23388875, 6.19222224], [102.23451436, 6.19243062], [102.23388875, 6.19222224]], [[102.23388875, 6.15277767], [102.23432291, 6.15234375], [102.23388875, 6.15277767]], [[102.23139668, 6.13321602], [102.23168826, 6.13372636], [102.23139668, 6.13321602]], [[102.22018027, 6.08697248], [102.22073495, 6.08678806], [102.22018027, 6.08697248]], [[102.17884505, 6.01276743], [102.17957401, 6.01227534], [102.17884505, 6.01276743]], [[102.19775558, 5.98831177], [102.19502866, 5.99334371], [102.19775558, 5.98831177]], [[102.20089912, 5.9395889], [102.20073462, 5.93922663], [102.20146346, 5.93871272], [102.20089912, 5.9395889]], [[102.14703512, 5.73041534], [102.14835226, 5.73312688], [102.14703512, 5.73041534]], [[102.13160264, 5.61999381], [102.13160264, 5.62041104], [102.13160264, 5.61999381]], [[102.17423642, 5.55208313], [102.17205095, 5.55479336], [102.17423642, 5.55208313]], [[102.08060968, 5.40438294], [102.08277774, 5.40638876], [102.08060968, 5.40438294]], [[102.18571222, 6.04260087], [102.19051671, 6.04458165], [102.18571222, 6.04260087]], [[102.6668545, 5.96253395], [102.66650796, 5.96350741], [102.6668545, 5.96253395]], [[102.68234897, 5.95946991], [102.68308496, 5.9594295], [102.68234897, 5.95946991]], [[102.66123855, 5.95906198], [102.66513276, 5.95599174], [102.66123855, 5.95906198]], [[102.66686177, 5.94043136], [102.66768611, 5.94041502], [102.66686177, 5.94043136]], [[102.71814847, 5.93093395], [102.71659672, 5.92767894], [102.72399128, 5.91493595], [102.71814847, 5.93093395]], [[102.7533946, 5.91164005], [102.75250816, 5.91070902], [102.75531685, 5.89398217], [102.76141012, 5.91923428], [102.7533946, 5.91164005]], [[102.48453391, 5.89453125], [102.47949815, 5.89085722], [102.51025557, 5.86937261], [102.48453391, 5.89453125]], [[102.45999861, 5.86951303], [102.46041453, 5.87097287], [102.45999861, 5.86951303]], [[102.61066842, 5.82762885], [102.61099374, 5.8277266], [102.61066842, 5.82762885]], [[102.55932784, 5.82299066], [102.56078374, 5.81951427], [102.55932784, 5.82299066]], [[102.99588132, 5.81522083], [102.99564624, 5.81468606], [103.00483584, 5.75871837], [103.03355706, 5.77664614], [103.01749373, 5.79873645], [102.99588132, 5.81522083]], [[103.04254484, 5.77663314], [103.04266596, 5.77806401], [103.04254484, 5.77663314]], [[103.0586735, 5.77438784], [103.06167436, 5.77094436], [103.0586735, 5.77438784]], [[103.02903235, 5.75229645], [103.02937365, 5.75554931], [103.02903235, 5.75229645]], [[102.90369105, 5.79348397], [102.90000427, 5.79445946], [102.90369105, 5.79348397]], [[102.99692285, 5.73554206], [102.99773586, 5.73234785], [102.99692285, 5.73554206]], [[103.02942264, 5.73621786], [103.02997565, 5.73626995], [103.02942264, 5.73621786]], [[102.76801693, 5.63866353], [102.76940191, 5.63878691], [102.76801693, 5.63866353]], [[102.77868533, 5.63164401], [102.78039956, 5.62823737], [102.78130114, 5.62809825], [102.77868533, 5.63164401]], [[102.78521216, 5.625], [102.78549266, 5.625], [102.78521216, 5.625]], [[103.06935036, 5.65358412], [103.06979311, 5.65371585], [103.06935036, 5.65358412]], [[103.15165031, 5.64105475], [103.15286624, 5.63898563], [103.15165031, 5.64105475]], [[103.05522692, 5.61707234], [103.05874777, 5.61419582], [103.05522692, 5.61707234]], [[103.16231596, 5.62206018], [103.16238534, 5.62247741], [103.16231596, 5.62206018]], [[103.06235862, 5.5960592], [103.0643357, 5.59583163], [103.06235862, 5.5960592]], [[103.12263775, 5.33784461], [103.12340033, 5.33853984], [103.12263775, 5.33784461]], [[103.12570322, 5.33573365], [103.12904525, 5.33475232], [103.12570322, 5.33573365]], [[103.12055695, 5.33575583], [103.11800253, 5.33471274], [103.12055695, 5.33575583]], [[103.11652327, 5.32686126], [103.11663544, 5.32656205], [103.11652327, 5.32686126]], [[103.09514594, 5.32142627], [103.09328616, 5.31859601], [103.09514594, 5.32142627]], [[103.09001565, 5.29675663], [103.09069276, 5.29697192], [103.09001565, 5.29675663]], [[103.03722215, 5.23749995], [103.03642023, 5.23850024], [103.03722215, 5.23749995]], [[103.04470897, 5.14371383], [103.04522657, 5.14413214], [103.04470897, 5.14371383]], [[103.1151005, 5.31988537], [103.11625576, 5.31951857], [103.1151005, 5.31988537]], [[103.26060283, 5.23225236], [103.26259136, 5.23155081], [103.26060283, 5.23225236]], [[103.26055086, 5.21862495], [103.26332748, 5.21307921], [103.26055086, 5.21862495]], [[103.66420925, 4.84271395], [103.66454482, 4.84236944], [103.66420925, 4.84271395]], [[103.67512095, 4.8116039], [103.67543542, 4.80963504], [103.68255997, 4.81362605], [103.67512095, 4.8116039]], [[103.38324201, 4.76307237], [103.38747585, 4.7631433], [103.38324201, 4.76307237]], [[103.40857947, 4.05501425], [103.40906274, 4.05553126], [103.40857947, 4.05501425]], [[103.40230763, 3.96411216], [103.40249145, 3.96436667], [103.40230763, 3.96411216]], [[103.36913061, 3.64679205], [103.36873686, 3.64772761], [103.36913061, 3.64679205]], [[103.36806774, 3.63871586], [103.36985827, 3.63994014], [103.36806774, 3.63871586]], [[103.45979965, 3.46599185], [103.46029592, 3.46678352], [103.45979965, 3.46599185]], [[104.0979557, 2.93123376], [104.09869337, 2.93157435], [104.0979557, 2.93123376]], [[104.10376024, 2.91417778], [104.10425782, 2.91158211], [104.10376024, 2.91417778]], [[104.05123723, 2.89656806], [104.05173731, 2.89678967], [104.05123723, 2.89656806]], [[104.15447354, 2.89159846], [104.15409017, 2.89079034], [104.16360581, 2.82922947], [104.11957932, 2.75411057], [104.2060889, 2.71816242], [104.20618832, 2.78097987], [104.20477176, 2.81433356], [104.18642426, 2.86576092], [104.17425084, 2.89416134], [104.15447354, 2.89159846]], [[103.96095216, 2.78432846], [103.95880663, 2.78300536], [103.96095216, 2.78432846]], [[103.9020071, 2.69592035], [103.90197253, 2.69114006], [103.90116942, 2.6965183], [103.9020071, 2.69592035]], [[103.73169196, 2.69821286], [103.7332561, 2.69646084], [103.73169196, 2.69821286]], [[103.88449395, 2.68094111], [103.88640594, 2.68307722], [103.88449395, 2.68094111]], [[103.76173985, 2.68157625], [103.76491976, 2.67038322], [103.76173985, 2.68157625]], [[104.16794944, 2.66131437], [104.16663945, 2.66496944], [104.16794944, 2.66131437]], [[103.7542752, 2.66358423], [103.75004184, 2.66618085], [103.7542752, 2.66358423]], [[103.74881291, 2.68662703], [103.74863923, 2.68640196], [103.74881291, 2.68662703]], [[103.74453342, 2.68956161], [103.74656034, 2.68904865], [103.74453342, 2.68956161]], [[103.92825055, 2.69402695], [103.92864335, 2.69389534], [103.92825055, 2.69402695]], [[103.88058293, 2.65385056], [103.88052344, 2.65474832], [103.88058293, 2.65385056]], [[103.74773324, 2.65217102], [103.74846911, 2.65141141], [103.74773324, 2.65217102]], [[103.71069312, 2.65090883], [103.7109375, 2.65039063], [103.71069312, 2.65090883]], [[103.77805555, 2.61805546], [103.77861094, 2.61861098], [103.77805555, 2.61805546]], [[103.77970231, 2.61556804], [103.78020084, 2.61537731], [103.77970231, 2.61556804]], [[104.30892432, 2.59305668], [104.31203914, 2.58332562], [104.33647168, 2.58154595], [104.30892432, 2.59305668]], [[103.82684445, 2.56886911], [103.82615244, 2.56838155], [103.82684445, 2.56886911]], [[103.94088471, 2.56050861], [103.94079864, 2.55992424], [103.94088471, 2.56050861]], [[103.95845497, 2.54983985], [103.95853364, 2.54944134], [103.95845497, 2.54983985]], [[103.97002673, 2.53528225], [103.96995008, 2.53565967], [103.97002673, 2.53528225]], [[103.97317123, 2.52196002], [103.97335076, 2.52137291], [103.97317123, 2.52196002]], [[103.95565343, 2.48820496], [103.95523155, 2.49158907], [103.95565343, 2.48820496]], [[103.84055924, 2.48390985], [103.8388586, 2.48230493], [103.84055924, 2.48390985]], [[103.95950532, 2.47361243], [103.96157217, 2.47383511], [103.95950532, 2.47361243]], [[104.49572182, 2.46993661], [104.49910033, 2.47111726], [104.49572182, 2.46993661]], [[104.50607193, 2.46763384], [104.49950981, 2.4609375], [104.54103386, 2.45448804], [104.50607193, 2.46763384]], [[104.54995561, 2.43239963], [104.55047846, 2.43254352], [104.54995561, 2.43239963]], [[103.9976958, 2.42901838], [103.99039733, 2.43847775], [103.99359345, 2.42452335], [103.9976958, 2.42901838]], [[104.48745382, 2.45766616], [104.48851335, 2.45706415], [104.48745382, 2.45766616]], [[103.85357416, 2.49334955], [103.85412991, 2.49097741], [103.85357416, 2.49334955]], [[104.09170151, 2.31420374], [104.09221661, 2.31284904], [104.13621914, 2.28515625], [104.10978496, 2.31730044], [104.09170151, 2.31420374]], [[104.14624917, 2.30492103], [104.14967692, 2.30253744], [104.14624917, 2.30492103]], [[104.14198554, 2.30591404], [104.14316213, 2.30445147], [104.14198554, 2.30591404]], [[104.12060785, 2.27186048], [104.12241614, 2.27095711], [104.12361884, 2.27161706], [104.12060785, 2.27186048]], [[104.12438095, 2.26896274], [104.12502766, 2.26854515], [104.12438095, 2.26896274]], [[104.14687324, 2.26591182], [104.14756525, 2.26535475], [104.14687324, 2.26591182]], [[104.05042446, 2.23004472], [104.05093384, 2.22910154], [104.09049022, 2.19425607], [104.0625, 2.23521197], [104.05042446, 2.23004472]], [[104.14651811, 2.2228353], [104.1470046, 2.22250843], [104.14651811, 2.2228353]], [[104.1527518, 2.21806622], [104.15467215, 2.21867526], [104.1527518, 2.21806622]], [[104.09571636, 2.18343592], [104.09996593, 2.18197656], [104.09571636, 2.18343592]], [[104.10986805, 2.17887366], [104.11041462, 2.17901063], [104.10986805, 2.17887366]], [[104.11386907, 2.17086923], [104.11429596, 2.17129946], [104.11386907, 2.17086923]], [[104.11667573, 1.92490721], [104.11657667, 1.92305088], [104.11667573, 1.92490721]], [[104.29177546, 1.36411381], [104.29263771, 1.36397791], [104.29177546, 1.36411381]], [[104.23478675, 1.35310185], [104.23354101, 1.35345006], [104.23478675, 1.35310185]], [[103.98147965, 1.58853245], [103.98032916, 1.59068084], [103.97965705, 1.59024131], [103.98147965, 1.58853245]], [[103.96782017, 1.64162505], [103.96769083, 1.64206362], [103.95329785, 1.63698983], [103.96782017, 1.64162505]], [[103.97566974, 1.42616487], [103.97694981, 1.42574835], [103.97566974, 1.42616487]], [[103.78476346, 1.50610924], [103.78091156, 1.5073657], [103.78476346, 1.50610924]], [[103.77698636, 1.51173115], [103.77634478, 1.51231492], [103.77698636, 1.51173115]], [[103.42901623, 1.30953705], [103.43663204, 1.31297028], [103.42649424, 1.30710542], [103.42901623, 1.30953705]], [[103.26093245, 1.46828425], [103.26516426, 1.46988511], [103.26093245, 1.46828425]], [[103.24034441, 1.46845293], [103.23992264, 1.46895945], [103.24034441, 1.46845293]], [[103.2370789, 1.46966076], [103.23632157, 1.47002017], [103.2370789, 1.46966076]], [[103.27078021, 1.47247994], [103.26890004, 1.47388554], [103.27078021, 1.47247994]], [[102.33500004, 2.04833317], [102.3344444, 2.04916656], [102.33500004, 2.04833317]], [[102.33498788, 2.07437468], [102.33322275, 2.07492805], [102.33498788, 2.07437468]], [[102.30586636, 2.08001327], [102.3046875, 2.07979906], [102.30586636, 2.08001327]], [[102.33202076, 2.08421123], [102.33030486, 2.08223605], [102.33202076, 2.08421123]], [[102.33121514, 2.109375], [102.33237374, 2.11016905], [102.33121514, 2.109375]], [[102.33381391, 2.10907853], [102.33348453, 2.109375], [102.33381391, 2.10907853]], [[102.3147521, 2.12158322], [102.31390226, 2.12151217], [102.3147521, 2.12158322]], [[102.25651562, 2.17837036], [102.25636911, 2.17952085], [102.25651562, 2.17837036]], [[102.20433116, 2.19392741], [102.20339715, 2.19471276], [102.20433116, 2.19392741]], [[102.0383265, 2.34726262], [102.03904784, 2.34713626], [102.0383265, 2.34726262]], [[101.79444444, 2.51416671], [101.79472208, 2.51388884], [101.79444444, 2.51416671]], [[101.41140044, 2.8125], [101.41124916, 2.8125], [101.43589985, 2.89905906], [101.42319775, 2.91275191], [101.41183746, 2.97418892], [101.35180378, 2.8989073], [101.28932536, 2.84557307], [101.41140044, 2.8125]], [[101.29791856, 2.89347506], [101.31189775, 2.90984285], [101.3522979, 2.93381083], [101.33587456, 2.98527765], [101.29791856, 2.89347506]], [[101.25, 2.90652895], [101.25456297, 2.90796244], [101.25, 2.90625], [101.25, 2.90652895]], [[101.21127296, 2.95096111], [101.21238136, 2.95148826], [101.22128987, 3.00162745], [101.21127296, 2.95096111]], [[101.2458446, 3.01731765], [101.25, 3.01805556], [101.24611115, 3.05555546], [101.2458446, 3.01731765]], [[101.29583335, 3.04666662], [101.2833333, 3.01333332], [101.33249986, 3.04833317], [101.29583335, 3.04666662]], [[101.3037585, 3.00588918], [101.29822695, 3.00527167], [101.2930994, 2.97797322], [101.3037585, 3.00588918]], [[101.30489445, 2.98151326], [101.30453706, 2.98108006], [101.30489445, 2.98151326]], [[101.29044986, 2.97514582], [101.28317761, 2.96873295], [101.29044986, 2.97514582]], [[101.28900814, 2.96437228], [101.27876067, 2.95996428], [101.28900814, 2.96437228]], [[101.28183866, 2.96775603], [101.28155196, 2.96869016], [101.28183866, 2.96775603]], [[101.27057683, 3.02090764], [101.27036357, 3.02133966], [101.27057683, 3.02090764]], [[101.37342143, 2.97530258], [101.37355053, 2.97392321], [101.37342143, 2.97530258]], [[100.10478914, 3.97846484], [100.10447645, 3.97887278], [100.10478914, 3.97846484]], [[100.53446984, 3.99256301], [100.53446555, 3.9955883], [100.53446984, 3.99256301]], [[100.546875, 4.00729155], [100.54583335, 4.00833333], [100.546875, 4.00729155]], [[100.5355556, 4.00888884], [100.53472221, 4.00916672], [100.5355556, 4.00888884]], [[101.0013473, 4.02868485], [100.99923646, 4.02767611], [101.0013473, 4.02868485]], [[101.00386214, 4.02911794], [101.00283003, 4.0292294], [101.00386214, 4.02911794]], [[101.00328195, 4.06041622], [101.00537574, 4.05805945], [101.00328195, 4.06041622]], [[100.92270768, 4.21742976], [100.92187452, 4.21715212], [100.92270768, 4.21742976]], [[100.92333317, 4.22527766], [100.92250001, 4.22805548], [100.92333317, 4.22527766]], [[100.91847646, 4.23541486], [100.91774845, 4.23534167], [100.91847646, 4.23541486]], [[100.89973617, 4.27419066], [100.89944935, 4.27457631], [100.89973617, 4.27419066]], [[100.89731097, 4.27774107], [100.89720976, 4.27748954], [100.89731097, 4.27774107]], [[100.89059007, 4.28873014], [100.89006186, 4.28887367], [100.89059007, 4.28873014]], [[100.89361095, 4.29250002], [100.89138877, 4.29055548], [100.89361095, 4.29250002]], [[100.87515295, 4.35187161], [100.87608695, 4.34970152], [100.87515295, 4.35187161]], [[100.87741637, 4.35881984], [100.87678182, 4.35935128], [100.87741637, 4.35881984]], [[100.88194788, 4.36194825], [100.88184297, 4.36213732], [100.88194788, 4.36194825]], [[100.89527774, 4.37194443], [100.89222205, 4.36694443], [100.89527774, 4.37194443]], [[100.99734914, 4.04363942], [100.99782145, 4.04391134], [100.99734914, 4.04363942]], [[100.54277766, 4.01527774], [100.54222214, 4.01527774], [100.54277766, 4.01527774]], [[100.53583336, 4.01138878], [100.53499985, 4.01166666], [100.53583336, 4.01138878]], [[100.54833317, 4.02499986], [100.54944444, 4.02361095], [100.54833317, 4.02499986]], [[100.53944445, 4.05972207], [100.53805554, 4.05888891], [100.53944445, 4.05972207]], [[100.57572436, 4.05924225], [100.57624185, 4.05961955], [100.57572436, 4.05924225]], [[100.58525717, 4.07484221], [100.58472216, 4.07527781], [100.58525717, 4.07484221]], [[100.61760521, 4.15666831], [100.61923671, 4.15481734], [100.61760521, 4.15666831]], [[100.65591252, 4.15533102], [100.65711343, 4.15641475], [100.65591252, 4.15533102]], [[100.546875, 4.18945312], [100.54659533, 4.19093585], [100.546875, 4.18666291], [100.546875, 4.18945312]], [[100.56415451, 4.18971646], [100.56943464, 4.18850398], [100.57785654, 4.21532691], [100.55051756, 4.26259243], [100.54485393, 4.23761654], [100.56415451, 4.18971646]], [[100.53876221, 4.22839642], [100.53719997, 4.23020995], [100.53876221, 4.22839642]], [[100.53963482, 4.23630476], [100.53852975, 4.23606575], [100.53963482, 4.23630476]], [[100.68147516, 4.36502898], [100.67986464, 4.36495531], [100.68147516, 4.36502898]], [[100.57517397, 4.42249382], [100.57416225, 4.42118812], [100.57517397, 4.42249382]], [[100.62510765, 4.55666888], [100.62730873, 4.55896866], [100.64453268, 4.60090971], [100.61681294, 4.64838696], [100.59038425, 4.56654334], [100.62510765, 4.55666888]], [[100.60916662, 4.67361104], [100.61249995, 4.67638874], [100.63805544, 4.68361115], [100.6647222, 4.7208333], [100.5802778, 4.75999987], [100.61722207, 4.73777783], [100.60916662, 4.67361104]], [[100.60916662, 4.79138875], [100.61138892, 4.79250002], [100.58749986, 4.83944428], [100.60416663, 4.78805554], [100.60916662, 4.79138875]], [[100.57459497, 4.8299278], [100.57599986, 4.82948327], [100.54956984, 4.84797215], [100.57459497, 4.8299278]], [[100.60342205, 4.84476435], [100.60286975, 4.84476435], [100.60342205, 4.84476435]], [[100.52166665, 4.86249995], [100.52305555, 4.86388874], [100.53666663, 4.90166664], [100.5688889, 4.92638874], [100.53312504, 4.921875], [100.495, 4.91333318], [100.51027775, 4.86111105], [100.52166665, 4.86249995]], [[100.18194437, 5.23638892], [100.18166661, 5.23666656], [100.18194437, 5.23638892]], [[100.27722216, 5.25], [100.27611113, 5.25055552], [100.27722216, 5.25]], [[100.38805544, 5.25916672], [100.39138877, 5.26194441], [100.38805544, 5.25916672]], [[100.28388894, 5.25944436], [100.28416657, 5.26027775], [100.31805551, 5.35833335], [100.31194437, 5.43777776], [100.27472222, 5.47805548], [100.20416665, 5.46194434], [100.17555547, 5.47027767], [100.18805552, 5.39583325], [100.19500005, 5.30805552], [100.19722223, 5.28166664], [100.24888885, 5.27888894], [100.28388894, 5.25944436]], [[100.18527782, 5.31472206], [100.18444443, 5.31555545], [100.18527782, 5.31472206]], [[100.29681945, 5.47655296], [100.29713392, 5.47651601], [100.29681945, 5.47655296]], [[100.36065471, 5.41260052], [100.36114013, 5.41447806], [100.36065471, 5.41260052]], [[100.31742835, 5.37152457], [100.31742835, 5.37388861], [100.31742835, 5.37152457]], [[100.32569754, 5.36242342], [100.32715786, 5.36237228], [100.32569754, 5.36242342]], [[100.32906163, 5.35931206], [100.32904315, 5.36077666], [100.32906163, 5.35931206]], [[100.31871474, 5.33332694], [100.31760538, 5.33304882], [100.32467675, 5.3304069], [100.31871474, 5.33332694]], [[100.38555551, 5.27944446], [100.38722205, 5.27888894], [100.38555551, 5.27944446]], [[100.32861114, 5.66444445], [100.32527781, 5.66166663], [100.32861114, 5.66444445]], [[100.28965485, 5.74632525], [100.28583193, 5.75145555], [100.28965485, 5.74632525]], [[100.28580785, 5.77244604], [100.28555536, 5.77270281], [100.28580785, 5.77244604]], [[100.29390645, 5.81492054], [100.29227924, 5.81341541], [100.29390645, 5.81492054]], [[100.32779074, 5.87391627], [100.33156753, 5.87528408], [100.32779074, 5.87391627]], [[100.04396975, 6.06769681], [100.04354465, 6.06844056], [100.04396975, 6.06769681]], [[100.05600786, 6.07580256], [100.05531991, 6.07544422], [100.05600786, 6.07580256]], [[99.79555547, 6.16222215], [99.79416656, 6.16333318], [99.79555547, 6.16222215]], [[99.80110645, 6.15921176], [99.80156815, 6.1598109], [99.80110645, 6.15921176]], [[99.81500006, 6.16444445], [99.81666672, 6.16666663], [99.83584714, 6.21533847], [99.82734954, 6.26953924], [99.81711102, 6.27892685], [99.78012586, 6.22950995], [99.78166664, 6.20611095], [99.80345726, 6.17492342], [99.81500006, 6.16444445]], [[99.77773178, 6.16772175], [99.77809358, 6.16604555], [99.77773178, 6.16772175]], [[99.77772796, 6.17057681], [99.77820027, 6.17260981], [99.77772796, 6.17057681]], [[99.78750002, 6.17111111], [99.78833318, 6.17222226], [99.78750002, 6.17111111]], [[99.77833331, 6.18361115], [99.77555561, 6.17805553], [99.77833331, 6.18361115]], [[99.72810805, 6.18354523], [99.72821844, 6.18415308], [99.74194443, 6.23388875], [99.72810805, 6.18354523]], [[99.72269785, 6.22161675], [99.72121882, 6.22676992], [99.72269785, 6.22161675]], [[99.72442091, 6.23608327], [99.72458684, 6.23653138], [99.72442091, 6.23608327]], [[99.71407688, 6.24447727], [99.71208406, 6.24391687], [99.71407688, 6.24447727]], [[99.74694443, 6.23166656], [99.74833333, 6.23027766], [99.74694443, 6.23166656]], [[99.75722206, 6.22138894], [99.75833333, 6.2230556], [99.75722206, 6.22138894]], [[99.75972223, 6.21249986], [99.75972223, 6.21222222], [99.75972223, 6.21249986]], [[99.76666665, 6.20638883], [99.76666665, 6.20444441], [99.76666665, 6.20638883]], [[99.78472221, 6.18388891], [99.78750002, 6.1875], [99.78472221, 6.18388891]], [[99.74344492, 6.25323296], [99.74268162, 6.25177431], [99.74344492, 6.25323296]], [[99.77214313, 6.2572149], [99.77160156, 6.25802457], [99.77214313, 6.2572149]], [[99.74127221, 6.25989366], [99.73974574, 6.26010215], [99.74127221, 6.25989366]], [[99.73805547, 6.26416671], [99.73666656, 6.26277781], [99.75645852, 6.28027475], [99.80629277, 6.3171941], [99.85111105, 6.30722225], [99.87987316, 6.31739223], [99.90637255, 6.35749412], [99.88611114, 6.38750005], [99.86777782, 6.43555546], [99.85000002, 6.46888876], [99.82299054, 6.46687162], [99.82916665, 6.43388891], [99.81561196, 6.45329797], [99.74722207, 6.43111098], [99.68833327, 6.43305552], [99.64345717, 6.4074167], [99.68302321, 6.36467254], [99.71444428, 6.31277776], [99.73805547, 6.26416671]], [[99.72239172, 6.26971054], [99.72194445, 6.27250004], [99.72239172, 6.26971054]], [[99.70013285, 6.29069376], [99.70434892, 6.29937804], [99.70013285, 6.29069376]], [[99.70627415, 6.29220426], [99.70659626, 6.29182637], [99.70627415, 6.29220426]], [[99.67292225, 6.36109304], [99.67176497, 6.36155212], [99.67292225, 6.36109304]], [[99.67499995, 6.43499994], [99.67416656, 6.43638885], [99.67499995, 6.43499994]], [[99.74222207, 6.42916656], [99.74329674, 6.42961288], [99.74222207, 6.42916656]], [[99.77725577, 6.45153022], [99.77607632, 6.44986296], [99.77725577, 6.45153022]], [[99.7944386, 6.45539427], [99.79311156, 6.45417654], [99.7944386, 6.45539427]], [[99.78946757, 6.45632315], [99.78891265, 6.45528126], [99.78946757, 6.45632315]], [[99.83388877, 6.45555556], [99.8366667, 6.45666671], [99.83388877, 6.45555556]], [[99.88364005, 6.44997847], [99.88250005, 6.44194436], [99.90611815, 6.42474926], [99.88364005, 6.44997847]], [[99.91611111, 6.43333316], [99.91638875, 6.43166661], [99.91638875, 6.42750001], [99.91611111, 6.43333316]], [[99.87583327, 6.43805552], [99.87722206, 6.43722224], [99.87583327, 6.43805552]], [[99.92310774, 6.32461524], [99.92022932, 6.32124615], [99.90132165, 6.30925345], [99.93194592, 6.31276166], [99.92310774, 6.32461524]], [[99.93757915, 6.31512034], [99.93815374, 6.31198394], [99.93757915, 6.31512034]], [[99.93222225, 6.30583334], [99.93583334, 6.30638885], [99.93222225, 6.30583334]], [[99.88053095, 6.29679024], [99.88201785, 6.29673457], [99.88053095, 6.29679024]], [[99.88789451, 6.30097425], [99.88638878, 6.30250001], [99.88789451, 6.30097425]], [[99.86059904, 6.28670335], [99.86166656, 6.28277767], [99.86059904, 6.28670335]], [[99.75525951, 6.26244903], [99.75844038, 6.26392937], [99.75525951, 6.26244903]], [[99.86654603, 6.27404368], [99.86861098, 6.27472222], [99.86654603, 6.27404368]], [[99.89527774, 6.27444434], [99.89666665, 6.27555561], [99.89527774, 6.27444434]], [[99.87399364, 6.27282357], [99.87475693, 6.27289307], [99.87399364, 6.27282357]], [[99.87888765, 6.26962316], [99.87946057, 6.26983404], [99.87888765, 6.26962316]], [[99.83403981, 6.26302254], [99.8321439, 6.26046205], [99.85404801, 6.21237254], [99.85233498, 6.25940621], [99.83403981, 6.26302254]], [[99.88305902, 6.2660706], [99.88289583, 6.26513982], [99.88305902, 6.2660706]], [[99.85608995, 6.26587296], [99.85456336, 6.26490045], [99.85608995, 6.26587296]], [[99.87667501, 6.24229193], [99.8768841, 6.24250615], [99.87667501, 6.24229193]], [[99.87055552, 6.24611115], [99.86944437, 6.24611115], [99.87055552, 6.24611115]], [[99.87305546, 6.23749995], [99.87361097, 6.23749995], [99.87305546, 6.23749995]], [[99.87166655, 6.23500001], [99.87333334, 6.23500001], [99.87166655, 6.23500001]], [[99.84375, 6.18900371], [99.8441298, 6.19118106], [99.84375, 6.18900371]], [[99.84554315, 6.19373465], [99.84575141, 6.19442952], [99.84554315, 6.19373465]], [[99.83323634, 6.19055605], [99.83337498, 6.18902767], [99.83323634, 6.19055605]]], [[[115.02906913, 4.89572586], [115.02913804, 4.89565317], [115.03063684, 4.89410904], [115.03048533, 4.89010815], [115.03023005, 4.88889572], [115.02935637, 4.8859701], [115.02907793, 4.88500409], [115.02879949, 4.88403808], [115.02841671, 4.88239702], [115.02828732, 4.88023406], [115.02930957, 4.8788898], [115.03480512, 4.87583431], [115.03955156, 4.87262174], [115.04247049, 4.87058463], [115.04477653, 4.86908014], [115.04563955, 4.86961094], [115.04650257, 4.87014173], [115.0480352, 4.87121735], [115.04952562, 4.87260543], [115.05090588, 4.87407119], [115.05158205, 4.87484281], [115.05224359, 4.87556695], [115.05329742, 4.87628727], [115.05496613, 4.87754961], [115.05752875, 4.87960183], [115.07099084, 4.88875249], [115.07353224, 4.8902797], [115.08311721, 4.86739517], [115.07999511, 4.86023686], [115.07919272, 4.85958143], [115.07839032, 4.858926], [115.07758792, 4.85827057], [115.07678552, 4.85761514], [115.07598313, 4.85695972], [115.07518073, 4.85630429], [115.07437833, 4.85564886], [115.07357877, 4.85503325], [115.07268274, 4.85444557], [115.07178901, 4.8538594], [115.07090413, 4.85327904], [115.06739185, 4.85095367], [115.06578653, 4.84975793], [115.06429149, 4.84843967], [115.0629067, 4.8469989], [115.06130156, 4.84595193], [115.05967973, 4.84477455], [115.05817189, 4.84347051], [115.05684043, 4.84205425], [115.05583063, 4.84056179], [115.05530484, 4.83972823], [115.05477392, 4.83888655], [115.05424235, 4.83804383], [115.05345855, 4.83685988], [115.05281721, 4.836105], [115.05217587, 4.83535012], [115.05153452, 4.83459525], [115.05089318, 4.83384037], [115.05012656, 4.83293425], [115.048928, 4.83134961], [115.04806, 4.83001429], [115.04667639, 4.82869121], [115.04383234, 4.82833127], [115.0413024, 4.82773754], [115.03171217, 4.82356085], [115.03129334, 4.82110778], [115.03066929, 4.81922685], [115.03187456, 4.8148769], [115.03265948, 4.8130137], [115.03296619, 4.81203212], [115.03341624, 4.81073203], [115.03392017, 4.80900364], [115.03392973, 4.80698069], [115.03347677, 4.80515793], [115.03444011, 4.80333001], [115.03484508, 4.8018869], [115.0350698, 4.8009164], [115.03529449, 4.79994589], [115.03551915, 4.79897537], [115.03574378, 4.79800485], [115.03628499, 4.79715959], [115.03695565, 4.7962721], [115.03819948, 4.79497235], [115.03984879, 4.79426579], [115.04083889, 4.79402199], [115.04182899, 4.7937782], [115.04275233, 4.793717], [115.04374057, 4.79370581], [115.04463846, 4.79369598], [115.04561697, 4.79381002], [115.04659407, 4.79394474], [115.04758299, 4.79416418], [115.04857187, 4.7943837], [115.04960388, 4.7945159], [115.05069608, 4.79457463], [115.05221376, 4.79412203], [115.05298142, 4.79351104], [115.05364131, 4.79280333], [115.05431785, 4.79207746], [115.05493305, 4.79095063], [115.0550074, 4.78958351], [115.05461947, 4.78843839], [115.05423753, 4.78753292], [115.05384889, 4.7866122], [115.05328342, 4.78553643], [115.05259045, 4.78484134], [115.05179281, 4.78423655], [115.05099516, 4.78363176], [115.05019752, 4.78302697], [115.04939988, 4.78242218], [115.04860224, 4.78181739], [115.0478046, 4.7812126], [115.04700695, 4.78060781], [115.04620931, 4.78000302], [115.04541167, 4.77939823], [115.04461403, 4.77879343], [115.04369909, 4.77780121], [115.0428059, 4.7771471], [115.04137561, 4.77658377], [115.0404886, 4.77613816], [115.03960159, 4.77569255], [115.03871458, 4.77524693], [115.03782757, 4.77480132], [115.03694056, 4.7743557], [115.03605356, 4.77391007], [115.03516656, 4.77346445], [115.03425297, 4.772999], [115.03351175, 4.77228045], [115.0329219, 4.77154731], [115.03240562, 4.77081233], [115.03199089, 4.76986387], [115.05135644, 4.79358256], [115.01808965, 4.8193655], [114.99715364, 4.77279246], [115.02225411, 4.86443794], [115.01439965, 4.89039814], [114.99190169, 4.85750452], [114.99153785, 4.85843558], [114.9911764, 4.85936053], [114.990815, 4.86028549], [114.99045363, 4.86121047], [114.99010439, 4.86212149], [114.98975665, 4.86305189], [114.98940895, 4.86398231], [114.98906127, 4.86491274], [114.98871363, 4.86584318], [114.98835875, 4.86687677], [114.98822453, 4.867812], [114.98818914, 4.8687905], [114.9881537, 4.869769], [114.98815797, 4.87070431], [114.9885889, 4.87168381], [114.98919447, 4.87257614], [114.98985025, 4.87332555], [114.99050604, 4.87407495], [114.99116184, 4.87482435], [114.99181763, 4.87557375], [114.99247344, 4.87632315], [114.99312924, 4.87707254], [114.99378505, 4.87782193], [114.99444909, 4.87845604], [114.99517244, 4.87913771], [114.99589579, 4.87981937], [114.99661915, 4.88050103], [114.99734251, 4.88118268], [114.99814419, 4.88190072], [114.99889193, 4.88251315], [114.99969601, 4.88316826], [115.00063306, 4.88371923], [115.00150653, 4.88422882], [115.00238001, 4.8847384], [115.0032535, 4.88524795], [115.00404313, 4.88569788], [115.00485617, 4.88628179], [115.00566921, 4.88686571], [115.00648224, 4.88744963], [115.00729527, 4.88803356], [115.00810829, 4.8886175], [115.00892131, 4.88920145], [115.00973432, 4.88978541], [115.01054739, 4.89036927], [115.01136048, 4.89095311], [115.01217356, 4.89153696], [115.01298664, 4.89212081], [115.01410403, 4.89278594], [115.01499302, 4.89323931], [115.01630038, 4.89379266], [115.01723608, 4.89409273], [115.01822382, 4.89435275], [115.02009806, 4.89466727], [115.02138238, 4.89469677], [115.02241838, 4.89482913], [115.02338957, 4.89513748], [115.02445871, 4.89547523], [115.02651214, 4.89589987], [115.02906913, 4.89572586]]], [[[113.6961747, 8.99318311], [113.69899553, 8.99131873], [113.75551592, 8.95408801], [113.81158559, 8.91739323], [113.86720482, 8.88123413], [113.9223739, 8.84561048], [113.9773925, 8.81033071], [114.03165461, 8.77578318], [114.08546753, 8.74177027], [114.13883154, 8.70829174], [114.19174692, 8.67534737], [114.24421394, 8.64293693], [114.296487, 8.61090502], [114.34805135, 8.57956696], [114.39916826, 8.54876207], [114.449838, 8.51849011], [114.50006082, 8.48875089], [114.54983699, 8.45954419], [114.5993804, 8.43074608], [114.64825803, 8.40260828], [114.6966899, 8.37500228], [114.74467624, 8.34792789], [114.79221732, 8.32138491], [114.83949643, 8.29527259], [114.87920634, 8.27356185], [114.90239857, 8.26092104], [114.92576554, 8.24818482], [114.9489567, 8.23554406], [114.97231892, 8.22280971], [114.99550902, 8.21016901], [115.01886647, 8.19743655], [115.04230893, 8.18465758], [115.06586447, 8.17181656], [115.08941918, 8.15897564], [115.11297332, 8.14613478], [115.13652622, 8.13329408], [115.16007868, 8.12045343], [115.20037062, 8.09857955], [115.24624401, 8.07399162], [115.29159551, 8.0500283], [115.3364254, 8.02668937], [115.38073397, 8.00397462], [115.42464423, 7.98182241], [115.46790634, 7.96035859], [115.51064809, 7.93951823], [115.55286974, 7.91930116], [115.59457154, 7.89970719], [115.63575377, 7.88073612], [115.67651212, 7.86234513], [115.71665209, 7.84462186], [115.75627338, 7.82752089], [115.79343861, 7.8118482], [115.81293089, 7.80371128], [115.8323401, 7.7956087], [115.85182928, 7.78747252], [115.87518363, 7.77773348], [115.91367525, 7.76197902], [115.95161304, 7.74688983], [115.98899727, 7.73246578], [116.02582819, 7.7187067], [116.06210603, 7.70561245], [116.09788841, 7.69316325], [116.13305804, 7.68139982], [116.16767542, 7.67030072], [116.20174077, 7.65986583], [116.23525433, 7.65009503], [116.26821631, 7.64098821], [116.30066818, 7.63253475], [116.3325255, 7.62475666], [116.36383196, 7.61764218], [116.39458777, 7.61119121], [116.42479313, 7.60540366], [116.45447887, 7.60027446], [116.48358223, 7.59581432], [116.51213578, 7.59201734], [116.5401397, 7.58888346], [116.56759418, 7.58641263], [116.58715367, 7.58501181], [116.60082322, 7.58407568], [116.62145602, 7.58275777], [116.69123061, 7.58008792], [116.71484728, 7.57972221], [116.73800658, 7.58002803], [116.75707846, 7.5807913], [116.76866473, 7.58134537], [116.77998623, 7.58188678], [116.79129426, 7.58242758], [116.80274713, 7.58297539], [116.81445697, 7.58353526], [116.82616654, 7.58409466], [116.83718584, 7.58367645], [116.84956074, 7.58264664], [116.87213348, 7.58047546], [116.88508882, 7.57896643], [116.89697206, 7.57758079], [116.90939026, 7.57613231], [116.92154628, 7.57471358], [116.93329953, 7.57334223], [116.94540188, 7.57193052], [116.95781936, 7.57048129], [116.96975448, 7.56908771], [116.98151659, 7.567715], [116.99382971, 7.56627816], [117.00620658, 7.56483265], [117.01796789, 7.56345896], [117.02983851, 7.56207342], [117.04225538, 7.56062355], [117.05441631, 7.5592024], [117.0661693, 7.55782939], [117.07826295, 7.55641751], [117.09067896, 7.55496674], [117.10261526, 7.55357101], [117.11437288, 7.55219751], [117.12668535, 7.55075948], [117.13905813, 7.54931245], [117.15081142, 7.54793772], [117.16268994, 7.54655033], [117.17510572, 7.54509932], [117.1872519, 7.54367715], [117.20102828, 7.54189469], [117.21309591, 7.54007951], [117.22516342, 7.5382642], [117.24099774, 7.53461377], [117.25495307, 7.52996612], [117.26542761, 7.52468309], [117.27622293, 7.51803868], [117.28417038, 7.51046981], [117.29138922, 7.50266793], [117.29773962, 7.49578703], [117.30611523, 7.48820778], [117.31364317, 7.48173945], [117.32131328, 7.4751488], [117.32901497, 7.46852886], [117.33671603, 7.46190785], [117.34441655, 7.45528591], [117.35202407, 7.44874306], [117.35954833, 7.44227285], [117.36707404, 7.43580236], [117.3746004, 7.42933226], [117.38215112, 7.42284188], [117.39272664, 7.41289085], [117.39961601, 7.40584827], [117.40697711, 7.39910908], [117.41433977, 7.39236906], [117.42171565, 7.38561757], [117.42925314, 7.37871768], [117.43679026, 7.37181718], [117.44432707, 7.36491614], [117.45186355, 7.35801454], [117.45924614, 7.35125367], [117.46660624, 7.34451389], [117.4739683, 7.3377728], [117.48132898, 7.33103345], [117.48879364, 7.32419896], [117.4963304, 7.31729785], [117.50386688, 7.31039624], [117.51140311, 7.30349421], [117.51887005, 7.29665512], [117.5262313, 7.28991296], [117.5335929, 7.28317091], [117.54095252, 7.27643094], [117.54833066, 7.26967431], [117.55586702, 7.2627725], [117.56340313, 7.25587027], [117.57093905, 7.24896771], [117.57847473, 7.24206476], [117.58585235, 7.23530641], [117.59321092, 7.22856579], [117.6005722, 7.22182291], [117.60793374, 7.21508008], [117.61540013, 7.20824118], [117.62293587, 7.20133832], [117.63047141, 7.19443512], [117.63800676, 7.18753159], [117.64546941, 7.18069431], [117.6528271, 7.17395318], [117.66018797, 7.1672094], [117.66754592, 7.16046848], [117.67492977, 7.15370396], [117.68246513, 7.14680044], [117.69000027, 7.13989656], [117.69753527, 7.13299243], [117.70507009, 7.12608801], [117.71243934, 7.11933512], [117.71979637, 7.11259363], [117.72715689, 7.10584903], [117.7345176, 7.09910443], [117.74199091, 7.09225663], [117.74952568, 7.08535211], [117.7570603, 7.07844735], [117.76459475, 7.07154228], [117.77204765, 7.06471167], [117.77940383, 7.0579697], [117.79086036, 7.04719562], [117.79889155, 7.0391624], [117.80618718, 7.03185017], [117.81348259, 7.02453757], [117.82077781, 7.01722466], [117.82786238, 7.01012276], [117.83494435, 7.00302369], [117.84202659, 6.99592463], [117.84922943, 6.98870473], [117.85652464, 6.9813918], [117.86381968, 6.97407857], [117.87105441, 6.9668253], [117.87813615, 6.95972549], [117.8852139, 6.95262985], [117.89229598, 6.9455301], [117.8995649, 6.93824296], [117.90685972, 6.93092935], [117.91415439, 6.92361549], [117.92132211, 6.9164285], [117.92840371, 6.90932803], [117.935481, 6.90223208], [117.94260337, 6.89509106], [117.94989799, 6.88777712], [117.95719242, 6.88046286], [117.96448671, 6.87314836], [117.97158738, 6.86602782], [117.97866884, 6.85892668], [117.98575052, 6.85182553], [117.99293447, 6.84462184], [118.0002287, 6.83730723], [118.00752278, 6.82999237], [118.0147741, 6.82271997], [118.02185535, 6.81561815], [118.02893154, 6.80852148], [118.03601305, 6.80141966], [118.04326323, 6.79414862], [118.04471994, 6.78404541], [118.04430733, 6.77258577], [118.04389433, 6.76111356], [118.04346892, 6.74929839], [118.04304316, 6.73748345], [118.04261706, 6.72566875], [118.04220034, 6.71412011], [118.04178667, 6.70265411], [118.04137324, 6.69118871], [118.04095517, 6.67959148], [118.04052899, 6.66777683], [118.04010245, 6.65596243], [118.03967719, 6.64419664], [118.03926282, 6.63273263], [118.03884885, 6.62127448], [118.03843496, 6.60981148], [118.0380112, 6.59807268], [118.03758422, 6.58625858], [118.03703061, 6.57210983], [118.03490182, 6.54935288], [118.03146368, 6.52990415], [118.02921775, 6.51934095], [118.02697015, 6.5087711], [118.02472231, 6.49820141], [118.02247418, 6.48763192], [118.02024507, 6.4771533], [118.01804497, 6.46681068], [118.01584491, 6.45646714], [118.01364538, 6.44612468], [118.01144599, 6.43578142], [118.0092113, 6.42527118], [118.0069636, 6.4147014], [118.00471556, 6.40413186], [118.00246708, 6.3935626], [118.00022646, 6.38303304], [117.99802547, 6.37268998], [117.995825, 6.3623476], [117.99362498, 6.35200486], [117.99142582, 6.34166278], [117.98920243, 6.33120308], [117.98695526, 6.32063294], [117.98470746, 6.31006322], [117.98376192, 6.29254739], [117.98928916, 6.27809459], [117.99392977, 6.26882698], [117.99857005, 6.25955907], [118.00317759, 6.25035606], [118.00773903, 6.24124625], [118.01230119, 6.23213617], [118.0168638, 6.22302611], [118.02142654, 6.21391647], [118.02702932, 6.20588597], [118.05114837, 6.20372004], [118.06675649, 6.19840576], [118.07581838, 6.19413497], [118.08493987, 6.1898385], [118.09424078, 6.18545745], [118.10354058, 6.18107509], [118.11415838, 6.17623248], [118.1233574, 6.17024896], [118.13161154, 6.16462445], [118.13984663, 6.15901186], [118.1479792, 6.15346988], [118.15611222, 6.1479291], [118.16424611, 6.14238893], [118.17238054, 6.13684945], [118.18051496, 6.13131075], [118.18865009, 6.12577229], [118.19682779, 6.12020529], [118.20508382, 6.11458399], [118.21333939, 6.10896191], [118.2215945, 6.10333904], [118.22984925, 6.09771556], [118.23810364, 6.09209147], [118.24635771, 6.08646684], [118.25452991, 6.08089763], [118.26266224, 6.07535613], [118.27079493, 6.06981508], [118.27892727, 6.06427479], [118.28706042, 6.05873445], [118.29519319, 6.05319484], [118.31025709, 6.04535497], [118.32278484, 6.04222433], [118.33351517, 6.03970682], [118.34424568, 6.03718844], [118.35497633, 6.03466941], [118.36570707, 6.03214995], [118.37643791, 6.02963], [118.38706423, 6.02713443], [118.39760154, 6.02465996], [118.40814133, 6.02218513], [118.41867896, 6.01971101], [118.42921923, 6.01723632], [118.43975987, 6.01476166], [118.44978187, 6.01163044], [118.45875293, 6.00715568], [118.46772146, 6.00268231], [118.47669265, 5.99820763], [118.4857382, 5.99369594], [118.49486928, 5.98914126], [118.50400029, 5.98458633], [118.51313124, 5.98003114], [118.52226212, 5.97547568], [118.53139294, 5.97092001], [118.54037697, 5.96643739], [118.54934765, 5.96196153], [118.55831518, 5.95748731], [118.56728596, 5.9530115], [118.57625688, 5.94853572], [118.58526474, 5.94404147], [118.59439554, 5.93948572], [118.60352627, 5.93492972], [118.61265694, 5.93037348], [118.62178756, 5.92581706], [118.6309181, 5.92126036], [118.63993732, 5.91675909], [118.6489039, 5.91228409], [118.65787431, 5.90780721], [118.66684091, 5.90333231], [118.67581138, 5.89885543], [118.68478822, 5.89437544], [118.69391872, 5.8898186], [118.70304917, 5.88526155], [118.71217958, 5.88070431], [118.72130991, 5.87614682], [118.7304402, 5.87158917], [118.73948759, 5.86707267], [118.74845765, 5.86259478], [118.75742332, 5.85811911], [118.76639343, 5.8536412], [118.77536364, 5.84916329], [118.78432923, 5.84468766], [118.79343886, 5.84014004], [118.80256904, 5.83558196], [118.81169916, 5.83102365], [118.82082924, 5.82646519], [118.82995925, 5.8219065], [118.83903596, 5.81737426], [118.84800073, 5.81289787], [118.85697049, 5.80841896], [118.86594036, 5.80394005], [118.87490503, 5.79946367], [118.88387491, 5.79498471], [118.892956, 5.79045017], [118.90208589, 5.78589102], [118.91121575, 5.78133174], [118.92034554, 5.77677221], [118.9294753, 5.77221256], [118.93857313, 5.76766864], [118.94754255, 5.76318877], [118.95650642, 5.75871171], [118.96547586, 5.75423179], [118.9744454, 5.74975186], [118.98340915, 5.74527478], [118.99247014, 5.74074908], [119.00159978, 5.73618894], [119.01072935, 5.73162859], [119.01985889, 5.72706811], [119.02898838, 5.72250743], [119.03810961, 5.71795071], [119.04707261, 5.71347295], [119.05604172, 5.70899209], [119.06501092, 5.70451121], [119.0739738, 5.70003342], [119.08294299, 5.69555248], [119.10092235, 5.69354588], [119.12094317, 5.69105001], [119.1348296, 5.688821], [119.14462043, 5.68719966], [119.16248492, 5.68392099], [119.18182498, 5.679498], [119.19126447, 5.6771231], [119.20998891, 5.67198842], [119.22903486, 5.66582652], [119.24746465, 5.6589288], [119.25671222, 5.65524338], [119.26596567, 5.65155557], [119.27521313, 5.6478701], [119.28446647, 5.64418218], [119.29371981, 5.64049422], [119.303017, 5.6367887], [119.31886129, 5.63025456], [119.33729436, 5.62178791], [119.35059992, 5.61510376], [119.35953983, 5.61054398], [119.37010087, 5.60514516], [119.38816682, 5.59529795], [119.40600937, 5.5846106], [119.41574842, 5.57845297], [119.42420818, 5.57309781], [119.42846859, 5.56448643], [119.43228597, 5.5554844], [119.43924176, 5.53846164], [119.44631686, 5.5190931], [119.45252904, 5.49963788], [119.45640604, 5.48597184], [119.45912892, 5.47620573], [119.46185171, 5.46643961], [119.46457442, 5.45667348], [119.4683059, 5.44299283], [119.47292754, 5.4233778], [119.47665911, 5.40367337], [119.47902125, 5.38787641], [119.48038387, 5.3781441], [119.48174628, 5.36841353], [119.48310897, 5.35868125], [119.48481794, 5.34626298], [119.48691044, 5.32639388], [119.48781097, 5.31443675], [119.48854798, 5.30447113], [119.48928498, 5.29450551], [119.49002196, 5.28453989], [119.49075893, 5.27457426], [119.49149589, 5.26460864], [119.49223289, 5.25464302], [119.49296993, 5.2446774], [119.4940272, 5.22570826], [119.49431445, 5.20866969], [119.48728838, 5.19128223], [119.4788429, 5.1817207], [119.47039243, 5.17217457], [119.45479684, 5.15553096], [119.43880572, 5.14010775], [119.42490702, 5.12794292], [119.41669056, 5.1209739], [119.40871508, 5.11420917], [119.40073679, 5.10744163], [119.39276186, 5.10067638], [119.38457111, 5.09372788], [119.37633939, 5.08674493], [119.36810758, 5.07976224], [119.36005699, 5.07293349], [119.35208146, 5.06616788], [119.34410618, 5.05940196], [119.3360041, 5.05252798], [119.32777257, 5.04554444], [119.31353011, 5.03273495], [119.30585786, 5.02529182], [119.29829784, 5.01795787], [119.29082701, 5.01071093], [119.28350216, 5.00360521], [119.27617955, 4.99650092], [119.26881422, 4.98935447], [119.26125463, 4.98201962], [119.25369484, 4.97468519], [119.24615328, 4.96736912], [119.23883, 4.96026468], [119.23150715, 4.95315988], [119.22418355, 4.94605337], [119.21665244, 4.93874525], [119.20909291, 4.93141027], [119.20153311, 4.92407586], [119.19415814, 4.91692122], [119.186834, 4.90981491], [119.17951162, 4.9027092], [119.17205128, 4.89546874], [119.16449207, 4.88813309], [119.15693248, 4.88079824], [119.14948592, 4.87357406], [119.14216242, 4.86646847], [119.13483915, 4.85936159], [119.12745111, 4.85219016], [119.11989233, 4.8448536], [119.11233305, 4.83751811], [119.1048153, 4.83022506], [119.09749042, 4.82311893], [119.09016746, 4.81601242], [119.08284617, 4.8089044], [119.07466288, 4.80069766], [119.06771054, 4.79321934], [119.06075783, 4.78574163], [119.05380446, 4.77826498], [119.0461499, 4.76880575], [119.04164284, 4.75991122], [119.0371314, 4.75101887], [119.03268153, 4.7422563], [119.02830398, 4.73362835], [119.02393078, 4.72499817], [119.01893695, 4.71342179], [119.01755329, 4.70215943], [119.01633414, 4.69190113], [119.01511696, 4.68164155], [119.01390096, 4.67138191], [119.01265416, 4.66086634], [119.01140333, 4.65032931], [119.01015142, 4.63979201], [119.00890682, 4.62932193], [119.00768811, 4.61906446], [119.00647024, 4.60880572], [119.00525328, 4.59854764], [119.00621087, 4.58695024], [119.01635176, 4.55700711], [119.02002503, 4.54702128], [119.02369909, 4.53703562], [119.02737385, 4.52704993], [119.03111162, 4.51689394], [119.03489619, 4.50660917], [119.03868032, 4.49632397], [119.04243836, 4.4861084], [119.04611202, 4.47612289], [119.04978636, 4.46613704], [119.05346106, 4.45615149], [119.05722361, 4.44592751], [119.06225355, 4.43126553], [119.06573782, 4.42068623], [119.06917938, 4.41023639], [119.07259403, 4.39986883], [119.07600919, 4.38950042], [119.07942424, 4.37913289], [119.08283976, 4.36876446], [119.08629684, 4.35827016], [119.08978162, 4.34769136], [119.0932663, 4.33711246], [119.09675089, 4.32653347], [119.10023539, 4.31595439], [119.10367163, 4.3055217], [119.10708643, 4.29515458], [119.11278917, 4.27853197], [119.12105992, 4.25759599], [119.13063602, 4.23647603], [119.14151702, 4.21517332], [119.15370287, 4.19368789], [119.18283452, 4.1450702], [119.19798072, 4.12047804], [119.21452442, 4.09550447], [119.23246555, 4.07014954], [119.26346017, 4.0291836], [119.89875711, 3.09266478], [119.86229905, 3.10200231], [119.82631135, 3.11149025], [119.79079401, 3.12112862], [119.75574702, 3.13091739], [119.72117039, 3.14085659], [119.68706412, 3.1509462], [119.6534282, 3.16118622], [119.62026264, 3.17157667], [119.58756743, 3.18211752], [119.55534258, 3.19280879], [119.52358809, 3.20365048], [119.49230395, 3.21464259], [119.46149017, 3.22578511], [119.43114675, 3.23707805], [119.40127368, 3.2485214], [119.38061922, 3.25661383], [119.35141556, 3.26827125], [119.32268546, 3.28008012], [119.29442893, 3.29204042], [119.26664596, 3.30415217], [119.23933657, 3.31641537], [119.21250075, 3.32883], [119.18613849, 3.34139608], [119.16024981, 3.35411361], [119.13483469, 3.36698257], [119.10989314, 3.38000298], [119.08542516, 3.39317484], [119.06143075, 3.40649813], [119.03790991, 3.41997287], [119.01486264, 3.43359905], [118.99228893, 3.44737668], [118.9701888, 3.46130575], [118.95866748, 3.468704], [118.94836219, 3.47532229], [118.93744936, 3.48233071], [118.92685171, 3.48913694], [118.91657903, 3.49573414], [118.90580184, 3.50265503], [118.89503403, 3.50957027], [118.88476107, 3.51616745], [118.87415352, 3.5229791], [118.86324024, 3.52998738], [118.85294119, 3.53660114], [118.84250437, 3.5433029], [118.83159065, 3.55031104], [118.8211194, 3.55703521], [118.81085443, 3.56362645], [118.79994025, 3.57063444], [118.7892957, 3.57746965], [118.77902198, 3.58406635], [118.76828903, 3.59095758], [118.7574701, 3.59790444], [118.7471961, 3.60450117], [118.736637, 3.61128046], [118.72572241, 3.61828832], [118.71536831, 3.62493635], [118.70498418, 3.63160309], [118.69406911, 3.6386108], [118.67779185, 3.64915285], [118.65666863, 3.66339432], [118.63623429, 3.6778561], [118.61648883, 3.69253817], [118.59930232, 3.70593893], [118.59019533, 3.71316452], [118.5811472, 3.72034303], [118.57195238, 3.72763758], [118.5625211, 3.73511979], [118.55309008, 3.74260208], [118.54403251, 3.749788], [118.5349833, 3.75696686], [118.52573882, 3.76430031], [118.51630715, 3.77178239], [118.50692197, 3.7792279], [118.49786549, 3.78641248], [118.4888152, 3.7935917], [118.47952317, 3.80096237], [118.47009111, 3.80844433], [118.46075121, 3.81585351], [118.45169428, 3.82303797], [118.44264289, 3.83021753], [118.43330542, 3.83762376], [118.42387297, 3.8451056], [118.41457624, 3.85248014], [118.40551885, 3.85966448], [118.39646638, 3.86684437], [118.38708558, 3.87428448], [118.37765275, 3.8817662], [118.36839706, 3.88910779], [118.35933922, 3.89629201], [118.35028564, 3.90347221], [118.34086362, 3.91094453], [118.33143044, 3.91842613], [118.32221366, 3.92573647], [118.31315536, 3.93292056], [118.30407356, 3.94012256], [118.29463956, 3.9476039], [118.28520603, 3.95508539], [118.27602604, 3.96236619], [118.26696728, 3.96955014], [118.25784781, 3.9767814], [118.24841337, 3.98426259], [118.23897952, 3.99174398], [118.22983419, 3.99899697], [118.22077497, 4.00618077], [118.21161993, 4.01343955], [118.20218502, 4.02092059], [118.19275093, 4.0284019], [118.18363811, 4.03562885], [118.17185129, 4.04485171], [118.15141464, 4.05857458], [118.13622, 4.06655772], [118.12668882, 4.07121026], [118.11715897, 4.07586205], [118.10762896, 4.08051383], [118.09809031, 4.08516969], [118.08851892, 4.08984146], [118.07894748, 4.09451319], [118.06937595, 4.09918483], [118.05980439, 4.10385644], [118.05023275, 4.10852798], [118.04066105, 4.11319945], [118.03108929, 4.11787088], [118.02151743, 4.12254221], [118.0119455, 4.12721347], [118.00237349, 4.13188465], [117.99280132, 4.13655568], [117.98322902, 4.14122658], [117.97365645, 4.14589724], [117.96408343, 4.15056746], [117.95450934, 4.15523666], [117.94493075, 4.15990156], [117.93499526, 4.16357477], [117.84333324, 4.19361114], [117.75611114, 4.25694442], [117.67250001, 4.26222205], [117.65805554, 4.18166661], [117.67644306, 4.1640485], [117.66740813, 4.15856142], [117.66520812, 4.15937233], [117.66287505, 4.1603736], [117.65601468, 4.16333026], [117.64784421, 4.1654908], [117.64437066, 4.16577286], [117.64230205, 4.16328848], [117.64055404, 4.16101751], [117.63345263, 4.15239782], [117.62879341, 4.14916695], [117.62526582, 4.14758797], [117.6173003, 4.14384405], [117.60468, 4.14803291], [117.60240624, 4.15051644], [117.59987472, 4.15310255], [117.59891266, 4.1582274], [117.59802496, 4.16261256], [117.59684761, 4.16693176], [117.59581555, 4.16917813], [117.59465527, 4.17138866], [117.59312984, 4.17283058], [117.59165494, 4.17402268], [117.59048828, 4.17508422], [117.58896308, 4.17625014], [117.58758638, 4.17703152], [117.58617639, 4.17779151], [117.58437622, 4.17860878], [117.58286947, 4.179189], [117.58126849, 4.17982946], [117.5795852, 4.18037093], [117.57808706, 4.18058167], [117.57640639, 4.18074949], [117.574703, 4.1808998], [117.57291764, 4.18089925], [117.57095488, 4.18094343], [117.56950585, 4.18064934], [117.56783154, 4.18023107], [117.56579504, 4.17961619], [117.56410722, 4.17907043], [117.56265987, 4.17832962], [117.56138406, 4.17748451], [117.55976952, 4.17627591], [117.55864087, 4.1754166], [117.55709739, 4.17408533], [117.55457235, 4.17225118], [117.55342583, 4.17103057], [117.55226931, 4.17002212], [117.5506636, 4.16901021], [117.54903455, 4.1685333], [117.54736813, 4.16804146], [117.54534628, 4.16812325], [117.54328792, 4.16860949], [117.53907025, 4.18999386], [117.49867094, 4.21196604], [117.51792336, 4.20962894], [117.48256636, 4.21875], [117.53374851, 4.21875], [117.49167705, 4.23635745], [117.49074972, 4.24635816], [117.51831245, 4.25349295], [117.55084264, 4.33183074], [117.59882605, 4.31805074], [117.59026897, 4.33961213], [117.61026823, 4.35310304], [117.60336351, 4.36863756], [117.55892324, 4.35609925], [117.52507401, 4.3596127], [117.54808497, 4.35694325], [117.57891405, 4.38747334], [117.57709944, 4.39453125], [117.58134973, 4.40836895], [117.59756196, 4.39660382], [117.58958614, 4.42608535], [117.59834075, 4.40822268], [117.60509181, 4.42311335], [117.63885784, 4.42181265], [117.67822278, 4.43324184], [117.70837605, 4.37338996], [117.71398473, 4.36189461], [117.70419991, 4.42599165], [117.74676526, 4.35285425], [117.79361975, 4.34034586], [117.76008463, 4.36273575], [117.79734075, 4.36738551], [117.81335855, 4.30609322], [117.87177861, 4.26441491], [117.93745255, 4.24333692], [118.07644176, 4.25424314], [118.17536271, 4.30283856], [118.18042612, 4.33623385], [118.17806327, 4.2974478], [118.26884341, 4.3197813], [118.32262695, 4.35410321], [118.29652441, 4.39818811], [118.35838127, 4.34101331], [118.44594562, 4.34425545], [118.54515851, 4.37260985], [118.59451485, 4.39807534], [118.59527755, 4.42623031], [118.63605988, 4.4320389], [118.62334514, 4.46772635], [118.59512043, 4.48411727], [118.58395445, 4.51290464], [118.50825584, 4.49084675], [118.4888041, 4.48489821], [118.45065475, 4.53326535], [118.44609284, 4.58966577], [118.40000796, 4.57868302], [118.31994772, 4.63055122], [118.25743806, 4.67767596], [118.22743011, 4.72358191], [118.20312834, 4.75483334], [118.1662209, 4.83477485], [118.13361335, 4.86223602], [118.1514374, 4.88146436], [118.18549025, 4.91609454], [118.20428872, 4.95335674], [118.25800645, 4.97279704], [118.29418766, 4.96530914], [118.32075655, 5.01439488], [118.389449, 5.02082968], [118.45077097, 4.98585522], [118.44894075, 4.95637882], [118.47448134, 4.92403448], [118.52661073, 4.92964613], [118.58483255, 4.96261156], [118.65270305, 4.93918896], [118.68380296, 4.94304884], [118.74136865, 4.94784975], [118.8271445, 4.99162936], [118.97451961, 5.048177], [119.19051695, 5.1242367], [119.26592696, 5.2067126], [119.26629925, 5.22595847], [119.25069952, 5.25453246], [119.25691402, 5.34860885], [119.22447836, 5.40801251], [119.10317886, 5.41532123], [118.94182456, 5.42298007], [118.98749065, 5.38846731], [118.89115262, 5.38053143], [118.84737742, 5.38811994], [118.88288927, 5.41726065], [118.92794967, 5.41570032], [118.81561387, 5.50712872], [118.81908321, 5.4554671], [118.81190884, 5.40976655], [118.80394614, 5.41883612], [118.79342103, 5.45219421], [118.79759622, 5.46269858], [118.79875636, 5.48115528], [118.72477746, 5.55279005], [118.59641838, 5.62578022], [118.59544015, 5.55469418], [118.568928, 5.53873813], [118.52288115, 5.52735746], [118.52722645, 5.59538043], [118.47599125, 5.59075761], [118.52460551, 5.59758353], [118.4765625, 5.64899552], [118.43481612, 5.69983065], [118.38927746, 5.68227506], [118.36003053, 5.63886845], [118.32451451, 5.59949565], [118.30145836, 5.51841855], [118.25199747, 5.46601248], [118.20672953, 5.4959228], [118.13891816, 5.46025705], [118.11413527, 5.43691897], [118.05497921, 5.41670191], [118.01274085, 5.40361261], [118.08479905, 5.4068799], [118.10385084, 5.45036435], [118.13422191, 5.47096396], [118.21334076, 5.48784018], [118.25296485, 5.46782601], [118.28844571, 5.48971975], [118.33201575, 5.55993605], [118.34672165, 5.61721528], [118.38515186, 5.65646255], [118.38250411, 5.68833697], [118.33972168, 5.76981425], [118.30725884, 5.79729354], [118.28855658, 5.77318776], [118.30526686, 5.80078125], [118.25721145, 5.80517566], [118.25529492, 5.80615664], [118.22977495, 5.8304497], [118.14611244, 5.79359555], [118.16501343, 5.74973035], [118.12632692, 5.72780132], [118.14829886, 5.6911509], [118.13122535, 5.66193795], [118.11875927, 5.68421245], [118.10135353, 5.71175992], [118.06197715, 5.69122136], [118.03558242, 5.70827293], [117.99340224, 5.6802814], [117.96524251, 5.68053985], [117.93784285, 5.67459965], [117.93729341, 5.68657327], [117.91644251, 5.7082237], [117.93467295, 5.73501015], [117.91337621, 5.75740278], [117.90858686, 5.77611494], [117.90814531, 5.79297984], [117.95099187, 5.81517005], [117.97731471, 5.80651736], [118.00741315, 5.80338633], [118.05196786, 5.80087936], [118.1164608, 5.8367604], [118.092242, 5.87824571], [118.04305422, 5.92819297], [118.03826165, 5.96045101], [118.03460193, 6.00547385], [118.01041806, 6.05277598], [117.95557165, 6.03053033], [117.91945124, 5.96518254], [117.90491831, 5.96604311], [117.76757014, 5.91577136], [117.77839351, 5.88119495], [117.78721774, 5.87625945], [117.73725605, 5.89708054], [117.6180619, 5.89146197], [117.60430825, 5.90480244], [117.45985484, 5.86092532], [117.46188986, 5.86404514], [117.41120577, 5.90001738], [117.47420955, 5.87135005], [117.48222017, 5.92383993], [117.45863092, 5.96419907], [117.43913364, 5.98100865], [117.44065857, 5.9765625], [117.45977545, 5.964926], [117.49180257, 5.92359602], [117.51351976, 5.90220344], [117.56380355, 5.92954993], [117.58462214, 5.97537196], [117.62836731, 6.02357173], [117.57790673, 6.02438438], [117.57588124, 6.02471471], [117.63479948, 6.04635525], [117.61057365, 6.08329415], [117.55563748, 5.99344563], [117.50203204, 5.96690297], [117.50719166, 5.97806013], [117.53769326, 5.97938216], [117.6090337, 6.06723523], [117.61938882, 6.11147451], [117.59298158, 6.13763428], [117.57911897, 6.15743315], [117.57201207, 6.18370175], [117.59470785, 6.19132686], [117.56707418, 6.2070626], [117.59506667, 6.22457027], [117.61631918, 6.23723412], [117.64354455, 6.24009132], [117.65340817, 6.23709512], [117.64759874, 6.27803254], [117.6673491, 6.26771677], [117.72176707, 6.25638092], [117.68109918, 6.28261721], [117.69264305, 6.29034126], [117.72983193, 6.29925561], [117.71364534, 6.30989552], [117.72296596, 6.34007466], [117.71114945, 6.328125], [117.72070551, 6.33188474], [117.70638394, 6.34710526], [117.69870424, 6.40961814], [117.69389331, 6.39876294], [117.73247695, 6.43362606], [117.68494332, 6.41810358], [117.72600257, 6.44445801], [117.67510247, 6.45714867], [117.65647995, 6.49880672], [117.63710594, 6.47352004], [117.65397, 6.47235954], [117.61418641, 6.50816214], [117.58819187, 6.48159635], [117.59687305, 6.49400115], [117.55551636, 6.52541065], [117.53412735, 6.58463824], [117.48088443, 6.56986845], [117.47608078, 6.52150917], [117.47308183, 6.48826647], [117.46543133, 6.5085566], [117.45475364, 6.5110687], [117.46078491, 6.55930495], [117.41369724, 6.53547955], [117.40170646, 6.56854773], [117.39116752, 6.57385087], [117.37941015, 6.60478342], [117.34304011, 6.59932351], [117.32464635, 6.61083055], [117.28980291, 6.62342131], [117.27854455, 6.66814244], [117.28188467, 6.73161864], [117.24444616, 6.71268833], [117.24585843, 6.75966215], [117.23306525, 6.80507815], [117.23568416, 6.83213603], [117.24264658, 6.87494063], [117.23069, 6.94639814], [117.13312113, 7.01224732], [117.08703256, 6.99110091], [117.08534324, 6.94817996], [117.02875054, 6.93951905], [117.05097556, 6.84819341], [117.10427701, 6.81556857], [117.06648338, 6.84068143], [117.05039096, 6.81709945], [117.02409911, 6.82389104], [116.99217224, 6.75326455], [117.00745821, 6.74784052], [116.98644626, 6.72206581], [116.94222164, 6.67823184], [116.87999928, 6.62701845], [116.84174526, 6.57597315], [116.81430244, 6.56863952], [116.78327966, 6.57069051], [116.76475513, 6.57602584], [116.75031352, 6.59278345], [116.78907084, 6.66767633], [116.85592306, 6.78136981], [116.84121704, 6.84513795], [116.80586767, 6.85546875], [116.78652811, 6.883726], [116.84453225, 6.87940764], [116.84056437, 6.94681835], [116.77799702, 7.0127449], [116.72598016, 7.01163244], [116.72329617, 6.97185552], [116.69460726, 6.91361594], [116.66602874, 6.82921255], [116.63729835, 6.76282871], [116.62332857, 6.67755878], [116.57395792, 6.64546263], [116.52569938, 6.56863844], [116.50653815, 6.52714551], [116.49164188, 6.49039853], [116.36266506, 6.37999237], [116.33691084, 6.38853371], [116.32815027, 6.36774051], [116.31162834, 6.33999884], [116.30857074, 6.32275724], [116.30801785, 6.30794537], [116.27894604, 6.30273426], [116.2054435, 6.24060225], [116.28662896, 6.27137828], [116.28997994, 6.24025035], [116.24943721, 6.22718692], [116.18737066, 6.22331655], [116.14254975, 6.13964987], [116.19213724, 6.15666854], [116.20362628, 6.12969208], [116.18607974, 6.14244056], [116.16047275, 6.13490045], [116.14131475, 6.09995985], [116.13612664, 6.09916306], [116.13010621, 6.13684392], [116.10326076, 6.08666694], [116.12575126, 6.07477665], [116.10963035, 6.03194034], [116.08989012, 5.99798357], [116.06353128, 5.97847915], [116.04276156, 5.91094911], [116.05073237, 5.87201393], [116.00921536, 5.82213581], [115.95308626, 5.76979017], [115.91821527, 5.74706852], [115.88801002, 5.65240145], [115.82145154, 5.54765367], [115.62123454, 5.55538416], [115.60403061, 5.52055085], [115.62052035, 5.61054015], [115.57889998, 5.59744346], [115.44809318, 5.45420742], [115.37040007, 5.36790156], [115.37896395, 5.31917501], [115.444278, 5.3876456], [115.52278137, 5.38954103], [115.54453373, 5.42692494], [115.48223042, 5.37570667], [115.39800417, 5.32911146], [115.41261065, 5.30897427], [115.41446698, 5.2734375], [115.47055387, 5.32506347], [115.43213987, 5.2967813], [115.44219053, 5.26906025], [115.44324493, 5.24241304], [115.47946274, 5.25377774], [115.51611793, 5.1973294], [115.55279922, 5.20070088], [115.57332993, 5.20374072], [115.59008455, 5.24002397], [115.58818424, 5.19378614], [115.55478191, 5.11725104], [115.47961783, 5.01946604], [115.42077923, 4.97706461], [115.46536601, 4.94182456], [115.44017303, 4.91305435], [115.44290698, 4.91573775], [115.40355456, 4.94027472], [115.37589884, 4.90401781], [115.27292836, 4.91124773], [115.24826372, 4.91911125], [115.2235409, 4.9662019], [115.19028735, 4.96056902], [115.15635943, 4.91099155], [115.16555389, 4.87203281], [115.15768124, 4.86907775], [115.14935953, 4.87209916], [115.15341243, 4.87997287], [115.15497047, 4.88729437], [115.15929258, 4.89048444], [115.15572517, 4.89899008], [115.1563038, 4.90682188], [115.14411982, 4.91802057], [115.12248887, 4.93850798], [115.11470977, 4.95109318], [115.13294536, 4.96616667], [115.14701506, 4.98620307], [115.15223571, 5.00378805], [115.1604746, 5.02190258], [115.17132004, 5.03783929], [115.1775554, 5.05800588], [115.17918061, 5.08240512], [115.17707281, 5.1063463], [115.15810821, 5.10942914], [115.09118686, 5.15930353], [115.07711622, 5.17421599], [115.03713427, 5.2067237], [114.97375548, 5.27027389], [112.60386412, 7.75099902], [112.69218807, 7.91088986], [112.77899888, 8.05013719], [112.85557918, 8.16172811], [112.95287884, 8.29070637], [113.07037009, 8.43082672], [113.21127875, 8.58015093], [113.33836984, 8.70058753], [113.50216706, 8.84136597], [113.6961747, 8.99318311]], [[117.22972214, 7.37555552], [117.23027766, 7.375], [117.22972214, 7.37555552]], [[113.83876204, 7.3669281], [113.83909762, 7.36698103], [113.83876204, 7.3669281]], [[117.3281821, 7.36896265], [117.32891464, 7.36953521], [117.3281821, 7.36896265]], [[117.20775306, 7.35578144], [117.20429385, 7.3518784], [117.14422917, 7.33628547], [117.08711863, 7.30527568], [117.06605232, 7.24620032], [117.05713415, 7.19712615], [117.06298792, 7.15356767], [117.07677603, 7.11063063], [117.12639928, 7.15655816], [117.22577965, 7.19099462], [117.2520045, 7.2260226], [117.27787542, 7.22419941], [117.27640367, 7.26589942], [117.28972006, 7.33130944], [117.20775306, 7.35578144]], [[117.32904375, 7.33244705], [117.33010447, 7.33256531], [117.32904375, 7.33244705]], [[117.32257354, 7.32174242], [117.32233262, 7.3225795], [117.32257354, 7.32174242]], [[117.31357121, 7.31600487], [117.31506884, 7.31548643], [117.31357121, 7.31600487]], [[117.288311, 7.29924786], [117.28829181, 7.29536462], [117.288311, 7.29924786]], [[117.29452491, 7.28493392], [117.29586804, 7.28477025], [117.29452491, 7.28493392]], [[117.28382075, 7.28491652], [117.28374505, 7.28638041], [117.28296685, 7.28516126], [117.28382075, 7.28491652]], [[117.2760905, 7.28747475], [117.27578616, 7.28762448], [117.2760905, 7.28747475]], [[117.27347314, 7.28213275], [117.27340305, 7.28361094], [117.27347314, 7.28213275]], [[117.28458166, 7.27363014], [117.28731477, 7.27545381], [117.28458166, 7.27363014]], [[117.28784072, 7.27244592], [117.28822386, 7.27191854], [117.28784072, 7.27244592]], [[117.3344444, 7.27027774], [117.33472216, 7.26722205], [117.3344444, 7.27027774]], [[117.31444442, 7.26499987], [117.31194437, 7.26222205], [117.31444442, 7.26499987]], [[117.30618191, 7.26219785], [117.30586755, 7.26234245], [117.30618191, 7.26219785]], [[117.30361116, 7.26333332], [117.30361116, 7.26361096], [117.30361116, 7.26333332]], [[117.31005013, 7.2701683], [117.3093276, 7.27045262], [117.31005013, 7.2701683]], [[117.30209124, 7.23872292], [117.29779923, 7.2312119], [117.31537366, 7.22282708], [117.30209124, 7.23872292]], [[117.33790815, 7.2341305], [117.33964884, 7.23531902], [117.33790815, 7.2341305]], [[117.31855178, 7.22789848], [117.31817126, 7.22484601], [117.31855178, 7.22789848]], [[117.32124805, 7.20450747], [117.31914926, 7.19941533], [117.32185435, 7.20510507], [117.32124805, 7.20450747]], [[117.28835595, 7.23574531], [117.28677475, 7.23905396], [117.28835595, 7.23574531]], [[117.28925455, 7.23596394], [117.29048085, 7.23748398], [117.28925455, 7.23596394]], [[117.20347655, 7.18488371], [117.20144427, 7.18530083], [117.20347655, 7.18488371]], [[117.2250458, 7.18518245], [117.22517085, 7.18463743], [117.2250458, 7.18518245]], [[117.21375728, 7.17728615], [117.21574426, 7.17925751], [117.21375728, 7.17728615]], [[117.17066467, 7.17100728], [117.16617358, 7.16647792], [117.20413184, 7.17096496], [117.17066467, 7.17100728]], [[117.21336234, 7.17329037], [117.21439445, 7.17235363], [117.21336234, 7.17329037]], [[117.14624226, 7.15025854], [117.14572465, 7.15135264], [117.14306831, 7.12653434], [117.14624226, 7.15025854]], [[117.11279976, 7.13196027], [117.11369693, 7.1332103], [117.11279976, 7.13196027]], [[117.15526974, 7.16096056], [117.15706861, 7.16263855], [117.15526974, 7.16096056]], [[117.08585632, 7.10310626], [117.08605635, 7.10253096], [117.08585632, 7.10310626]], [[117.05014384, 7.10303652], [117.04946315, 7.10159314], [117.05014384, 7.10303652]], [[116.86274922, 7.19088864], [116.86069286, 7.19041574], [116.86274922, 7.19088864]], [[116.87361443, 7.19951677], [116.8756628, 7.20284176], [116.86958146, 7.21548355], [116.91688383, 7.2392416], [116.96801603, 7.26962483], [117.02383935, 7.27816164], [116.94779086, 7.30109143], [116.88108885, 7.27181125], [116.86112332, 7.19199085], [116.87361443, 7.19951677]], [[116.84573817, 7.20452201], [116.84549642, 7.20604074], [116.84573817, 7.20452201]], [[117.04796255, 7.33793712], [117.04952955, 7.3392837], [117.04796255, 7.33793712]], [[117.12555528, 7.32930195], [117.12613547, 7.32907426], [117.12555528, 7.32930195]], [[117.04599905, 7.07999468], [117.04711854, 7.07942235], [117.04599905, 7.07999468]], [[117.26990092, 7.07967627], [117.26915705, 7.07583654], [117.26990092, 7.07967627]], [[117.30022144, 7.07622325], [117.30264854, 7.07074726], [117.27240515, 7.05607104], [117.27808094, 7.03859675], [117.3188889, 7.03775585], [117.33240497, 7.05921686], [117.30022144, 7.07622325]], [[117.26294541, 7.0730195], [117.26070595, 7.07452607], [117.26294541, 7.0730195]], [[117.02769244, 7.07728004], [117.02645254, 7.07649064], [117.02769244, 7.07728004]], [[116.33999348, 6.71603227], [116.34198213, 6.71682715], [116.34018111, 6.71839726], [116.33999348, 6.71603227]], [[116.31668091, 6.70921028], [116.30970371, 6.71046245], [116.31668091, 6.70921028]], [[116.33361113, 6.39944434], [116.33194435, 6.39638877], [116.33361113, 6.39944434]], [[115.58388877, 6.20444441], [115.58888876, 6.19055545], [115.58388877, 6.20444441]], [[116.09327138, 6.08361006], [116.09472847, 6.08492982], [116.09327138, 6.08361006]], [[116.08725011, 6.07768774], [116.08790386, 6.07789874], [116.08725011, 6.07768774]], [[116.07035244, 6.07583296], [116.06966102, 6.07523513], [116.07035244, 6.07583296]], [[116.00699246, 6.03215766], [116.00510287, 6.02531576], [116.04155004, 5.99269855], [116.04696405, 6.01263917], [116.01945555, 6.03029251], [116.00699246, 6.03215766]], [[116.07977402, 5.99461555], [116.08048594, 5.99462712], [116.07977402, 5.99461555]], [[116.00942385, 6.00916088], [116.00746465, 6.01001453], [116.00942385, 6.00916088]], [[115.99439466, 5.97128916], [115.99451053, 5.97076833], [115.99439466, 5.97128916]], [[116.01369071, 5.96469355], [116.01530504, 5.96596336], [116.01369071, 5.96469355]], [[115.99155283, 5.95826864], [115.99193966, 5.95761538], [115.99155283, 5.95826864]], [[116.04054415, 5.86399555], [116.04200006, 5.86096418], [116.04054415, 5.86399555]], [[116.04664087, 5.87007427], [116.04772341, 5.87347484], [116.04664087, 5.87007427]], [[115.98845136, 5.84494627], [115.99004602, 5.84452915], [115.98845136, 5.84494627]], [[116.01182556, 5.83760238], [116.01381171, 5.83548284], [116.01182556, 5.83760238]], [[115.67294145, 5.74868727], [115.67287195, 5.75119007], [115.67294145, 5.74868727]], [[115.6312896, 5.73622262], [115.62992334, 5.73139417], [115.65676582, 5.73490083], [115.6312896, 5.73622262]], [[115.23571885, 5.38716507], [115.23371577, 5.38586402], [115.16767311, 5.2734375], [115.19615126, 5.27751982], [115.24571121, 5.25041938], [115.23437965, 5.28909135], [115.26092875, 5.30562985], [115.24092674, 5.38727665], [115.23571885, 5.38716507]], [[115.35863221, 5.38766384], [115.35974133, 5.38891506], [115.35863221, 5.38766384]], [[115.35241354, 5.28609335], [115.35353136, 5.28629637], [115.35241354, 5.28609335]], [[115.30857813, 5.2734375], [115.30595362, 5.27023733], [115.31453764, 5.28257215], [115.30857813, 5.2734375]], [[115.41708446, 5.26572645], [115.41738522, 5.26554334], [115.41708446, 5.26572645]], [[115.27347517, 5.25317824], [115.27398276, 5.25353873], [115.27347517, 5.25317824]], [[115.42237651, 5.24915195], [115.42315257, 5.24934804], [115.42237651, 5.24915195]], [[115.1909976, 5.23675227], [115.19146967, 5.23762834], [115.1909976, 5.23675227]], [[115.12099075, 5.22856724], [115.12177706, 5.22813261], [115.12099075, 5.22856724]], [[115.14595902, 5.20019865], [115.14853334, 5.20026124], [115.14595902, 5.20019865]], [[115.13864815, 5.18634903], [115.13883686, 5.18530357], [115.13864815, 5.18634903]], [[115.52263403, 5.1734699], [115.52207935, 5.17353952], [115.52263403, 5.1734699]], [[115.56795001, 5.16522801], [115.5684576, 5.16530168], [115.56795001, 5.16522801]], [[115.18629754, 4.9621309], [115.18665898, 4.96219671], [115.18629754, 4.9621309]], [[115.58455884, 5.19766152], [115.5839349, 5.20127666], [115.58455884, 5.19766152]], [[115.58590734, 5.20014405], [115.58666265, 5.20199776], [115.58590734, 5.20014405]], [[115.38205433, 5.30345345], [115.38210046, 5.30563641], [115.38205433, 5.30345345]], [[115.39232898, 5.32502615], [115.38507593, 5.32305324], [115.39232898, 5.32502615]], [[116.1647222, 6.13777781], [116.16388893, 6.13888884], [116.1647222, 6.13777781]], [[116.27180421, 6.24119556], [116.27160788, 6.24177217], [116.27180421, 6.24119556]], [[116.36514056, 6.37331116], [116.36533046, 6.37330484], [116.36514056, 6.37331116]], [[116.76011515, 6.5804193], [116.76046216, 6.58020174], [116.76011515, 6.5804193]], [[116.82549942, 6.57490766], [116.82783794, 6.57452631], [116.82549942, 6.57490766]], [[116.79858994, 6.56659734], [116.79956675, 6.56598437], [116.79858994, 6.56659734]], [[117.19469452, 6.97615433], [117.19498444, 6.97574484], [117.19469452, 6.97615433]], [[117.40654612, 6.92948246], [117.40685332, 6.92998397], [117.40654612, 6.92948246]], [[117.33297276, 6.93037474], [117.33524394, 6.92872035], [117.33297276, 6.93037474]], [[117.46747744, 6.89073026], [117.46931636, 6.88541806], [117.46747744, 6.89073026]], [[117.24795473, 6.84060025], [117.24850214, 6.84077382], [117.24795473, 6.84060025]], [[117.26682281, 6.82813251], [117.25681424, 6.82391775], [117.26682281, 6.82813251]], [[117.26818764, 6.80482972], [117.26903272, 6.80478823], [117.26818764, 6.80482972]], [[117.25734687, 6.81033301], [117.25561392, 6.80429816], [117.25734687, 6.81033301]], [[117.46415222, 6.75252283], [117.46041954, 6.75119901], [117.39127302, 6.71977901], [117.43532705, 6.69058716], [117.36025035, 6.68136954], [117.39309216, 6.6252495], [117.51028836, 6.66921937], [117.47631645, 6.74978852], [117.46415222, 6.75252283]], [[117.36130798, 6.62190807], [117.36072242, 6.62063098], [117.36130798, 6.62190807]], [[117.35861111, 6.61749995], [117.35731137, 6.61814511], [117.35861111, 6.61749995]], [[117.28161323, 6.73536086], [117.28158867, 6.73797035], [117.28161323, 6.73536086]], [[117.38582623, 6.60874116], [117.38831615, 6.60881054], [117.38582623, 6.60874116]], [[117.40067005, 6.60615242], [117.40101397, 6.60087907], [117.40067005, 6.60615242]], [[117.40174544, 6.57743573], [117.40379357, 6.57896638], [117.40174544, 6.57743573]], [[117.46896076, 6.57097113], [117.46889567, 6.56907618], [117.46896076, 6.57097113]], [[117.46432936, 6.57071507], [117.4637047, 6.57102227], [117.46432936, 6.57071507]], [[117.76722205, 6.61083317], [117.76833332, 6.61111105], [117.76722205, 6.61083317]], [[117.72102165, 6.54941404], [117.71902394, 6.55127037], [117.72102165, 6.54941404]], [[117.91770864, 6.5047456], [117.91803396, 6.50491452], [117.91770864, 6.5047456]], [[117.72441947, 6.43664444], [117.72500575, 6.43622124], [117.72441947, 6.43664444]], [[117.68864346, 6.41646814], [117.68908715, 6.41618454], [117.68864346, 6.41646814]], [[117.7272222, 6.3927778], [117.72652757, 6.39222205], [117.7272222, 6.3927778]], [[117.72829854, 6.40188754], [117.72666085, 6.40454125], [117.72829854, 6.40188754]], [[117.72206366, 6.24189222], [117.72426593, 6.23753202], [117.72206366, 6.24189222]], [[117.65748441, 6.23008513], [117.65709567, 6.23038304], [117.65742564, 6.22807825], [117.65748441, 6.23008513]], [[117.59013093, 6.17822051], [117.59523368, 6.17937887], [117.59013093, 6.17822051]], [[118.05944622, 6.17321503], [118.06034934, 6.17255425], [118.05944622, 6.17321503]], [[118.05222225, 6.1491667], [118.05250001, 6.14777768], [118.05222225, 6.1491667]], [[118.02638876, 6.12444437], [118.02750003, 6.12555552], [118.02638876, 6.12444437]], [[118.04727864, 6.12268877], [118.04798496, 6.1226505], [118.04727864, 6.12268877]], [[118.02132654, 6.12339652], [118.01897573, 6.12222755], [118.02132654, 6.12339652]], [[117.96301317, 6.06809926], [117.96331394, 6.06821477], [117.96301317, 6.06809926]], [[117.69296503, 6.03964341], [117.69269633, 6.03735364], [117.69296503, 6.03964341]], [[117.69891405, 6.03144372], [117.69809604, 6.03036392], [117.66775131, 5.95321298], [117.71639872, 5.98644376], [117.69891405, 6.03144372]], [[117.68452537, 5.95604014], [117.68124115, 5.95071936], [117.68452537, 5.95604014]], [[117.65321743, 5.94479311], [117.65748, 5.95468473], [117.64086473, 6.00314593], [117.61959887, 5.97772396], [117.56546807, 5.94569397], [117.63826084, 5.93302906], [117.65321743, 5.94479311]], [[117.63702714, 5.92262995], [117.63638878, 5.91999996], [117.63702714, 5.92262995]], [[117.65499985, 5.91777766], [117.65722215, 5.91833317], [117.65499985, 5.91777766]], [[117.57404566, 5.91668296], [117.56853223, 5.91390204], [117.57404566, 5.91668296]], [[117.48500001, 5.87750006], [117.48333335, 5.87611115], [117.48500001, 5.87750006]], [[118.01328921, 6.05986214], [118.01377034, 6.06059682], [118.01328921, 6.05986214]], [[118.10380924, 5.92358541], [118.10214603, 5.92363834], [118.10380924, 5.92358541]], [[118.13798046, 5.87727654], [118.14118695, 5.87016225], [118.13798046, 5.87727654]], [[118.16885746, 5.84900415], [118.15866935, 5.8394227], [118.2300992, 5.83382583], [118.16885746, 5.84900415]], [[118.15373611, 5.81808031], [118.15312266, 5.81519318], [118.15373611, 5.81808031]], [[118.08205545, 5.80763936], [118.08254015, 5.80786383], [118.08205545, 5.80763936]], [[117.93854988, 5.78927004], [117.91963255, 5.79747117], [118.00124061, 5.7420485], [117.98297012, 5.77812123], [117.93854988, 5.78927004]], [[117.97622263, 5.78887141], [117.97965646, 5.78983426], [117.97622263, 5.78887141]], [[118.09319425, 5.78106678], [118.09179914, 5.77855325], [118.09747601, 5.78303945], [118.09319425, 5.78106678]], [[118.08448756, 5.77368534], [118.08419192, 5.77375972], [118.08448756, 5.77368534]], [[118.01995015, 5.75592005], [118.02048874, 5.75621843], [118.01995015, 5.75592005]], [[118.13097906, 5.74208987], [118.13320816, 5.74208486], [118.13097906, 5.74208987]], [[117.91912651, 5.74494815], [117.92215121, 5.74517155], [117.91912651, 5.74494815]], [[117.92553616, 5.75639296], [117.9227339, 5.75543535], [117.92553616, 5.75639296]], [[117.91916656, 5.76833332], [117.91999996, 5.76916671], [117.91916656, 5.76833332]], [[117.93773401, 5.76256192], [117.94146895, 5.76103282], [117.93773401, 5.76256192]], [[117.91869521, 5.79120374], [117.91811216, 5.79701126], [117.91869521, 5.79120374]], [[118.09388876, 5.73888874], [118.09611106, 5.74000001], [118.09388876, 5.73888874]], [[117.95665824, 5.73470354], [117.95763135, 5.73362255], [117.95665824, 5.73470354]], [[118.10402346, 5.71993792], [118.10439336, 5.72004211], [118.10402346, 5.71993792]], [[118.10996366, 5.7228235], [118.10907221, 5.72105718], [118.10996366, 5.7228235]], [[117.94258952, 5.67482913], [117.94649887, 5.67362916], [117.94258952, 5.67482913]], [[118.1149044, 5.70281553], [118.11719215, 5.69853342], [118.1149044, 5.70281553]], [[118.13248551, 5.7039361], [118.13292277, 5.70403695], [118.13248551, 5.7039361]], [[118.34649074, 5.80585885], [118.34725142, 5.80479014], [118.36014652, 5.75493312], [118.36011815, 5.76983786], [118.3446089, 5.76272476], [118.38073218, 5.68896115], [118.42767405, 5.69801724], [118.47770917, 5.65036106], [118.55923653, 5.68845451], [118.48357654, 5.73466885], [118.40952837, 5.78362155], [118.38544774, 5.80078125], [118.34649074, 5.80585885]], [[118.54539895, 5.67349982], [118.53613865, 5.66710317], [118.57062185, 5.62837672], [118.57006872, 5.6852957], [118.54539895, 5.67349982]], [[118.55940831, 5.63668954], [118.55310583, 5.63609064], [118.52595687, 5.60421002], [118.56659174, 5.62876046], [118.55940831, 5.63668954]], [[118.34757078, 5.79392326], [118.34672976, 5.79589891], [118.34757078, 5.79392326]], [[118.80226517, 5.47252238], [118.80320323, 5.47056353], [118.80226517, 5.47252238]], [[118.80058014, 5.46304083], [118.80164111, 5.46338594], [118.80058014, 5.46304083]], [[119.11456907, 5.46167016], [119.11263192, 5.46147823], [119.15173125, 5.45681131], [119.11456907, 5.46167016]], [[118.91499984, 5.39527774], [118.91388893, 5.38944435], [118.93583333, 5.3969444], [118.91499984, 5.39527774]], [[118.26607275, 4.921875], [118.26654005, 4.92107105], [118.26607275, 4.921875]], [[118.20291162, 4.93132675], [118.20042026, 4.93013585], [118.20291162, 4.93132675]], [[118.22943628, 4.93066311], [118.22966433, 4.93090797], [118.22943628, 4.93066311]], [[118.23106563, 4.92828596], [118.23211193, 4.92590535], [118.23106563, 4.92828596]], [[118.22128355, 4.93934452], [118.21757472, 4.94088638], [118.22128355, 4.93934452]], [[118.21039951, 4.94194424], [118.20978463, 4.94165218], [118.21039951, 4.94194424]], [[118.25265574, 4.94590354], [118.25944793, 4.94310963], [118.25265574, 4.94590354]], [[118.30117655, 4.94342256], [118.29942632, 4.94694114], [118.30117655, 4.94342256]], [[118.30979466, 4.94882286], [118.30949211, 4.94902313], [118.30979466, 4.94882286]], [[118.29834092, 4.95320773], [118.29767716, 4.95048726], [118.29834092, 4.95320773]], [[118.29551983, 4.95215464], [118.29423821, 4.95180666], [118.29551983, 4.95215464]], [[118.31178784, 4.94858456], [118.31821501, 4.95087516], [118.36685002, 4.97794378], [118.34481704, 4.98176098], [118.32448816, 4.98562396], [118.31776094, 4.97251523], [118.31178784, 4.94858456]], [[118.30634213, 4.96879602], [118.30555463, 4.96708596], [118.30634213, 4.96879602]], [[118.32150078, 4.97236872], [118.32243001, 4.97322035], [118.32150078, 4.97236872]], [[118.31583333, 4.98916662], [118.31553924, 4.98971224], [118.31583333, 4.98916662]], [[118.33158064, 4.99170434], [118.32993186, 4.99254763], [118.33158064, 4.99170434]], [[118.36970341, 4.9802618], [118.36952603, 4.98151076], [118.36970341, 4.9802618]], [[118.32096004, 4.94766831], [118.32195854, 4.94770324], [118.32096004, 4.94766831]], [[118.28863931, 4.96748412], [118.28869224, 4.96928847], [118.28863931, 4.96748412]], [[118.29106975, 4.98252523], [118.29017246, 4.98163164], [118.29106975, 4.98252523]], [[118.23518324, 4.96731985], [118.23557365, 4.96561778], [118.23518324, 4.96731985]], [[118.17049885, 4.90065885], [118.17111123, 4.90077901], [118.17049885, 4.90065885]], [[118.27673936, 4.81877434], [118.28074002, 4.81769228], [118.27673936, 4.81877434]], [[118.31111276, 4.80259895], [118.30864274, 4.79978895], [118.31111276, 4.80259895]], [[118.36501026, 4.80084515], [118.36822236, 4.79892075], [118.38434672, 4.78478825], [118.37397361, 4.80211175], [118.36501026, 4.80084515]], [[118.31353152, 4.78479695], [118.31359935, 4.78573263], [118.31353152, 4.78479695]], [[118.2910043, 4.7863692], [118.29365456, 4.78820646], [118.2910043, 4.7863692]], [[118.38060606, 4.76477206], [118.38027561, 4.76350415], [118.38060606, 4.76477206]], [[118.48795581, 4.76086974], [118.48779964, 4.76148605], [118.48795581, 4.76086974]], [[118.31129372, 4.77414262], [118.3110882, 4.7757256], [118.31129372, 4.77414262]], [[118.48948681, 4.75151885], [118.49066651, 4.75143957], [118.48948681, 4.75151885]], [[118.51450205, 4.74401915], [118.51580322, 4.74362993], [118.51450205, 4.74401915]], [[118.21005201, 4.72976971], [118.21033335, 4.7305603], [118.21005201, 4.72976971]], [[118.23020124, 4.72593057], [118.2306782, 4.72704518], [118.23020124, 4.72593057]], [[118.45608842, 4.72021663], [118.45263851, 4.72147477], [118.47736907, 4.71901035], [118.45608842, 4.72021663]], [[118.4114809, 4.70911121], [118.41147387, 4.71082771], [118.41053617, 4.70039845], [118.4114809, 4.70911121]], [[118.45081794, 4.69836545], [118.44691408, 4.69869316], [118.41593587, 4.66399872], [118.32448566, 4.65278113], [118.44767785, 4.6086421], [118.51728892, 4.59626114], [118.58708584, 4.62858617], [118.53521597, 4.64584267], [118.49399376, 4.64970374], [118.46299577, 4.68847525], [118.45081794, 4.69836545]], [[118.53962612, 4.66169763], [118.54066825, 4.65960884], [118.53962612, 4.66169763]], [[118.65711951, 4.64920294], [118.65811634, 4.64921331], [118.65711951, 4.64920294]], [[118.79329455, 4.63379085], [118.79390645, 4.63514054], [118.79329455, 4.63379085]], [[118.73401105, 4.62528122], [118.72710836, 4.61846542], [118.78227794, 4.61395633], [118.73401105, 4.62528122]], [[118.7799046, 4.59202933], [118.77983844, 4.59166241], [118.7799046, 4.59202933]], [[118.86216724, 4.59380436], [118.86727273, 4.59250545], [118.86216724, 4.59380436]], [[118.94554567, 4.58799517], [118.94596565, 4.59109926], [118.94554567, 4.58799517]], [[118.51945937, 4.57945037], [118.51987815, 4.57957554], [118.51945937, 4.57945037]], [[118.91627038, 4.57677281], [118.91537344, 4.58226228], [118.91627038, 4.57677281]], [[118.94673705, 4.57771635], [118.95047486, 4.57094204], [118.94673705, 4.57771635]], [[118.58207226, 4.57771683], [118.58059275, 4.57927084], [118.52898717, 4.54560757], [118.56467164, 4.55042565], [118.58207226, 4.57771683]], [[118.59758675, 4.55527627], [118.59718215, 4.55487072], [118.59758675, 4.55527627]], [[118.65946865, 4.55821252], [118.65912271, 4.55700696], [118.65946865, 4.55821252]], [[118.92136431, 4.55249238], [118.92156148, 4.55427766], [118.92136431, 4.55249238]], [[118.84983003, 4.52460623], [118.85231745, 4.52431977], [118.84983003, 4.52460623]], [[118.50583327, 4.54722226], [118.50499988, 4.5511111], [118.50583327, 4.54722226]], [[118.47786105, 4.51931083], [118.47655475, 4.51701164], [118.47786105, 4.51931083]], [[118.51015115, 4.5703125], [118.5093888, 4.57258475], [118.51015115, 4.5703125]], [[118.69381416, 4.57436824], [118.6952219, 4.57301617], [118.69381416, 4.57436824]], [[118.72261906, 4.59909964], [118.72166395, 4.60106826], [118.72261906, 4.59909964]], [[118.56538892, 4.60191262], [118.56448686, 4.60224485], [118.56538892, 4.60191262]], [[118.6879853, 4.60143185], [118.68865931, 4.60189426], [118.6879853, 4.60143185]], [[118.50582957, 4.58993006], [118.50608897, 4.59025538], [118.50582957, 4.58993006]], [[118.33714783, 4.64369905], [118.33479965, 4.64542437], [118.33714783, 4.64369905]], [[118.34738076, 4.63908255], [118.34779274, 4.63975096], [118.34738076, 4.63908255]], [[118.37592864, 4.6697458], [118.37705505, 4.66837406], [118.37592864, 4.6697458]], [[118.49120402, 4.48638368], [118.49232125, 4.48295474], [118.49120402, 4.48638368]], [[118.59884226, 4.49697936], [118.59941304, 4.49701917], [118.59884226, 4.49697936]], [[118.62740874, 4.49564946], [118.6262958, 4.49322736], [118.62745452, 4.47694874], [118.65489435, 4.44049025], [118.66244221, 4.42431307], [118.74373305, 4.44642854], [118.73290551, 4.4607681], [118.68453252, 4.47950315], [118.63257945, 4.49969137], [118.62740874, 4.49564946]], [[118.67980886, 4.49286187], [118.68021095, 4.49325752], [118.67980886, 4.49286187]], [[118.68506742, 4.48757315], [118.68555546, 4.48888874], [118.68506742, 4.48757315]], [[118.69194436, 4.48500001], [118.69305551, 4.48500001], [118.69194436, 4.48500001]], [[118.68688261, 4.48770416], [118.68633986, 4.48813856], [118.68688261, 4.48770416]], [[118.71611094, 4.48138893], [118.71638894, 4.48138893], [118.71611094, 4.48138893]], [[118.93226588, 4.47283375], [118.93522108, 4.47144127], [118.93226588, 4.47283375]], [[118.75572085, 4.42204797], [118.75611603, 4.42160535], [118.75572085, 4.42204797]], [[118.66305554, 4.42305553], [118.66250002, 4.42222226], [118.66305554, 4.42305553]], [[118.57964075, 4.48807514], [118.58015835, 4.48917472], [118.57964075, 4.48807514]], [[118.64943612, 4.38829851], [118.64754736, 4.38289177], [118.64943612, 4.38829851]], [[118.59729421, 4.36872733], [118.59850252, 4.36706221], [118.59729421, 4.36872733]], [[118.58425963, 4.35861135], [118.58232617, 4.35577083], [118.58425963, 4.35861135]], [[118.56375384, 4.33890641], [118.56415975, 4.33778095], [118.56375384, 4.33890641]], [[118.35095477, 4.33886635], [118.34043157, 4.34316075], [118.35095477, 4.33886635]], [[118.87230813, 4.31072903], [118.87502718, 4.31079185], [118.87230813, 4.31072903]], [[118.85351145, 4.30656338], [118.85570192, 4.30231464], [118.85351145, 4.30656338]], [[118.34482527, 4.35140014], [118.34168804, 4.35672414], [118.34508598, 4.34832263], [118.34482527, 4.35140014]], [[118.6331948, 4.25298655], [118.63361096, 4.25312555], [118.6331948, 4.25298655]], [[118.62732327, 4.24678254], [118.62778902, 4.24611247], [118.62732327, 4.24678254]], [[117.64416671, 4.27527773], [117.64138877, 4.27722216], [117.54777765, 4.30916655], [117.6491667, 4.25111115], [117.64416671, 4.27527773]], [[117.56777775, 4.25166655], [117.56388891, 4.25416672], [117.54750001, 4.21722221], [117.60805547, 4.21638894], [117.56777775, 4.25166655]], [[117.63535976, 4.18492365], [117.63764596, 4.18541074], [117.63535976, 4.18492365]], [[117.60934091, 4.19004881], [117.60564637, 4.18990934], [117.54129064, 4.20609856], [117.61396754, 4.16272211], [117.60934091, 4.19004881]], [[117.62928355, 4.19265795], [117.62872314, 4.1952064], [117.62928355, 4.19265795]], [[117.60722208, 4.28222215], [117.61333334, 4.28527772], [117.60388875, 4.30805552], [117.60722208, 4.28222215]], [[117.60638893, 4.36777782], [117.6044445, 4.36749995], [117.60638893, 4.36777782]], [[117.64666665, 4.38555551], [117.6491667, 4.38833332], [117.6405555, 4.38388884], [117.64666665, 4.38555551]], [[117.62944436, 4.40111113], [117.62666655, 4.40472221], [117.62944436, 4.40111113]], [[117.63472223, 4.39888895], [117.63555551, 4.3991667], [117.63472223, 4.39888895]], [[117.66944444, 4.40444446], [117.67166662, 4.40666664], [117.65194428, 4.42972207], [117.66944444, 4.40444446]], [[118.6279757, 4.11253703], [118.6288836, 4.11196053], [118.6279757, 4.11253703]]]]}}]}